id	title	description	link	image_link	additional_image_link	availability	rich_text_description	price	sale_price	brand	condition	color	gender	material	size	item_group_id	identifier_exists	quantity_to_sell_on_facebook	product_type
b6bd1e92-0f58-428e-af25-73c8eda7945c	Mesa Escrivaninha Infinity 1 Gaveta Castro	Mesa Office Infinity 1 Gaveta 80cm Branco Line<br>A Linha infinity da Móveis Castro é produzida em estrutura MDP e com acabamento em U.V. e oferece um amplo espaço e perfeita distribuição interna, além de agregar beleza e qualidade ao seu ambiente. Pode ser usado no quarto, no escritório. Você pode escolher!<br>Suporta Até (kg) 10<br>Profundidade (cm)<br>45<br>Largura (cm)<br>80<br>Altura (cm)<br>75.5	https://moveismorante.com.br/produto/mesa-escrivaninha-infinity-1-gaveta-castro	https://pub-389127050a434f568c29dc66bdce2567.r2.dev/1785851999503-pasted_1785851999503.jpg	https://pub-389127050a434f568c29dc66bdce2567.r2.dev/1785852004495-pasted_1785852004495.jpg,https://pub-389127050a434f568c29dc66bdce2567.r2.dev/1785852009081-pasted_1785852009081.jpg,https://pub-389127050a434f568c29dc66bdce2567.r2.dev/1785852013788-pasted_1785852013788.jpg,https://pub-389127050a434f568c29dc66bdce2567.r2.dev/1785852025212-pasted_1785852025212.jpg,https://pub-389127050a434f568c29dc66bdce2567.r2.dev/1785852032052-pasted_1785852032052.jpg	in stock	Mesa Office Infinity 1 Gaveta 80cm Branco Line<br>A Linha infinity da Móveis Castro é produzida em estrutura MDP e com acabamento em U.V. e oferece um amplo espaço e perfeita distribuição interna, além de agregar beleza e qualidade ao seu ambiente. Pode ser usado no quarto, no escritório. Você pode escolher!<br>Suporta Até (kg) 10<br>Profundidade (cm)<br>45<br>Largura (cm)<br>80<br>Altura (cm)<br>75.5	249.00 BRL		Móveis Morante	new		unisex				no	10	Furniture
balcao-de-cozinha-3-portas-com-tampo-120m-napoli-freijomattareia	Balcão de Cozinha 3 Portas com Tampo 1,20m Napoli	Balcão de Cozinha 3 Portas com Tampo 1,20m Napoli Darmovel O Balcão Napoli 3 portas é produzido com materiais de ótima qualidade, seu design oferece praticidade e facilidade de organização dos utensílios, além de um excelente espaço interno. Seu acabamento em pintura Ultra Violeta (UV) traz durabilidade e estilo ao produto.<br>Dimensões: Altura: 81cm Largura: 1,20m Profundidade: 40cm	https://moveismorante.com.br/produto/balcao-de-cozinha-3-portas-com-tampo-120m-napoli?var=28b47177-c129-4c86-9fb0-0eb467d60b4c	https://pub-389127050a434f568c29dc66bdce2567.r2.dev/1785870494189-1785870494188.jpg	https://pub-389127050a434f568c29dc66bdce2567.r2.dev/1785870498792-1785870498791.jpg,https://pub-389127050a434f568c29dc66bdce2567.r2.dev/1785870503680-1785870503680.jpg,https://pub-389127050a434f568c29dc66bdce2567.r2.dev/1785870513707-1785870513707.jpg	in stock	Balcão de Cozinha 3 Portas com Tampo 1,20m Napoli Darmovel O Balcão Napoli 3 portas é produzido com materiais de ótima qualidade, seu design oferece praticidade e facilidade de organização dos utensílios, além de um excelente espaço interno. Seu acabamento em pintura Ultra Violeta (UV) traz durabilidade e estilo ao produto.<br>Dimensões: Altura: 81cm Largura: 1,20m Profundidade: 40cm	449.00 BRL		Móveis Morante	new	Freijó Matt/Areia	unisex				no	999	Furniture
balcao-de-cozinha-3-portas-com-tampo-120m-napoli-branco	Balcão de Cozinha 3 Portas com Tampo 1,20m Napoli	Balcão de Cozinha 3 Portas com Tampo 1,20m Napoli Darmovel O Balcão Napoli 3 portas é produzido com materiais de ótima qualidade, seu design oferece praticidade e facilidade de organização dos utensílios, além de um excelente espaço interno. Seu acabamento em pintura Ultra Violeta (UV) traz durabilidade e estilo ao produto.<br>Dimensões: Altura: 81cm Largura: 1,20m Profundidade: 40cm	https://moveismorante.com.br/produto/balcao-de-cozinha-3-portas-com-tampo-120m-napoli?var=be11659e-412b-427b-8a0f-572b44b18367	https://pub-389127050a434f568c29dc66bdce2567.r2.dev/1785870506614-1785870506613.jpg	https://pub-389127050a434f568c29dc66bdce2567.r2.dev/1785870510583-1785870510583.jpg,https://pub-389127050a434f568c29dc66bdce2567.r2.dev/1785870513707-1785870513707.jpg,https://pub-389127050a434f568c29dc66bdce2567.r2.dev/1785870520645-1785870520645.jpg	in stock	Balcão de Cozinha 3 Portas com Tampo 1,20m Napoli Darmovel O Balcão Napoli 3 portas é produzido com materiais de ótima qualidade, seu design oferece praticidade e facilidade de organização dos utensílios, além de um excelente espaço interno. Seu acabamento em pintura Ultra Violeta (UV) traz durabilidade e estilo ao produto.<br>Dimensões: Altura: 81cm Largura: 1,20m Profundidade: 40cm	449.00 BRL		Móveis Morante	new	Branco	unisex				no	999	Furniture
88b3cfd1-4c7e-4892-9c3f-508a7cba1573	Rack com Painel para TV de até 75 Polegadas Ouro Preto	**Fazemos serviço de fixar este painel na parede por 100 reais**<br>Rack com Painel para TV de até 75 Polegadas 2 Gavetas 1 Porta Ouro Preto Linea Brasil<br>O Conjunto Ouro Preto foi projetado para TV de até 75 polegadas, contendo painel ripado e fita de Led que deixam a sua sala ainda mais moderna. Além disso, o módulo lateral pode ser montado do lado direito ou esquerdo do móvel, à sua escolha (montagem flex).<br>Características:<br>Estrutura em MDF/MDP<br>Tampo com espessura de 37mm<br>2 gavetas<br>Corrediças telescópicas<br>1 porta de abrir com detalhes de frisos<br>4 prateleiras de 25mm<br>Luminária de led<br>Haste metálica<br>Dimensões:<br>Altura: 198 cm<br>Largura: 224 cm<br>Profundidade: 41 cm<br>Peso: 109,50 kg	https://moveismorante.com.br/produto/rack-com-painel-para-tv-de-ate-75-polegadas-ouro-preto	https://pub-389127050a434f568c29dc66bdce2567.r2.dev/1785083153016-1785083153016.jpg	https://pub-389127050a434f568c29dc66bdce2567.r2.dev/1785083143092-1785083143092.jpg,https://pub-389127050a434f568c29dc66bdce2567.r2.dev/1785083146943-1785083146943.jpg,https://pub-389127050a434f568c29dc66bdce2567.r2.dev/1785083168648-1785083168648.jpg,https://pub-389127050a434f568c29dc66bdce2567.r2.dev/1785083172761-1785083172761.jpg,https://pub-389127050a434f568c29dc66bdce2567.r2.dev/1785083181815-1785083181815.jpg,https://pub-389127050a434f568c29dc66bdce2567.r2.dev/1785083185518-1785083185518.jpg,https://pub-389127050a434f568c29dc66bdce2567.r2.dev/1785083191155-1785083191155.jpg,https://pub-389127050a434f568c29dc66bdce2567.r2.dev/1785083195162-1785083195162.jpg,https://pub-389127050a434f568c29dc66bdce2567.r2.dev/1785083200122-1785083200122.jpg	in stock	**Fazemos serviço de fixar este painel na parede por 100 reais**<br>Rack com Painel para TV de até 75 Polegadas 2 Gavetas 1 Porta Ouro Preto Linea Brasil<br>O Conjunto Ouro Preto foi projetado para TV de até 75 polegadas, contendo painel ripado e fita de Led que deixam a sua sala ainda mais moderna. Além disso, o módulo lateral pode ser montado do lado direito ou esquerdo do móvel, à sua escolha (montagem flex).<br>Características:<br>Estrutura em MDF/MDP<br>Tampo com espessura de 37mm<br>2 gavetas<br>Corrediças telescópicas<br>1 porta de abrir com detalhes de frisos<br>4 prateleiras de 25mm<br>Luminária de led<br>Haste metálica<br>Dimensões:<br>Altura: 198 cm<br>Largura: 224 cm<br>Profundidade: 41 cm<br>Peso: 109,50 kg	2599.00 BRL	2199.00 BRL	Móveis Morante	new		unisex				no	10	Furniture
69d2f7c6-9ec0-473f-ae73-36b774b3dda8	Guarda Roupa 2,67m Florence 6 Portas 3 Gavetas	O Guarda-Roupa Florence une design contemporâneo, amplo espaço interno e praticidade para deixar seu quarto mais organizado e elegante. Seu visual moderno é valorizado pelos puxadores em perfil MDF e pelas portas centrais com detalhe ripado, proporcionando um acabamento sofisticado que combina com diversos estilos de decoração.<br>Projetado para oferecer mais conforto no dia a dia, conta com 3 gavetas equipadas com corrediças telescópicas de extração total, permitindo abertura completa e acesso facilitado aos objetos. As portas possuem dobradiças com amortecimento, garantindo um fechamento suave, silencioso e maior durabilidade.<br>Seu amplo espaço interno é bem distribuído, proporcionando excelente organização para roupas, calçados, acessórios e demais pertences.<br>Características<br>- Estrutura em MDP.<br>- 6 portas.<br>- 3 gavetas com corrediças telescópicas de extração total.<br>- Dobradiças com sistema de amortecimento.<br>- Puxadores em perfil MDF.<br>- Portas centrais com detalhe ripado.<br>- Amplo espaço interno com excelente divisão.<br>- Design moderno e sofisticado.<br>Dimensões<br>- Altura: 231,8 cm<br>- Largura: 267 cm<br>- Profundidade: 51 cm<br>Peso suportado<br>- Peso máximo por gaveta: 5 kg.	https://moveismorante.com.br/produto/guarda-roupa-267m-florence-6-portas-3-gavetas	https://pub-389127050a434f568c29dc66bdce2567.r2.dev/1785083465761-1785083465761.jpg	https://pub-389127050a434f568c29dc66bdce2567.r2.dev/1785083461524-1785083461523.jpg,https://pub-389127050a434f568c29dc66bdce2567.r2.dev/1785083469488-1785083469488.jpg,https://pub-389127050a434f568c29dc66bdce2567.r2.dev/1785083474085-1785083474085.jpg,https://pub-389127050a434f568c29dc66bdce2567.r2.dev/1785083478630-1785083478629.jpg,https://pub-389127050a434f568c29dc66bdce2567.r2.dev/1785083482928-1785083482928.jpg,https://pub-389127050a434f568c29dc66bdce2567.r2.dev/1785083486977-1785083486977.jpg,https://pub-389127050a434f568c29dc66bdce2567.r2.dev/1785083490613-1785083490613.jpg,https://pub-389127050a434f568c29dc66bdce2567.r2.dev/1785083494366-1785083494366.jpg,https://pub-389127050a434f568c29dc66bdce2567.r2.dev/1785083497624-1785083497624.jpg,https://pub-389127050a434f568c29dc66bdce2567.r2.dev/1785083500698-1785083500698.jpg,https://pub-389127050a434f568c29dc66bdce2567.r2.dev/1785083504660-1785083504660.jpg	in stock	O Guarda-Roupa Florence une design contemporâneo, amplo espaço interno e praticidade para deixar seu quarto mais organizado e elegante. Seu visual moderno é valorizado pelos puxadores em perfil MDF e pelas portas centrais com detalhe ripado, proporcionando um acabamento sofisticado que combina com diversos estilos de decoração.<br>Projetado para oferecer mais conforto no dia a dia, conta com 3 gavetas equipadas com corrediças telescópicas de extração total, permitindo abertura completa e acesso facilitado aos objetos. As portas possuem dobradiças com amortecimento, garantindo um fechamento suave, silencioso e maior durabilidade.<br>Seu amplo espaço interno é bem distribuído, proporcionando excelente organização para roupas, calçados, acessórios e demais pertences.<br>Características<br>- Estrutura em MDP.<br>- 6 portas.<br>- 3 gavetas com corrediças telescópicas de extração total.<br>- Dobradiças com sistema de amortecimento.<br>- Puxadores em perfil MDF.<br>- Portas centrais com detalhe ripado.<br>- Amplo espaço interno com excelente divisão.<br>- Design moderno e sofisticado.<br>Dimensões<br>- Altura: 231,8 cm<br>- Largura: 267 cm<br>- Profundidade: 51 cm<br>Peso suportado<br>- Peso máximo por gaveta: 5 kg.	2999.00 BRL	2599.00 BRL	Móveis Morante	new		unisex				no	10	Furniture
c85fa4be-964c-46b7-ad3f-d0eba38ed4a3	Cabeceira 160 Queen ADF Paris Veludo	Cabeceira estofada ADF Paris Casal, 160, tecido veludo grafite, acompanha pá de chapas para fixação na base	https://moveismorante.com.br/produto/cabeceira-160-queen-adf-paris-veludo	https://pub-389127050a434f568c29dc66bdce2567.r2.dev/1786324360974-1786324360974.jpg	https://pub-389127050a434f568c29dc66bdce2567.r2.dev/1786324363740-1786324363740.jpg	in stock	Cabeceira estofada ADF Paris Casal, 160, tecido veludo grafite, acompanha pá de chapas para fixação na base	399.00 BRL		Móveis Morante	new		unisex				no	10	Furniture
de95603c-0a5d-44dc-9b7c-cac1e10ec9e2	Sofá Pop 2 Lugares Veludo	Sofá Pop 2 lugares, tecido veludo, densidade 20kg/m², pés de plástico.<br>Largura: 123<br>Profundidade: 72<br>Altura: 88 (48 até o acento)	https://moveismorante.com.br/produto/sofa-pop-2-lugares-veludo	https://pub-389127050a434f568c29dc66bdce2567.r2.dev/1786402668322-1786402668322.jpg	https://pub-389127050a434f568c29dc66bdce2567.r2.dev/1786402656984-1786402656983.jpg,https://pub-389127050a434f568c29dc66bdce2567.r2.dev/1786402660530-1786402660530.jpg,https://pub-389127050a434f568c29dc66bdce2567.r2.dev/1786402664766-1786402664766.jpg	in stock	Sofá Pop 2 lugares, tecido veludo, densidade 20kg/m², pés de plástico.<br>Largura: 123<br>Profundidade: 72<br>Altura: 88 (48 até o acento)	399.00 BRL		Móveis Morante	new		unisex				no	10	Furniture
fd45f9de-975e-4805-b48a-edf05ef4646c	Cadeira para Escritório / Sala de Espera Super Reforçada	‼️Móvel usado, por isso contém riscados e outras imperfeições. Preço reduzido, Aproveite!‼️<br>Cadeira para Escritório, com tecido courino, pés em tubos de aço super resistentes, espuma no acento e encosto 55kg/m3.<br>Largura: 44<br>Altura:80 (43 até o acento)<br>Profundidade: 48	https://moveismorante.com.br/produto/cadeira-para-escritorio-sala-de-espera-super-reforcada	https://pub-389127050a434f568c29dc66bdce2567.r2.dev/1786327322060-1786327322060.jpg	https://pub-389127050a434f568c29dc66bdce2567.r2.dev/1786327324905-1786327324905.jpg,https://pub-389127050a434f568c29dc66bdce2567.r2.dev/1786327327947-1786327327947.jpg,https://pub-389127050a434f568c29dc66bdce2567.r2.dev/1786327331062-1786327331061.jpg,https://pub-389127050a434f568c29dc66bdce2567.r2.dev/1786327334369-1786327334369.jpg,https://pub-389127050a434f568c29dc66bdce2567.r2.dev/1786327337627-1786327337626.jpg	in stock	‼️Móvel usado, por isso contém riscados e outras imperfeições. Preço reduzido, Aproveite!‼️<br>Cadeira para Escritório, com tecido courino, pés em tubos de aço super resistentes, espuma no acento e encosto 55kg/m3.<br>Largura: 44<br>Altura:80 (43 até o acento)<br>Profundidade: 48	199.00 BRL	120.00 BRL	Móveis Morante	new		unisex				no	10	Furniture
f29ea5ad-4c90-4ef5-9008-ea999329d4dd	Cama Infantil Montessoriana Casal Em MDF Tony Mobikasa	Cama Infantil Montessoriana Casal Em MDF Tony Mobikasa<br>A Cama Montessoriana Tony Mobikasa é a escolha perfeita para quem busca aliar funcionalidade, segurança e design no quarto infantil. Produzida em 100% MDF , ela oferece uma estrutura robusta e acabamento refinado, garantindo durabilidade e resistência para acompanhar as diferentes fases da infância. Com um estilo moderno e linhas suaves, a cama conta com laterais de proteção em tom amadeirado, proporcionando mais segurança durante o sono. A altura reduzida em relação ao chão é ideal para estimular a autonomia das crianças, permitindo que elas entrem e saiam da cama com facilidade e segurança. A Cama Tony é perfeita para criar um quarto montessoriano, onde a criança se sente livre para explorar e desenvolver sua independência de maneira segura e confortável.<br>Características:<br>Estrutura em MDF 15mm<br>Travessas para estrado em 25mm<br>Possui laterais seguras<br>Design moderno<br>Estimula autonomia das crianças<br>Suporta peso de até 80kg<br>Ideal para colchão tamanho 188x138cm (colchões não inclusos)<br>Dimensões:<br>Altura: 48 cm<br>Largura: 143 cm<br>Profundidade: 193 cm<br>Peso: 60,50 kg	https://moveismorante.com.br/produto/cama-infantil-montessoriana-casal-em-mdf-tony-mobikasa	https://pub-389127050a434f568c29dc66bdce2567.r2.dev/1785247592342-1785247592339.jpg	https://pub-389127050a434f568c29dc66bdce2567.r2.dev/1785247593952-1785247593951.jpg,https://pub-389127050a434f568c29dc66bdce2567.r2.dev/1785247595222-1785247595221.jpg,https://pub-389127050a434f568c29dc66bdce2567.r2.dev/1785247596477-1785247596476.jpg,https://pub-389127050a434f568c29dc66bdce2567.r2.dev/1785247597768-1785247597768.jpg	in stock	Cama Infantil Montessoriana Casal Em MDF Tony Mobikasa<br>A Cama Montessoriana Tony Mobikasa é a escolha perfeita para quem busca aliar funcionalidade, segurança e design no quarto infantil. Produzida em 100% MDF , ela oferece uma estrutura robusta e acabamento refinado, garantindo durabilidade e resistência para acompanhar as diferentes fases da infância. Com um estilo moderno e linhas suaves, a cama conta com laterais de proteção em tom amadeirado, proporcionando mais segurança durante o sono. A altura reduzida em relação ao chão é ideal para estimular a autonomia das crianças, permitindo que elas entrem e saiam da cama com facilidade e segurança. A Cama Tony é perfeita para criar um quarto montessoriano, onde a criança se sente livre para explorar e desenvolver sua independência de maneira segura e confortável.<br>Características:<br>Estrutura em MDF 15mm<br>Travessas para estrado em 25mm<br>Possui laterais seguras<br>Design moderno<br>Estimula autonomia das crianças<br>Suporta peso de até 80kg<br>Ideal para colchão tamanho 188x138cm (colchões não inclusos)<br>Dimensões:<br>Altura: 48 cm<br>Largura: 143 cm<br>Profundidade: 193 cm<br>Peso: 60,50 kg	1299.00 BRL	1099.00 BRL	Móveis Morante	new		unisex				no	10	Furniture
balcao-para-pia-de-120m-3-gavetas-100-mdf-florenca-angelincinza	Balcão para Pia de 1,20m 3 Gavetas 100% MDF Florença	Balcão para pia Florença, 3 gavetas, corrediças telescópicas, puxador invisível, em mdf<br>‼️pia não inclusa‼️<br>Peso: 35.650 kg<br>Largura: 120 cm<br>Altura: 87 cm<br>Profunidade: 50 cm	https://moveismorante.com.br/produto/balcao-para-pia-de-120m-3-gavetas-100-mdf-florenca?var=8c3c1475-f97e-453f-9023-0bd505c0ef14	https://pub-389127050a434f568c29dc66bdce2567.r2.dev/1786331803256-1786331803256.jpg	https://pub-389127050a434f568c29dc66bdce2567.r2.dev/1786331833960-1786331833960.jpg,https://pub-389127050a434f568c29dc66bdce2567.r2.dev/1786331836591-1786331836591.jpg	in stock	Balcão para pia Florença, 3 gavetas, corrediças telescópicas, puxador invisível, em mdf<br>‼️pia não inclusa‼️<br>Peso: 35.650 kg<br>Largura: 120 cm<br>Altura: 87 cm<br>Profunidade: 50 cm	599.00 BRL		Móveis Morante	new	Angelin/Cinza	unisex				no	999	Furniture
balcao-para-pia-de-120m-3-gavetas-100-mdf-florenca-canaryoffwhite	Balcão para Pia de 1,20m 3 Gavetas 100% MDF Florença	Balcão para pia Florença, 3 gavetas, corrediças telescópicas, puxador invisível, em mdf<br>‼️pia não inclusa‼️<br>Peso: 35.650 kg<br>Largura: 120 cm<br>Altura: 87 cm<br>Profunidade: 50 cm	https://moveismorante.com.br/produto/balcao-para-pia-de-120m-3-gavetas-100-mdf-florenca?var=60acf3d8-ceed-4492-bdce-851eade237cc	https://pub-389127050a434f568c29dc66bdce2567.r2.dev/1786332373355-1786332373355.jpg	https://pub-389127050a434f568c29dc66bdce2567.r2.dev/1786332378241-1786332378241.jpg,https://pub-389127050a434f568c29dc66bdce2567.r2.dev/1786332381974-1786332381974.jpg	in stock	Balcão para pia Florença, 3 gavetas, corrediças telescópicas, puxador invisível, em mdf<br>‼️pia não inclusa‼️<br>Peso: 35.650 kg<br>Largura: 120 cm<br>Altura: 87 cm<br>Profunidade: 50 cm	599.00 BRL		Móveis Morante	new	Canary/Off White	unisex				no	999	Furniture
65623d4c-0583-4f46-a2e2-03436c4a0d62	Cama Casal Carioca Paula Sem Colchao	Cama Casal Paula em MDP Carioca Móveis<br>A Cama Casal com 1,93 m de comprimento e 1,44 m de largura é a melhor opção para trazer conforto e elegância ao seu quarto. Produzida em MDP, com estrado de madeira reflorestada e pés de PVC garante durabilidade e resistência ao móvel. Acabamento resistente com impressão UV e verniz de alta duração. Ideal para colchões de 1380 mm.<br>Características:<br>Marca: Carioca Móveis<br>Modelo: Paula<br>Materiais: MDP e Madeira Reflorestada<br>Acabamento: Impressão UV e Verniz<br>Pés de PVC<br>Dimensões:<br>Altura: 36,6 cm<br>Largura: 144 cm<br>Profundidade: 193 cm<br>Peso: 29,55 kg	https://moveismorante.com.br/produto/cama-casal-carioca-paula-sem-colchao	https://pub-389127050a434f568c29dc66bdce2567.r2.dev/1785085062032-1785085062032.jpg	https://pub-389127050a434f568c29dc66bdce2567.r2.dev/1785085065830-1785085065829.jpg,https://pub-389127050a434f568c29dc66bdce2567.r2.dev/1785085069467-1785085069467.jpg	in stock	Cama Casal Paula em MDP Carioca Móveis<br>A Cama Casal com 1,93 m de comprimento e 1,44 m de largura é a melhor opção para trazer conforto e elegância ao seu quarto. Produzida em MDP, com estrado de madeira reflorestada e pés de PVC garante durabilidade e resistência ao móvel. Acabamento resistente com impressão UV e verniz de alta duração. Ideal para colchões de 1380 mm.<br>Características:<br>Marca: Carioca Móveis<br>Modelo: Paula<br>Materiais: MDP e Madeira Reflorestada<br>Acabamento: Impressão UV e Verniz<br>Pés de PVC<br>Dimensões:<br>Altura: 36,6 cm<br>Largura: 144 cm<br>Profundidade: 193 cm<br>Peso: 29,55 kg	399.00 BRL	299.00 BRL	Móveis Morante	new		unisex				no	10	Furniture
tampo-para-balcao-em-mdp-15mm-120m-freijo	Tampo para Balcão em MDP 15mm 1,20m	Tampo em MDP 15mm 1,20m<br>120x51,6	https://moveismorante.com.br/produto/tampo-para-balcao-em-mdp-15mm-120m?var=940d8765-db72-4b75-b107-38bd2d7cb4ee	https://pub-389127050a434f568c29dc66bdce2567.r2.dev/1786403021320-1786403021320.jpg	https://pub-389127050a434f568c29dc66bdce2567.r2.dev/1786403023721-1786403023721.jpg,https://pub-389127050a434f568c29dc66bdce2567.r2.dev/1786403027232-1786403027232.jpg	in stock	Tampo em MDP 15mm 1,20m<br>120x51,6	120.00 BRL		Móveis Morante	new	Freijó	unisex				no	999	Furniture
tampo-para-balcao-em-mdp-15mm-120m-preto	Tampo para Balcão em MDP 15mm 1,20m	Tampo em MDP 15mm 1,20m<br>120x51,6	https://moveismorante.com.br/produto/tampo-para-balcao-em-mdp-15mm-120m?var=d085d2a4-c224-49f5-9000-f843ebb34491	https://pub-389127050a434f568c29dc66bdce2567.r2.dev/1786403031025-1786403031024.jpg	https://pub-389127050a434f568c29dc66bdce2567.r2.dev/1786403036382-1786403036382.jpg,https://pub-389127050a434f568c29dc66bdce2567.r2.dev/1786403041032-1786403041032.jpg	in stock	Tampo em MDP 15mm 1,20m<br>120x51,6	120.00 BRL		Móveis Morante	new	Preto	unisex				no	999	Furniture
tampo-para-balcao-em-mdp-15mm-120m-branco	Tampo para Balcão em MDP 15mm 1,20m	Tampo em MDP 15mm 1,20m<br>120x51,6	https://moveismorante.com.br/produto/tampo-para-balcao-em-mdp-15mm-120m?var=57cc6f29-2b44-41fa-82b1-eabc5224d997	https://pub-389127050a434f568c29dc66bdce2567.r2.dev/1786403044144-1786403044144.jpg	https://pub-389127050a434f568c29dc66bdce2567.r2.dev/1786403051504-1786403051504.jpg,https://pub-389127050a434f568c29dc66bdce2567.r2.dev/1786403047772-1786403047772.jpg	in stock	Tampo em MDP 15mm 1,20m<br>120x51,6	120.00 BRL		Móveis Morante	new	Branco	unisex				no	999	Furniture
colchao-dream-d20-para-solteiro-88-gazin-preto-solteiro88x188	Colchão Dream D20 para Solteiro 88 Gazin	Colchão Gazin Dream Solteiro D20 100% Poliéster 188x88x12 cm<br>O Colchão Gazin Dream Solteiro foi desenvolvido para proporcionar conforto e praticidade no dia a dia. Com espuma de densidade D20, oferece um suporte adequado para quem busca noites de sono mais agradáveis. Seu revestimento em 100% poliéster proporciona um toque macio, além de contribuir para a durabilidade e facilidade na limpeza.<br>Com medidas de 188 x 88 x 12 cm, é ideal para camas de solteiro, sendo uma excelente opção para quartos infantis, juvenis e de hóspedes. Produzido com a qualidade Gazin, combina conforto, resistência e ótimo custo-benefício para o uso diário. A densidade D20 é recomendada para pessoas de até 60 kg.<br>Características:<br>- Marca: Gazin<br>- Modelo: Dream<br>- Tamanho: Solteiro<br>- Densidade da espuma: D20<br>- Peso recomendado: até 60 kg<br>- Revestimento: 100% Poliéster<br>- Confortável e resistente<br>- Ideal para uso diário<br>Dimensões:<br>- Altura: 12 cm<br>- Largura: 88 cm<br>- Comprimento: 188 cm	https://moveismorante.com.br/produto/colchao-dream-d20-para-solteiro-88-gazin?var=8111ec1e-0f28-42ac-80af-3537f25dfae7	https://pub-389127050a434f568c29dc66bdce2567.r2.dev/1784943101912-1784943101912.jpg	https://pub-389127050a434f568c29dc66bdce2567.r2.dev/1784943089580-1784943089580.jpg,https://pub-389127050a434f568c29dc66bdce2567.r2.dev/1784943095701-1784943095701.jpg	in stock	Colchão Gazin Dream Solteiro D20 100% Poliéster 188x88x12 cm<br>O Colchão Gazin Dream Solteiro foi desenvolvido para proporcionar conforto e praticidade no dia a dia. Com espuma de densidade D20, oferece um suporte adequado para quem busca noites de sono mais agradáveis. Seu revestimento em 100% poliéster proporciona um toque macio, além de contribuir para a durabilidade e facilidade na limpeza.<br>Com medidas de 188 x 88 x 12 cm, é ideal para camas de solteiro, sendo uma excelente opção para quartos infantis, juvenis e de hóspedes. Produzido com a qualidade Gazin, combina conforto, resistência e ótimo custo-benefício para o uso diário. A densidade D20 é recomendada para pessoas de até 60 kg.<br>Características:<br>- Marca: Gazin<br>- Modelo: Dream<br>- Tamanho: Solteiro<br>- Densidade da espuma: D20<br>- Peso recomendado: até 60 kg<br>- Revestimento: 100% Poliéster<br>- Confortável e resistente<br>- Ideal para uso diário<br>Dimensões:<br>- Altura: 12 cm<br>- Largura: 88 cm<br>- Comprimento: 188 cm	299.00 BRL		Móveis Morante	new	Preto	unisex		Solteiro 88x188		no	999	Furniture
colchao-dream-d20-para-solteiro-88-gazin-azul-solteiro88x188	Colchão Dream D20 para Solteiro 88 Gazin	Colchão Gazin Dream Solteiro D20 100% Poliéster 188x88x12 cm<br>O Colchão Gazin Dream Solteiro foi desenvolvido para proporcionar conforto e praticidade no dia a dia. Com espuma de densidade D20, oferece um suporte adequado para quem busca noites de sono mais agradáveis. Seu revestimento em 100% poliéster proporciona um toque macio, além de contribuir para a durabilidade e facilidade na limpeza.<br>Com medidas de 188 x 88 x 12 cm, é ideal para camas de solteiro, sendo uma excelente opção para quartos infantis, juvenis e de hóspedes. Produzido com a qualidade Gazin, combina conforto, resistência e ótimo custo-benefício para o uso diário. A densidade D20 é recomendada para pessoas de até 60 kg.<br>Características:<br>- Marca: Gazin<br>- Modelo: Dream<br>- Tamanho: Solteiro<br>- Densidade da espuma: D20<br>- Peso recomendado: até 60 kg<br>- Revestimento: 100% Poliéster<br>- Confortável e resistente<br>- Ideal para uso diário<br>Dimensões:<br>- Altura: 12 cm<br>- Largura: 88 cm<br>- Comprimento: 188 cm	https://moveismorante.com.br/produto/colchao-dream-d20-para-solteiro-88-gazin?var=6d7a55a7-2d87-4408-be04-d698b16c6319	https://pub-389127050a434f568c29dc66bdce2567.r2.dev/1784993856419-1784993856418.jpg	https://pub-389127050a434f568c29dc66bdce2567.r2.dev/1784993867035-1784993867035.jpg,https://pub-389127050a434f568c29dc66bdce2567.r2.dev/1784993863016-1784993863016.jpg,https://pub-389127050a434f568c29dc66bdce2567.r2.dev/1784993860015-1784993860015.jpg	in stock	Colchão Gazin Dream Solteiro D20 100% Poliéster 188x88x12 cm<br>O Colchão Gazin Dream Solteiro foi desenvolvido para proporcionar conforto e praticidade no dia a dia. Com espuma de densidade D20, oferece um suporte adequado para quem busca noites de sono mais agradáveis. Seu revestimento em 100% poliéster proporciona um toque macio, além de contribuir para a durabilidade e facilidade na limpeza.<br>Com medidas de 188 x 88 x 12 cm, é ideal para camas de solteiro, sendo uma excelente opção para quartos infantis, juvenis e de hóspedes. Produzido com a qualidade Gazin, combina conforto, resistência e ótimo custo-benefício para o uso diário. A densidade D20 é recomendada para pessoas de até 60 kg.<br>Características:<br>- Marca: Gazin<br>- Modelo: Dream<br>- Tamanho: Solteiro<br>- Densidade da espuma: D20<br>- Peso recomendado: até 60 kg<br>- Revestimento: 100% Poliéster<br>- Confortável e resistente<br>- Ideal para uso diário<br>Dimensões:<br>- Altura: 12 cm<br>- Largura: 88 cm<br>- Comprimento: 188 cm	299.00 BRL		Móveis Morante	new	Azul	unisex		Solteiro 88x188		no	999	Furniture
colchao-dream-d20-para-solteiro-88-gazin-preto-solteiro78x188	Colchão Dream D20 para Solteiro 88 Gazin	Colchão Gazin Dream Solteiro D20 100% Poliéster 188x78x12 cm<br>O Colchão Gazin Dream Solteiro foi desenvolvido para proporcionar conforto e praticidade no dia a dia. Com espuma de densidade D20, oferece um suporte adequado para quem busca noites de sono mais agradáveis. Seu revestimento em 100% poliéster proporciona um toque macio, além de contribuir para a durabilidade e facilidade na limpeza.<br>Com medidas de 188 x 78 x 12 cm, é ideal para camas de solteiro, sendo uma excelente opção para quartos infantis, juvenis e de hóspedes. Produzido com a qualidade Gazin, combina conforto, resistência e ótimo custo-benefício para o uso diário. A densidade D20 é recomendada para pessoas de até 60 kg.<br>Características:<br>- Marca: Gazin<br>- Modelo: Dream<br>- Tamanho: Solteiro<br>- Densidade da espuma: D20<br>- Peso recomendado: até 60 kg<br>- Revestimento: 100% Poliéster<br>- Confortável e resistente<br>- Ideal para uso diário<br>Dimensões:<br>- Altura: 12 cm<br>- Largura: 78 cm<br>- Comprimento: 188 cm	https://moveismorante.com.br/produto/colchao-dream-d20-para-solteiro-88-gazin?var=d8730061-35b6-4165-b31e-b9fe8ce0bf20	https://pub-389127050a434f568c29dc66bdce2567.r2.dev/1784943101912-1784943101912.jpg	https://pub-389127050a434f568c29dc66bdce2567.r2.dev/1784943089580-1784943089580.jpg,https://pub-389127050a434f568c29dc66bdce2567.r2.dev/1784943095701-1784943095701.jpg	in stock	Colchão Gazin Dream Solteiro D20 100% Poliéster 188x78x12 cm<br>O Colchão Gazin Dream Solteiro foi desenvolvido para proporcionar conforto e praticidade no dia a dia. Com espuma de densidade D20, oferece um suporte adequado para quem busca noites de sono mais agradáveis. Seu revestimento em 100% poliéster proporciona um toque macio, além de contribuir para a durabilidade e facilidade na limpeza.<br>Com medidas de 188 x 78 x 12 cm, é ideal para camas de solteiro, sendo uma excelente opção para quartos infantis, juvenis e de hóspedes. Produzido com a qualidade Gazin, combina conforto, resistência e ótimo custo-benefício para o uso diário. A densidade D20 é recomendada para pessoas de até 60 kg.<br>Características:<br>- Marca: Gazin<br>- Modelo: Dream<br>- Tamanho: Solteiro<br>- Densidade da espuma: D20<br>- Peso recomendado: até 60 kg<br>- Revestimento: 100% Poliéster<br>- Confortável e resistente<br>- Ideal para uso diário<br>Dimensões:<br>- Altura: 12 cm<br>- Largura: 78 cm<br>- Comprimento: 188 cm	249.00 BRL		Móveis Morante	new	Preto	unisex		Solteiro 78x188		no	999	Furniture
385dda82-03fe-4078-a9f9-a3394727fbc4	Cabeceira 140 Casal ADF Paris Veludo	Cabeceira estofada ADF Paris Casal, 140, tecido suede marrom escuro, acompanha pá de chapas para fixação na base	https://moveismorante.com.br/produto/cabeceira-140-casal-adf-paris-veludo	https://pub-389127050a434f568c29dc66bdce2567.r2.dev/1786324432271-1786324432271.jpg	https://pub-389127050a434f568c29dc66bdce2567.r2.dev/1786324436557-1786324436557.jpg	in stock	Cabeceira estofada ADF Paris Casal, 140, tecido suede marrom escuro, acompanha pá de chapas para fixação na base	349.00 BRL		Móveis Morante	new		unisex				no	10	Furniture
0d5ec9bf-db88-4e26-8198-7d4f2e13ef3a	Guarda Roupa Bragança 100% MDF com Espelho	O Guarda Roupa Bragança é uma união de qualidade, tamanho e beleza. Este Guarda Roupa é perfeito para seu espaço, possui excelente espaço interno com 6 gavetas com corrediças telescópicas que permite maior aproveitamento interno. Possui amplo espaço interno com muitas prateleiras, cabideiro em alumínio, roldana com regulagem e tecnologia antiempeno É o guarda ideal para você! Confira e aproveite!<br>Faz parte deste ambiente:<br>1 Guarda Roupa Casal 6 Gavetas com Espelho - Bragança - Móveis Europa<br>Obs: Objetos de decoração não inclusos.<br>Particularidades do guarda-roupa:<br>Características:<br>- 100% MDF;<br>- Gavetas com corrediças telescópicas;<br>- Seis gavetas com corrediças telescópicas;<br>- Portas espelhadas com moldura em alumínio;<br>- Cabideiros em alumínio;<br>- Roldanas com sistema de regulagem;<br>- Antiempeno;<br>- Trilho superior e inferior em alumínio;<br>- Espelhos com película de segurança ;<br>Dimensões:<br>Altura: 2,35 metros<br>Largura: 2,26 metros<br>Profundidade: 56 centímetros	https://moveismorante.com.br/produto/guarda-roupa-braganca-100-mdf-com-espelho	https://pub-389127050a434f568c29dc66bdce2567.r2.dev/1785082844713-1785082844713.jpg	https://pub-389127050a434f568c29dc66bdce2567.r2.dev/1785082848741-1785082848741.jpg,https://pub-389127050a434f568c29dc66bdce2567.r2.dev/1785082852151-1785082852151.jpg,https://pub-389127050a434f568c29dc66bdce2567.r2.dev/1785082855802-1785082855801.jpg,https://pub-389127050a434f568c29dc66bdce2567.r2.dev/1785082861259-1785082861259.jpg,https://pub-389127050a434f568c29dc66bdce2567.r2.dev/1785082866230-1785082866230.jpg,https://pub-389127050a434f568c29dc66bdce2567.r2.dev/1785082871147-1785082871147.jpg,https://pub-389127050a434f568c29dc66bdce2567.r2.dev/1785082875193-1785082875193.jpg	in stock	O Guarda Roupa Bragança é uma união de qualidade, tamanho e beleza. Este Guarda Roupa é perfeito para seu espaço, possui excelente espaço interno com 6 gavetas com corrediças telescópicas que permite maior aproveitamento interno. Possui amplo espaço interno com muitas prateleiras, cabideiro em alumínio, roldana com regulagem e tecnologia antiempeno É o guarda ideal para você! Confira e aproveite!<br>Faz parte deste ambiente:<br>1 Guarda Roupa Casal 6 Gavetas com Espelho - Bragança - Móveis Europa<br>Obs: Objetos de decoração não inclusos.<br>Particularidades do guarda-roupa:<br>Características:<br>- 100% MDF;<br>- Gavetas com corrediças telescópicas;<br>- Seis gavetas com corrediças telescópicas;<br>- Portas espelhadas com moldura em alumínio;<br>- Cabideiros em alumínio;<br>- Roldanas com sistema de regulagem;<br>- Antiempeno;<br>- Trilho superior e inferior em alumínio;<br>- Espelhos com película de segurança ;<br>Dimensões:<br>Altura: 2,35 metros<br>Largura: 2,26 metros<br>Profundidade: 56 centímetros	2999.00 BRL	2699.00 BRL	Móveis Morante	new		unisex				no	10	Furniture
a924ecca-5ed7-4304-8b63-5e3d51b9027a	Pia de Marmorite 1,60m	Pia de marmore sintetico, <br>não acompanha válvula nem balcão.	https://moveismorante.com.br/produto/pia-de-marmorite-160m	https://pub-389127050a434f568c29dc66bdce2567.r2.dev/1786404064582-1786404064582.jpg	https://pub-389127050a434f568c29dc66bdce2567.r2.dev/1786404068391-1786404068391.jpg	in stock	Pia de marmore sintetico, <br>não acompanha válvula nem balcão.	349.00 BRL		Móveis Morante	new		unisex				no	10	Furniture
300799aa-1110-4b00-bffe-1aa94a87764e	Mesa Para Escritório Escrivaninha Hall A02 Ipê Preto	Mesa Para Escritório Escrivaninha Home Office Hall A02 Ipê Preto - Lyam Decor<br>O home office ou mesa de estudos ficará muito mais otimizada, organizada. Amplo espaço para organizar as atividades e tornar tudo mais prático. Hoje essa componente de escritório ou home office é indispensável para quem realmente deseja fomentar a disciplina. Leva o design mais tradicional sobre mesas e escrivaninhas para escritório, mas sem abrir mão da qualidade.<br>Dimensões do produto (L x A x P)<br>110 x 75,5 x 48 cm<br>Peso do produto montado: 26,5 kg<br>Características:<br>Estrutura em MDP de 15mm.<br>Acabamento: FF, porta e gaveta em BP aplicação que garante maior resistência a riscos, qualidade e durabilidade ao produto.<br>Possui um nicho, uma porta e uma gaveta com trilho telescópico e fechadura frontal.<br>Capacidade de carga; 10 kg distribuídos.<br>Recomendações de limpeza e manutenção: Limpeza com pano umedecido.	https://moveismorante.com.br/produto/mesa-para-escritorio-escrivaninha-hall-a02-ipe-preto	https://pub-389127050a434f568c29dc66bdce2567.r2.dev/1786327681141-1786327681141.jpg	https://pub-389127050a434f568c29dc66bdce2567.r2.dev/1786327684498-1786327684498.jpg,https://pub-389127050a434f568c29dc66bdce2567.r2.dev/1786327689526-1786327689526.jpg,https://pub-389127050a434f568c29dc66bdce2567.r2.dev/1786327692940-1786327692940.jpg,https://pub-389127050a434f568c29dc66bdce2567.r2.dev/1786327697767-1786327697767.jpg,https://pub-389127050a434f568c29dc66bdce2567.r2.dev/1786327703823-1786327703823.jpg	in stock	Mesa Para Escritório Escrivaninha Home Office Hall A02 Ipê Preto - Lyam Decor<br>O home office ou mesa de estudos ficará muito mais otimizada, organizada. Amplo espaço para organizar as atividades e tornar tudo mais prático. Hoje essa componente de escritório ou home office é indispensável para quem realmente deseja fomentar a disciplina. Leva o design mais tradicional sobre mesas e escrivaninhas para escritório, mas sem abrir mão da qualidade.<br>Dimensões do produto (L x A x P)<br>110 x 75,5 x 48 cm<br>Peso do produto montado: 26,5 kg<br>Características:<br>Estrutura em MDP de 15mm.<br>Acabamento: FF, porta e gaveta em BP aplicação que garante maior resistência a riscos, qualidade e durabilidade ao produto.<br>Possui um nicho, uma porta e uma gaveta com trilho telescópico e fechadura frontal.<br>Capacidade de carga; 10 kg distribuídos.<br>Recomendações de limpeza e manutenção: Limpeza com pano umedecido.	549.00 BRL	449.00 BRL	Móveis Morante	new		unisex				no	10	Furniture
armario-aereo-80cm-1-porta-basculante-pistao-angelin	Armário Aéreo 80cm 1 Porta Basculante Pistão	Armário Aéreo 80cm 1 Porta Basculante Pistão, 100% MDF, acompanha ferragens para instalação na parede.<br>largura: 80cm<br>Profundidade: 32cm<br>Altura: 38	https://moveismorante.com.br/produto/armario-aereo-80cm-1-porta-basculante-pistao?var=4c13141e-2c4c-4463-a2b4-d05009aa65fa	https://pub-389127050a434f568c29dc66bdce2567.r2.dev/1786333031692-1786333031692.jpg	https://pub-389127050a434f568c29dc66bdce2567.r2.dev/1786333044872-1786333044872.jpg,https://pub-389127050a434f568c29dc66bdce2567.r2.dev/1786333042434-1786333042434.jpg	in stock	Armário Aéreo 80cm 1 Porta Basculante Pistão, 100% MDF, acompanha ferragens para instalação na parede.<br>largura: 80cm<br>Profundidade: 32cm<br>Altura: 38	199.00 BRL		Móveis Morante	new	Angelin	unisex				no	999	Furniture
armario-aereo-80cm-1-porta-basculante-pistao-canary	Armário Aéreo 80cm 1 Porta Basculante Pistão	Armário Aéreo 80cm 1 Porta Basculante Pistão, 100% MDF, acompanha ferragens para instalação na parede.<br>largura: 80cm<br>Profundidade: 32cm<br>Altura: 38	https://moveismorante.com.br/produto/armario-aereo-80cm-1-porta-basculante-pistao?var=cd57da87-7a1a-4b2a-8f64-d8c48b80e342	https://pub-389127050a434f568c29dc66bdce2567.r2.dev/1786333034213-1786333034213.jpg	https://pub-389127050a434f568c29dc66bdce2567.r2.dev/1786333037155-1786333037155.jpg,https://pub-389127050a434f568c29dc66bdce2567.r2.dev/1786333039951-1786333039950.jpg	in stock	Armário Aéreo 80cm 1 Porta Basculante Pistão, 100% MDF, acompanha ferragens para instalação na parede.<br>largura: 80cm<br>Profundidade: 32cm<br>Altura: 38	199.00 BRL		Móveis Morante	new	Canary	unisex				no	999	Furniture
a27caaad-93fe-45a9-b750-7c7cfc8b5ad8	Cabeceira 140 ADF Casal Milena Suede	Cabeceira Estofada ADF Milena Casal, 140, tecido suede marrom escuro, acompanha pá chapas de fixação na base	https://moveismorante.com.br/produto/cabeceira-140-adf-casal-milena-suede	https://pub-389127050a434f568c29dc66bdce2567.r2.dev/1786323292529-1786323292528.jpg	https://pub-389127050a434f568c29dc66bdce2567.r2.dev/1786323295632-1786323295632.jpg	in stock	Cabeceira Estofada ADF Milena Casal, 140, tecido suede marrom escuro, acompanha pá chapas de fixação na base	299.00 BRL		Móveis Morante	new		unisex				no	10	Furniture
b8afe24e-9f26-4ab5-ac57-9dfb1fc58641	Guarda Roupa Casal Ripado com Espelho Moema Demóbile	O Guarda Roupa Casal Flex Ripado com Espelho 3 Portas de Correr Moema Demobile equipado com quatro amplos cabideiros metálicos, que além de acomodar calças, camisas, blusas e casacos de inverno, ajuda manter tudo visível e organizado. E para mais praticidade, um compartimento dedicado especialmente aos sapatos mais usados no dia a dia! Para ficar ainda melhor, o Guarda-Roupa Moema tem gavetas internas para as roupas intimas ou o que você desejar manter armazenado com mais discrição. Legal, né? E não acabou! Prateleiras para deixar sempre à mão seus acessórios, roupas que podem ficar dobradas, toalhas de banho ou o que você quiser armazenar. E as roupas de cama? Tem lugar para elas e para os travesseiros no amplo maleiro. Para completar a funcionalidade e dar um toque de modernidade ao ambiente, o Guarda-Roupa Moema tem portas de correr que ajudam na livre circulação e também, amplo espelho na porta central que proporciona a sensação de ambiente mais amplo. Seu sonho sendo realizado com o Guarda-Roupa Moema.<br>Características:<br>2 Gavetas<br>3 Portas com dobradiças metálicas<br>Acabamento em impressão UV<br>Cabideiros<br>Corrediças metálicas<br>Detalhes ripados na porta<br>Estrutura em MDP com chapas de 12mm<br>Verniz fosco com acabamento touch<br>Dimensões:<br>Altura: 218 cm<br>Largura: 210 cm<br>Profundidade: 52 cm<br>Peso: 135,20 kg	https://moveismorante.com.br/produto/guarda-roupa-casal-ripado-com-espelho-moema-demobile	https://pub-389127050a434f568c29dc66bdce2567.r2.dev/1785084236761-1785084236761.jpg	https://pub-389127050a434f568c29dc66bdce2567.r2.dev/1785084240278-1785084240278.jpg,https://pub-389127050a434f568c29dc66bdce2567.r2.dev/1785084243804-1785084243804.jpg,https://pub-389127050a434f568c29dc66bdce2567.r2.dev/1785084247815-1785084247815.jpg,https://pub-389127050a434f568c29dc66bdce2567.r2.dev/1785084250623-1785084250623.jpg,https://pub-389127050a434f568c29dc66bdce2567.r2.dev/1785084259985-1785084259985.jpg,https://pub-389127050a434f568c29dc66bdce2567.r2.dev/1785084263328-1785084263328.jpg,https://pub-389127050a434f568c29dc66bdce2567.r2.dev/1785084267246-1785084267245.jpg,https://pub-389127050a434f568c29dc66bdce2567.r2.dev/1785084273016-1785084273016.jpg,https://pub-389127050a434f568c29dc66bdce2567.r2.dev/1785084278287-1785084278287.jpg,https://pub-389127050a434f568c29dc66bdce2567.r2.dev/1785084282219-1785084282219.jpg,https://pub-389127050a434f568c29dc66bdce2567.r2.dev/1785084286992-1785084286991.jpg,https://pub-389127050a434f568c29dc66bdce2567.r2.dev/1785084296401-1785084296400.jpg,https://pub-389127050a434f568c29dc66bdce2567.r2.dev/1785084301653-1785084301653.jpg,https://pub-389127050a434f568c29dc66bdce2567.r2.dev/1785084307957-1785084307957.jpg	in stock	O Guarda Roupa Casal Flex Ripado com Espelho 3 Portas de Correr Moema Demobile equipado com quatro amplos cabideiros metálicos, que além de acomodar calças, camisas, blusas e casacos de inverno, ajuda manter tudo visível e organizado. E para mais praticidade, um compartimento dedicado especialmente aos sapatos mais usados no dia a dia! Para ficar ainda melhor, o Guarda-Roupa Moema tem gavetas internas para as roupas intimas ou o que você desejar manter armazenado com mais discrição. Legal, né? E não acabou! Prateleiras para deixar sempre à mão seus acessórios, roupas que podem ficar dobradas, toalhas de banho ou o que você quiser armazenar. E as roupas de cama? Tem lugar para elas e para os travesseiros no amplo maleiro. Para completar a funcionalidade e dar um toque de modernidade ao ambiente, o Guarda-Roupa Moema tem portas de correr que ajudam na livre circulação e também, amplo espelho na porta central que proporciona a sensação de ambiente mais amplo. Seu sonho sendo realizado com o Guarda-Roupa Moema.<br>Características:<br>2 Gavetas<br>3 Portas com dobradiças metálicas<br>Acabamento em impressão UV<br>Cabideiros<br>Corrediças metálicas<br>Detalhes ripados na porta<br>Estrutura em MDP com chapas de 12mm<br>Verniz fosco com acabamento touch<br>Dimensões:<br>Altura: 218 cm<br>Largura: 210 cm<br>Profundidade: 52 cm<br>Peso: 135,20 kg	1649.00 BRL	1299.00 BRL	Móveis Morante	new		unisex				no	10	Furniture
8d96d014-063a-4968-bdc6-a71f18d9aeaa	Mesa em MDF 90cm com 4 Cadeiras de Madeira Maciça	Conjunto para Sala de Jantar com Mesa 90x90 cm e 4 Cadeiras Veneza<br>Transforme sua sala de jantar com um conjunto que une beleza, resistência e acabamento de qualidade. A mesa possui estrutura e tampo em MDF de 30 mm e 15 mm, oferecendo excelente estabilidade e um design moderno para o dia a dia.<br>As 4 cadeiras Veneza são produzidas em madeira maciça de eucalipto, preservando os poros, a textura e os detalhes naturais da madeira, características que tornam cada peça única. Além da alta durabilidade, proporcionam conforto e um visual elegante para compor diversos estilos de ambiente.<br>Características:<br>- Mesa com base e tampo em MDF de 30 mm e 15 mm.<br>- 4 cadeiras modelo Veneza em madeira maciça de eucalipto.<br>- Estrutura resistente e ideal para o uso diário.<br>- Design versátil que combina com diferentes decorações.<br>Dimensões da Mesa:<br>- Comprimento: 90 cm<br>- Largura: 90 cm<br>- Altura: 81 cm<br>Ideal para quem busca um conjunto compacto, sofisticado e durável para reunir a família e os amigos com conforto.	https://moveismorante.com.br/produto/mesa-em-mdf-90cm-com-4-cadeiras-de-madeira-macica	https://pub-389127050a434f568c29dc66bdce2567.r2.dev/1785084477645-1785084477645.jpg	https://pub-389127050a434f568c29dc66bdce2567.r2.dev/1785084468024-1785084468024.jpg,https://pub-389127050a434f568c29dc66bdce2567.r2.dev/1785084471208-1785084471208.jpg,https://pub-389127050a434f568c29dc66bdce2567.r2.dev/1785084474480-1785084474480.jpg	in stock	Conjunto para Sala de Jantar com Mesa 90x90 cm e 4 Cadeiras Veneza<br>Transforme sua sala de jantar com um conjunto que une beleza, resistência e acabamento de qualidade. A mesa possui estrutura e tampo em MDF de 30 mm e 15 mm, oferecendo excelente estabilidade e um design moderno para o dia a dia.<br>As 4 cadeiras Veneza são produzidas em madeira maciça de eucalipto, preservando os poros, a textura e os detalhes naturais da madeira, características que tornam cada peça única. Além da alta durabilidade, proporcionam conforto e um visual elegante para compor diversos estilos de ambiente.<br>Características:<br>- Mesa com base e tampo em MDF de 30 mm e 15 mm.<br>- 4 cadeiras modelo Veneza em madeira maciça de eucalipto.<br>- Estrutura resistente e ideal para o uso diário.<br>- Design versátil que combina com diferentes decorações.<br>Dimensões da Mesa:<br>- Comprimento: 90 cm<br>- Largura: 90 cm<br>- Altura: 81 cm<br>Ideal para quem busca um conjunto compacto, sofisticado e durável para reunir a família e os amigos com conforto.	799.00 BRL		Móveis Morante	new		unisex				no	10	Furniture
ebcd240d-08d7-46df-998a-b253dbebb6a1	Conjunto Mesa 1,80m Superfície de Vidro com 6 Cadeiras em Madeira Maciça	Mesa de Jantar 1,80m com Tampo de Vidro e 6 Cadeiras em Madeira Macica<br>Transforme sua sala de jantar com sofisticação e conforto. A Mesa de Jantar 1,80m combina um design moderno com a resistência da madeira maciça, proporcionando durabilidade e elegância para o seu ambiente.<br>Seu tampo é produzido em MDF com chapas de 15mm e 25mm, com superfície de vidro que oferece um acabamento refinado e facilita a limpeza do dia a dia. Sua base robusta em madeira maciça, com peças de 30mm e 25mm de espessura, garante maior estabilidade e resistência.<br>As cadeiras são fabricadas em madeira maciça, contando com assentos estofados em espuma de alta qualidade e revestimento em tecido veludo linho, proporcionando conforto e um toque de sofisticação às refeições.<br>Características:<br>Tampo em MDF com chapas de 15mm e 25mm<br>Superfície de vidro com acabamento elegante<br>Base em madeira maciça 30mm e 25mm<br>Cadeiras em madeira maciça<br>Assentos com espuma e revestimento em tecido veludo linho<br>Design moderno e sofisticado<br>Alta resistência e durabilidade<br>Dimensões da mesa:<br>📏 Comprimento: 1,80m<br>📏 Largura: 0,90m<br>📏 Altura: 77cm<br>Ideal para compor salas de jantar amplas, trazendo beleza, aconchego e momentos especiais para sua família.	https://moveismorante.com.br/produto/conjunto-mesa-180m-superficie-de-vidro-com-6-cadeiras-em-madeira-macica	https://pub-389127050a434f568c29dc66bdce2567.r2.dev/1785092429181-1785092429180.jpg	https://pub-389127050a434f568c29dc66bdce2567.r2.dev/1785092444024-1785092444024.jpg,https://pub-389127050a434f568c29dc66bdce2567.r2.dev/1785092449921-1785092449921.jpg,https://pub-389127050a434f568c29dc66bdce2567.r2.dev/1785092472423-1785092472422.jpg,https://pub-389127050a434f568c29dc66bdce2567.r2.dev/1785092489654-1785092489654.jpg,https://pub-389127050a434f568c29dc66bdce2567.r2.dev/1785092460306-1785092460306.jpg	in stock	Mesa de Jantar 1,80m com Tampo de Vidro e 6 Cadeiras em Madeira Macica<br>Transforme sua sala de jantar com sofisticação e conforto. A Mesa de Jantar 1,80m combina um design moderno com a resistência da madeira maciça, proporcionando durabilidade e elegância para o seu ambiente.<br>Seu tampo é produzido em MDF com chapas de 15mm e 25mm, com superfície de vidro que oferece um acabamento refinado e facilita a limpeza do dia a dia. Sua base robusta em madeira maciça, com peças de 30mm e 25mm de espessura, garante maior estabilidade e resistência.<br>As cadeiras são fabricadas em madeira maciça, contando com assentos estofados em espuma de alta qualidade e revestimento em tecido veludo linho, proporcionando conforto e um toque de sofisticação às refeições.<br>Características:<br>Tampo em MDF com chapas de 15mm e 25mm<br>Superfície de vidro com acabamento elegante<br>Base em madeira maciça 30mm e 25mm<br>Cadeiras em madeira maciça<br>Assentos com espuma e revestimento em tecido veludo linho<br>Design moderno e sofisticado<br>Alta resistência e durabilidade<br>Dimensões da mesa:<br>📏 Comprimento: 1,80m<br>📏 Largura: 0,90m<br>📏 Altura: 77cm<br>Ideal para compor salas de jantar amplas, trazendo beleza, aconchego e momentos especiais para sua família.	2199.00 BRL	1849.00 BRL	Móveis Morante	new		unisex				no	10	Furniture
07bcb313-6650-4bc5-9d60-6e513c08da31	Guarda Roupa Americano Henn 2,62m 6 Portas	O Guarda Roupa Casal 6 Portas 4 Gavetas Americano Henn, é espaçoso, moderno e altamente funcional, ideal para quem deseja adicionar um estilo único ao quarto. Equipado com seis portas e quatro gavetas externas com corrediças telescópicas, permite uma abertura mais ampla das gavetas. Os puxadores em tonalidade bronze acrescentam um toque estético elegante, enquanto as portas em MDF usinadas apresentam um design inovador e distinto.<br>Caracteristicas:<br>Material MDP<br>6 Portas em MDF<br>4 Gavetas<br>Corrediças telescópicas<br>Puxadores em bronze<br>Cabideiro<br>Calceiro<br>Prateleiras<br>Dimensões<br>Altura: 230,5 cm<br>Largura: 262 cm<br>Profundidade: 54 cm<br>Peso: 186 kg	https://moveismorante.com.br/produto/guarda-roupa-americano-henn-262m-6-portas	https://pub-389127050a434f568c29dc66bdce2567.r2.dev/1785092894846-1785092894846.jpg	https://pub-389127050a434f568c29dc66bdce2567.r2.dev/1785092898316-1785092898316.jpg,https://pub-389127050a434f568c29dc66bdce2567.r2.dev/1785092900923-1785092900923.jpg,https://pub-389127050a434f568c29dc66bdce2567.r2.dev/1785092904346-1785092904346.jpg,https://pub-389127050a434f568c29dc66bdce2567.r2.dev/1785092908361-1785092908360.jpg,https://pub-389127050a434f568c29dc66bdce2567.r2.dev/1785092912342-1785092912342.jpg,https://pub-389127050a434f568c29dc66bdce2567.r2.dev/1785092916200-1785092916200.jpg,https://pub-389127050a434f568c29dc66bdce2567.r2.dev/1785092919937-1785092919937.jpg,https://pub-389127050a434f568c29dc66bdce2567.r2.dev/1785092923877-1785092923877.jpg,https://pub-389127050a434f568c29dc66bdce2567.r2.dev/1785092927626-1785092927626.jpg,https://pub-389127050a434f568c29dc66bdce2567.r2.dev/1785092930737-1785092930737.jpg,https://pub-389127050a434f568c29dc66bdce2567.r2.dev/1785092934307-1785092934306.jpg,https://pub-389127050a434f568c29dc66bdce2567.r2.dev/1785092938007-1785092938007.jpg,https://pub-389127050a434f568c29dc66bdce2567.r2.dev/1785092941225-1785092941225.jpg,https://pub-389127050a434f568c29dc66bdce2567.r2.dev/1785092945105-1785092945104.jpg	in stock	O Guarda Roupa Casal 6 Portas 4 Gavetas Americano Henn, é espaçoso, moderno e altamente funcional, ideal para quem deseja adicionar um estilo único ao quarto. Equipado com seis portas e quatro gavetas externas com corrediças telescópicas, permite uma abertura mais ampla das gavetas. Os puxadores em tonalidade bronze acrescentam um toque estético elegante, enquanto as portas em MDF usinadas apresentam um design inovador e distinto.<br>Caracteristicas:<br>Material MDP<br>6 Portas em MDF<br>4 Gavetas<br>Corrediças telescópicas<br>Puxadores em bronze<br>Cabideiro<br>Calceiro<br>Prateleiras<br>Dimensões<br>Altura: 230,5 cm<br>Largura: 262 cm<br>Profundidade: 54 cm<br>Peso: 186 kg	2599.00 BRL	2299.00 BRL	Móveis Morante	new		unisex				no	10	Furniture
b85d5c3f-4b19-40fe-bb53-d2dd7ec428f7	Sofá Ibiza 2,90m 3 Lugares Retrátil e Reclinavel	Sofá Retrátil e Reclinável 2,90 metros 3 lugares, com espuma de D28, até 4 lugares.<br>Altura do acento: 43cm<br>Largura: 290cm<br>Profundidade: 113cm ( esticado 155cm )<br>Altura total:107cm	https://moveismorante.com.br/produto/sofa-ibiza-290m-3-lugares-retratil-e-reclinavel	https://pub-389127050a434f568c29dc66bdce2567.r2.dev/1785869644041-1785869644041.jpg	https://pub-389127050a434f568c29dc66bdce2567.r2.dev/1785869646929-1785869646929.jpg,https://pub-389127050a434f568c29dc66bdce2567.r2.dev/1785869649496-1785869649496.jpg,https://pub-389127050a434f568c29dc66bdce2567.r2.dev/1785869652986-1785869652986.jpg,https://pub-389127050a434f568c29dc66bdce2567.r2.dev/1785869657273-1785869657272.jpg	in stock	Sofá Retrátil e Reclinável 2,90 metros 3 lugares, com espuma de D28, até 4 lugares.<br>Altura do acento: 43cm<br>Largura: 290cm<br>Profundidade: 113cm ( esticado 155cm )<br>Altura total:107cm	3999.00 BRL	2999.00 BRL	Móveis Morante	new		unisex				no	10	Furniture
48eb76af-d842-4b91-a40c-35e41c7e6a7b	Guarda Roupa 1,60 Turim 100% MDF 4 Portas 3 Gavetas	Roupeiro Turim 100% MDF – 3 Gavetas e Maleiro Interno<br>O Roupeiro Turim é a escolha ideal para quem busca organização, resistência e um design moderno. Produzido 100% em MDF, oferece excelente durabilidade e um acabamento de alta qualidade com pintura U.V., proporcionando maior proteção e beleza ao móvel.<br>Seu espaço interno foi projetado para otimizar a organização das roupas e acessórios, contando com maleiro interno para acomodar itens maiores, cabideiro em alumínio de alta resistência e 3 gavetas equipadas com corrediças telescópicas, que garantem abertura suave e total aproveitamento do espaço. Os puxadores em MDF, na mesma cor do roupeiro, conferem um visual elegante e sofisticado.<br>Características<br>- Estrutura 100% MDF.<br>- Pintura U.V. de alta resistência.<br>- 3 gavetas com corrediças telescópicas.<br>- Maleiro interno.<br>- Cabideiro em alumínio.<br>- Puxadores em MDF na cor do roupeiro.<br>- Design moderno e funcional.<br>Dimensões<br>- Altura: 230 cm<br>- Largura: 160 cm<br>- Profundidade: 45 cm<br>O Roupeiro Turim combina amplo espaço interno, excelente acabamento e alta durabilidade, sendo uma ótima opção para manter seu quarto organizado com praticidade e estilo.	https://moveismorante.com.br/produto/guarda-roupa-160-turim-100-mdf-4-portas-3-gavetas	https://pub-389127050a434f568c29dc66bdce2567.r2.dev/1785083747410-1785083747410.jpg	https://pub-389127050a434f568c29dc66bdce2567.r2.dev/1785083751060-1785083751060.jpg,https://pub-389127050a434f568c29dc66bdce2567.r2.dev/1785083754189-1785083754189.jpg,https://pub-389127050a434f568c29dc66bdce2567.r2.dev/1785083758761-1785083758760.jpg	in stock	Roupeiro Turim 100% MDF – 3 Gavetas e Maleiro Interno<br>O Roupeiro Turim é a escolha ideal para quem busca organização, resistência e um design moderno. Produzido 100% em MDF, oferece excelente durabilidade e um acabamento de alta qualidade com pintura U.V., proporcionando maior proteção e beleza ao móvel.<br>Seu espaço interno foi projetado para otimizar a organização das roupas e acessórios, contando com maleiro interno para acomodar itens maiores, cabideiro em alumínio de alta resistência e 3 gavetas equipadas com corrediças telescópicas, que garantem abertura suave e total aproveitamento do espaço. Os puxadores em MDF, na mesma cor do roupeiro, conferem um visual elegante e sofisticado.<br>Características<br>- Estrutura 100% MDF.<br>- Pintura U.V. de alta resistência.<br>- 3 gavetas com corrediças telescópicas.<br>- Maleiro interno.<br>- Cabideiro em alumínio.<br>- Puxadores em MDF na cor do roupeiro.<br>- Design moderno e funcional.<br>Dimensões<br>- Altura: 230 cm<br>- Largura: 160 cm<br>- Profundidade: 45 cm<br>O Roupeiro Turim combina amplo espaço interno, excelente acabamento e alta durabilidade, sendo uma ótima opção para manter seu quarto organizado com praticidade e estilo.	1499.00 BRL		Móveis Morante	new		unisex				no	10	Furniture
99f71dca-b23f-44db-a8fc-d33381453f72	Pia Inox 1,60m Inoxsul com Valvula	Pia Inoxsul 1,60m com válvula, concretada na base	https://moveismorante.com.br/produto/pia-inox-160m-inoxsul-com-valvula	https://pub-389127050a434f568c29dc66bdce2567.r2.dev/1786404259659-1786404259659.jpg	https://pub-389127050a434f568c29dc66bdce2567.r2.dev/1786404263879-1786404263879.jpg	in stock	Pia Inoxsul 1,60m com válvula, concretada na base	549.00 BRL		Móveis Morante	new		unisex				no	10	Furniture
46e448fa-ed38-4c76-9986-4494f39df174	Sofá 3 Lugares 2,20m Akita Linho Rústico	Sofá 3 Lugares Akita 220cm em Linho Rústico Bege – Sallar Home<br>O Sofá Akita 220cm foi desenvolvido para quem busca aliar conforto, sofisticação e qualidade em um único móvel. Seu design contemporâneo, com elegantes detalhes em matelassê e linhas harmoniosas, valoriza a decoração da sala de estar, varanda coberta ou espaço de leitura, proporcionando um ambiente acolhedor e sofisticado.<br>Revestido em linho rústico de toque agradável, possui estrutura fabricada em madeira de reflorestamento (pinus, eucalipto e MDF), imunizada contra mofo, cupins e microrganismos, oferecendo excelente resistência e durabilidade. O assento em espuma D-26 com manta acrílica garante conforto e sustentação, enquanto o encosto fixo, preenchido com fibra siliconada e flocos, proporciona maciez e ótimo apoio para o dia a dia.<br>Os braços recebem espuma D-20 e os pés em madeira tingida completam o acabamento refinado, tornando o Akita uma excelente opção para quem procura beleza, conforto e qualidade.<br>Destaques:<br>Design moderno com detalhes em matelassê.<br>Ideal para salas de estar, varandas cobertas e ambientes de leitura.<br>Revestimento em linho rústico bege.<br>Estrutura em madeira de reflorestamento imunizada.<br>Assento com espuma D-26 e manta acrílica.<br>Encosto fixo com fibra siliconada e flocos.<br>Braços com espuma D-20.<br>Sustentação com cintas elásticas de alta resistência.<br>Pés e braços em madeira tingida.<br>Suporta até 110 kg.<br>Especificações<br>Modelo: Akita<br>Marca: Sallar Home<br>Quantidade de lugares: 3<br>Revestimento: Linho Rústico Bege<br>Estrutura: Madeira de reflorestamento (Pinus, Eucalipto e MDF)<br>Assento: Espuma D-26 com manta acrílica<br>Encosto: Fixo, com fibra siliconada e flocos<br>Braços: Espuma D-20<br>Sistema de sustentação: Cintas elásticas de alta resistência<br>Material dos pés: Madeira tingida<br>Quantidade de pés: 4<br>Dimensões:<br>Largura: 220 cm<br>Altura: 90 cm<br>Profundidade: 90 cm<br>Altura do assento ao chão: 48 cm<br>Profundidade útil do assento: 53 cm<br>Altura do braço: 69 cm<br>Altura da almofada do encosto: 48 cm<br>Altura dos pés: 12 cm	https://moveismorante.com.br/produto/sofa-3-lugares-220m-akita-linho-rustico	https://pub-389127050a434f568c29dc66bdce2567.r2.dev/1784942052774-1784942052774.jpg	https://pub-389127050a434f568c29dc66bdce2567.r2.dev/1784942055582-1784942055582.jpg,https://pub-389127050a434f568c29dc66bdce2567.r2.dev/1784942058042-1784942058042.jpg,https://pub-389127050a434f568c29dc66bdce2567.r2.dev/1784942061159-1784942061159.jpg,https://pub-389127050a434f568c29dc66bdce2567.r2.dev/1784942067072-1784942067072.jpg,https://pub-389127050a434f568c29dc66bdce2567.r2.dev/1784942070270-1784942070270.jpg	in stock	Sofá 3 Lugares Akita 220cm em Linho Rústico Bege – Sallar Home<br>O Sofá Akita 220cm foi desenvolvido para quem busca aliar conforto, sofisticação e qualidade em um único móvel. Seu design contemporâneo, com elegantes detalhes em matelassê e linhas harmoniosas, valoriza a decoração da sala de estar, varanda coberta ou espaço de leitura, proporcionando um ambiente acolhedor e sofisticado.<br>Revestido em linho rústico de toque agradável, possui estrutura fabricada em madeira de reflorestamento (pinus, eucalipto e MDF), imunizada contra mofo, cupins e microrganismos, oferecendo excelente resistência e durabilidade. O assento em espuma D-26 com manta acrílica garante conforto e sustentação, enquanto o encosto fixo, preenchido com fibra siliconada e flocos, proporciona maciez e ótimo apoio para o dia a dia.<br>Os braços recebem espuma D-20 e os pés em madeira tingida completam o acabamento refinado, tornando o Akita uma excelente opção para quem procura beleza, conforto e qualidade.<br>Destaques:<br>Design moderno com detalhes em matelassê.<br>Ideal para salas de estar, varandas cobertas e ambientes de leitura.<br>Revestimento em linho rústico bege.<br>Estrutura em madeira de reflorestamento imunizada.<br>Assento com espuma D-26 e manta acrílica.<br>Encosto fixo com fibra siliconada e flocos.<br>Braços com espuma D-20.<br>Sustentação com cintas elásticas de alta resistência.<br>Pés e braços em madeira tingida.<br>Suporta até 110 kg.<br>Especificações<br>Modelo: Akita<br>Marca: Sallar Home<br>Quantidade de lugares: 3<br>Revestimento: Linho Rústico Bege<br>Estrutura: Madeira de reflorestamento (Pinus, Eucalipto e MDF)<br>Assento: Espuma D-26 com manta acrílica<br>Encosto: Fixo, com fibra siliconada e flocos<br>Braços: Espuma D-20<br>Sistema de sustentação: Cintas elásticas de alta resistência<br>Material dos pés: Madeira tingida<br>Quantidade de pés: 4<br>Dimensões:<br>Largura: 220 cm<br>Altura: 90 cm<br>Profundidade: 90 cm<br>Altura do assento ao chão: 48 cm<br>Profundidade útil do assento: 53 cm<br>Altura do braço: 69 cm<br>Altura da almofada do encosto: 48 cm<br>Altura dos pés: 12 cm	3299.00 BRL	2199.00 BRL	Móveis Morante	new		unisex				no	10	Furniture
4ab2308b-20f9-42f6-a025-901b4b649ced	Cômoda Lara 8 Gavetas	A cômoda Lara é resistente, com estrutura em MDP e fundos em MDF de 3mm para maior durabilidade. Possui 8 gavetas espaçosas com corrediças telescópicas facilitando a abertura. Os pés acompanham o produto, proporcionando estabilidade. Tampos, portas e gavetas com acabamento em 45º, conferindo um visual moderno e elegante ao móvel.<br>Características:<br>Estrutura de MDP e fundos MDF 3mm<br>8 Gavetas<br>Corrediças telescópicas<br>Pés acompanham o produto<br>Tampos, portas e gavetas com acabamento em 45º<br>Dimensões:<br>Altura: 97 cm<br>Largura: 108 cm<br>Profundidade: 45,3 cm<br>Peso: 44,40 kg	https://moveismorante.com.br/produto/comoda-lara-8-gavetas	https://pub-389127050a434f568c29dc66bdce2567.r2.dev/1785092183185-1785092183185.jpg	https://pub-389127050a434f568c29dc66bdce2567.r2.dev/1785092186951-1785092186951.jpg,https://pub-389127050a434f568c29dc66bdce2567.r2.dev/1785092190958-1785092190958.jpg,https://pub-389127050a434f568c29dc66bdce2567.r2.dev/1785092214721-1785092214721.jpg,https://pub-389127050a434f568c29dc66bdce2567.r2.dev/1785092224534-1785092224534.jpg,https://pub-389127050a434f568c29dc66bdce2567.r2.dev/1785092228956-1785092228956.jpg,https://pub-389127050a434f568c29dc66bdce2567.r2.dev/1785092233967-1785092233967.jpg,https://pub-389127050a434f568c29dc66bdce2567.r2.dev/1785092238772-1785092238772.jpg,https://pub-389127050a434f568c29dc66bdce2567.r2.dev/1785092220890-1785092220890.jpg	in stock	A cômoda Lara é resistente, com estrutura em MDP e fundos em MDF de 3mm para maior durabilidade. Possui 8 gavetas espaçosas com corrediças telescópicas facilitando a abertura. Os pés acompanham o produto, proporcionando estabilidade. Tampos, portas e gavetas com acabamento em 45º, conferindo um visual moderno e elegante ao móvel.<br>Características:<br>Estrutura de MDP e fundos MDF 3mm<br>8 Gavetas<br>Corrediças telescópicas<br>Pés acompanham o produto<br>Tampos, portas e gavetas com acabamento em 45º<br>Dimensões:<br>Altura: 97 cm<br>Largura: 108 cm<br>Profundidade: 45,3 cm<br>Peso: 44,40 kg	699.00 BRL	599.00 BRL	Móveis Morante	new		unisex				no	10	Furniture
78900c7a-0f8e-4f35-a3ce-894737f489bf	Estante Ripado Home para TV até 65 Polegadas 2 Portas	O Estante Ripado Home para TV até 65 Polegadas 2 Portas com Pés NT 1335 Notável Móveis, eleva o nível da sua sala. Os ripados de 6mm conferem um visual moderno e sofisticado, complementados por detalhes frisados que adicionam um charme extra. Com um acabamento em ângulo que realça sua estética, este móvel é a escolha ideal para quem busca estilo e funcionalidade. Experimente a suavidade no manuseio com as portas equipadas com pistão a gás, enquanto os sólidos pés em madeira maciça garantem estabilidade e durabilidade incomparáveis.<br>Características:<br>Estrutura em MDP/MDF<br>Ripados de 6mm<br>Detalhe frisado<br>Pintura U.V<br>2 Portas com pistão a gás<br>Suporta TV de até 65 polegadas<br>Pés em madeira maciça<br>Acabamento em ângulo<br>Prateleira<br>Dimensões:<br>Altura: 183,8 cm<br>Largura: 162,6 cm<br>Profundidade: 38 cm<br>Peso: 59,42 kg	https://moveismorante.com.br/produto/estante-ripado-home-para-tv-ate-65-polegadas-2-portas	https://pub-389127050a434f568c29dc66bdce2567.r2.dev/1785085338826-1785085338826.jpg	https://pub-389127050a434f568c29dc66bdce2567.r2.dev/1785085257527-1785085257527.jpg,https://pub-389127050a434f568c29dc66bdce2567.r2.dev/1785085265083-1785085265083.jpg,https://pub-389127050a434f568c29dc66bdce2567.r2.dev/1785085268935-1785085268935.jpg,https://pub-389127050a434f568c29dc66bdce2567.r2.dev/1785085272753-1785085272753.jpg,https://pub-389127050a434f568c29dc66bdce2567.r2.dev/1785085276310-1785085276310.jpg,https://pub-389127050a434f568c29dc66bdce2567.r2.dev/1785085300234-1785085300234.jpg,https://pub-389127050a434f568c29dc66bdce2567.r2.dev/1785085306918-1785085306918.jpg,https://pub-389127050a434f568c29dc66bdce2567.r2.dev/1785085311930-1785085311930.jpg,https://pub-389127050a434f568c29dc66bdce2567.r2.dev/1785085316343-1785085316343.jpg,https://pub-389127050a434f568c29dc66bdce2567.r2.dev/1785085319728-1785085319728.jpg,https://pub-389127050a434f568c29dc66bdce2567.r2.dev/1785085322880-1785085322880.jpg	in stock	O Estante Ripado Home para TV até 65 Polegadas 2 Portas com Pés NT 1335 Notável Móveis, eleva o nível da sua sala. Os ripados de 6mm conferem um visual moderno e sofisticado, complementados por detalhes frisados que adicionam um charme extra. Com um acabamento em ângulo que realça sua estética, este móvel é a escolha ideal para quem busca estilo e funcionalidade. Experimente a suavidade no manuseio com as portas equipadas com pistão a gás, enquanto os sólidos pés em madeira maciça garantem estabilidade e durabilidade incomparáveis.<br>Características:<br>Estrutura em MDP/MDF<br>Ripados de 6mm<br>Detalhe frisado<br>Pintura U.V<br>2 Portas com pistão a gás<br>Suporta TV de até 65 polegadas<br>Pés em madeira maciça<br>Acabamento em ângulo<br>Prateleira<br>Dimensões:<br>Altura: 183,8 cm<br>Largura: 162,6 cm<br>Profundidade: 38 cm<br>Peso: 59,42 kg	749.00 BRL	599.00 BRL	Móveis Morante	new		unisex				no	10	Furniture
a026ee98-6710-4a22-b1e0-59e32a1acd9d	Conjunto de Mesa com Vidro 1,80 m 6 Cadeiras Valdemoveis	Mesa de Jantar 1,80m com Vidro e 6 Cadeiras em Veludo<br>Leve sofisticação e conforto para sua sala de jantar com esta elegante mesa de 1,80m acompanhada de 6 cadeiras estofadas. Seu tampo em MDF com superfície de vidro proporciona um acabamento moderno e refinado, enquanto a base em MDF garante resistência e estabilidade. As cadeiras possuem estrutura em MDF e são revestidas em tecido veludo no assento e encosto, oferecendo conforto e um toque de elegância para o ambiente.<br>Características:<br>- Mesa de jantar com tampo em MDF de 20/30 mm e superfície de vidro.<br>- Base em MDF de 25 mm, resistente e durável.<br>- 6 cadeiras em MDF.<br>- Assento e encosto estofados e revestidos em tecido veludo.<br>Dimensões da Mesa:<br>- Comprimento: 1,80 m<br>- Largura: 0,90 m<br>- Altura: 0,82 m<br>Ideal para reunir a família e os amigos com conforto, estilo e praticidade, valorizando qualquer ambiente	https://moveismorante.com.br/produto/conjunto-de-mesa-com-vidro-180-m-6-cadeiras-valdemoveis	https://pub-389127050a434f568c29dc66bdce2567.r2.dev/1785084731039-1785084731039.jpg	https://pub-389127050a434f568c29dc66bdce2567.r2.dev/1785084736330-1785084736329.jpg,https://pub-389127050a434f568c29dc66bdce2567.r2.dev/1785084740167-1785084740167.jpg,https://pub-389127050a434f568c29dc66bdce2567.r2.dev/1785084747311-1785084747311.jpg,https://pub-389127050a434f568c29dc66bdce2567.r2.dev/1785084776640-1785084776640.jpg,https://pub-389127050a434f568c29dc66bdce2567.r2.dev/1785084782370-1785084782370.jpg,https://pub-389127050a434f568c29dc66bdce2567.r2.dev/1785084787513-1785084787513.jpg,https://pub-389127050a434f568c29dc66bdce2567.r2.dev/1785084793991-1785084793991.jpg,https://pub-389127050a434f568c29dc66bdce2567.r2.dev/1785084797811-1785084797810.jpg,https://pub-389127050a434f568c29dc66bdce2567.r2.dev/1785084801194-1785084801193.jpg	in stock	Mesa de Jantar 1,80m com Vidro e 6 Cadeiras em Veludo<br>Leve sofisticação e conforto para sua sala de jantar com esta elegante mesa de 1,80m acompanhada de 6 cadeiras estofadas. Seu tampo em MDF com superfície de vidro proporciona um acabamento moderno e refinado, enquanto a base em MDF garante resistência e estabilidade. As cadeiras possuem estrutura em MDF e são revestidas em tecido veludo no assento e encosto, oferecendo conforto e um toque de elegância para o ambiente.<br>Características:<br>- Mesa de jantar com tampo em MDF de 20/30 mm e superfície de vidro.<br>- Base em MDF de 25 mm, resistente e durável.<br>- 6 cadeiras em MDF.<br>- Assento e encosto estofados e revestidos em tecido veludo.<br>Dimensões da Mesa:<br>- Comprimento: 1,80 m<br>- Largura: 0,90 m<br>- Altura: 0,82 m<br>Ideal para reunir a família e os amigos com conforto, estilo e praticidade, valorizando qualquer ambiente	2499.00 BRL	1999.00 BRL	Móveis Morante	new		unisex				no	10	Furniture
acf6fb2e-c404-4a05-acd1-885ab79a830b	Rack Bancada 1.36 Graci para Tv até 50 Pol com Rodízios	Rack bancada para Sala Graci Cinamomo Off White HB Móveis<br>O rack bancada da linha Graci é uma peça elegante e funcional, perfeita para complementar sua sala de estar com estilo e praticidade. Com um design moderno e sofisticado, este rack é ideal para acomodar TVs de até 50 polegadas, produzido pela HB Móveis com matéria prima de qualidade superior visando uma maior durabilidade do móvel. Confia as características técnicas e aproveite!<br>Características técnicas:<br>Produzido em MDP/ MDF de 15/25mm<br>- Pintura na cor Cinamomo Off White<br>- Acabamento em UV fosco brilho<br>- Porta de correr<br>- Detalhe ripado<br>- Trilho em alumínio<br>- Indicado para TVs de até 50 polegadas<br>- Rodízios de 50mm<br>- Lindo design<br>Dimensões:<br>Altura: 64 cm<br>Largura: 136 cm<br>Profundidade: 40 cm	https://moveismorante.com.br/produto/rack-bancada-136-graci-para-tv-ate-50-pol-com-rodizios	https://pub-389127050a434f568c29dc66bdce2567.r2.dev/1785086547533-1785086547532.jpg	https://pub-389127050a434f568c29dc66bdce2567.r2.dev/1785086551450-1785086551450.jpg,https://pub-389127050a434f568c29dc66bdce2567.r2.dev/1785086554576-1785086554576.jpg,https://pub-389127050a434f568c29dc66bdce2567.r2.dev/1785086558469-1785086558469.jpg,https://pub-389127050a434f568c29dc66bdce2567.r2.dev/1785086562222-1785086562222.jpg,https://pub-389127050a434f568c29dc66bdce2567.r2.dev/1785086566389-1785086566388.jpg,https://pub-389127050a434f568c29dc66bdce2567.r2.dev/1785086569874-1785086569874.jpg,https://pub-389127050a434f568c29dc66bdce2567.r2.dev/1785086573959-1785086573959.jpg,https://pub-389127050a434f568c29dc66bdce2567.r2.dev/1785086577986-1785086577986.jpg,https://pub-389127050a434f568c29dc66bdce2567.r2.dev/1785086589587-1785086589587.jpg	in stock	Rack bancada para Sala Graci Cinamomo Off White HB Móveis<br>O rack bancada da linha Graci é uma peça elegante e funcional, perfeita para complementar sua sala de estar com estilo e praticidade. Com um design moderno e sofisticado, este rack é ideal para acomodar TVs de até 50 polegadas, produzido pela HB Móveis com matéria prima de qualidade superior visando uma maior durabilidade do móvel. Confia as características técnicas e aproveite!<br>Características técnicas:<br>Produzido em MDP/ MDF de 15/25mm<br>- Pintura na cor Cinamomo Off White<br>- Acabamento em UV fosco brilho<br>- Porta de correr<br>- Detalhe ripado<br>- Trilho em alumínio<br>- Indicado para TVs de até 50 polegadas<br>- Rodízios de 50mm<br>- Lindo design<br>Dimensões:<br>Altura: 64 cm<br>Largura: 136 cm<br>Profundidade: 40 cm	549.00 BRL	449.00 BRL	Móveis Morante	new		unisex				no	10	Furniture
a889a36b-8aa5-4b28-9063-462d8c10dd63	Guarda Roupa Casal 2,75m Ripado com Espelho Em MDF Vitoria	Guarda Roupa Casal Ripado com Espelho 3 Portas de Correr 100% MDF Vitoria Móveis Europa combina qualidade, dimensões generosas e um design atraente, tornando-se uma escolha ideal para o seu ambiente. Este roupeiro oferece amplo espaço interno, com seis gavetas equipadas com corrediças telescópicas que otimizam a capacidade de armazenamento, além de duas gavetas com chaves para guardar seus objetos com segurança. Inclui também um compartimento para malas e roupas de cama, prateleiras fixas e removíveis para acomodar roupas longas, e um espaço dedicado para calçados. Para garantir maior durabilidade, possui costas grossas fixadas por parafusos e trilhos em alumínio tanto na parte superior quanto na inferior. A porta central apresenta um design ripado, enquanto as portas laterais são adornadas com espelhos e puxadores em perfil de alumínio. O sistema de roldanas com molas garante que as portas permaneçam sempre nos trilhos.<br>Características:<br>Estrutura 100% MDF<br>Divisão ELE e ELA<br>2 Gavetas internas com chave<br>Gaveta com corrediças telescópicas<br>Roldanas com regulagens<br>Trilho superior e inferior em alumínio<br>Modulado para roupas longas<br>Prateleiras removíveis<br>Cabideiro e calceiros espaçosos em alumínio Costas parafusadas<br>Espelho na porta<br>Dimensões:<br>Altura: 235 cm<br>Largura:  275 cm<br>Profundidade: 63,5 cm<br>Peso: 255,00 kg	https://moveismorante.com.br/produto/guarda-roupa-casal-275m-ripado-com-espelho-em-mdf-vitoria	https://pub-389127050a434f568c29dc66bdce2567.r2.dev/1784941303068-1784941303068.jpg	https://pub-389127050a434f568c29dc66bdce2567.r2.dev/1784940895777-1784940895776.jpg,https://pub-389127050a434f568c29dc66bdce2567.r2.dev/1784941311473-1784941311473.jpg,https://pub-389127050a434f568c29dc66bdce2567.r2.dev/1784941357738-1784941357738.jpg,https://pub-389127050a434f568c29dc66bdce2567.r2.dev/1784941360974-1784941360974.jpg,https://pub-389127050a434f568c29dc66bdce2567.r2.dev/1784941363576-1784941363576.jpg,https://pub-389127050a434f568c29dc66bdce2567.r2.dev/1784941366453-1784941366453.jpg,https://pub-389127050a434f568c29dc66bdce2567.r2.dev/1784941369423-1784941369422.jpg,https://pub-389127050a434f568c29dc66bdce2567.r2.dev/1784941372644-1784941372644.jpg,https://pub-389127050a434f568c29dc66bdce2567.r2.dev/1784941376372-1784941376372.jpg,https://pub-389127050a434f568c29dc66bdce2567.r2.dev/1784941380002-1784941380002.jpg,https://pub-389127050a434f568c29dc66bdce2567.r2.dev/1784941385256-1784941385256.jpg	in stock	Guarda Roupa Casal Ripado com Espelho 3 Portas de Correr 100% MDF Vitoria Móveis Europa combina qualidade, dimensões generosas e um design atraente, tornando-se uma escolha ideal para o seu ambiente. Este roupeiro oferece amplo espaço interno, com seis gavetas equipadas com corrediças telescópicas que otimizam a capacidade de armazenamento, além de duas gavetas com chaves para guardar seus objetos com segurança. Inclui também um compartimento para malas e roupas de cama, prateleiras fixas e removíveis para acomodar roupas longas, e um espaço dedicado para calçados. Para garantir maior durabilidade, possui costas grossas fixadas por parafusos e trilhos em alumínio tanto na parte superior quanto na inferior. A porta central apresenta um design ripado, enquanto as portas laterais são adornadas com espelhos e puxadores em perfil de alumínio. O sistema de roldanas com molas garante que as portas permaneçam sempre nos trilhos.<br>Características:<br>Estrutura 100% MDF<br>Divisão ELE e ELA<br>2 Gavetas internas com chave<br>Gaveta com corrediças telescópicas<br>Roldanas com regulagens<br>Trilho superior e inferior em alumínio<br>Modulado para roupas longas<br>Prateleiras removíveis<br>Cabideiro e calceiros espaçosos em alumínio Costas parafusadas<br>Espelho na porta<br>Dimensões:<br>Altura: 235 cm<br>Largura:  275 cm<br>Profundidade: 63,5 cm<br>Peso: 255,00 kg	3999.00 BRL	2999.00 BRL	Móveis Morante	new		unisex				no	10	Furniture
7c45ec72-0601-46e7-b4f2-caa6d3ad7841	Torre Quente Luciane 70cm 2 Nichos Para Forno	Paneleiro Torre Quente 70cm 4 Portas com Espaço para Forno e Micro - ondas Stylo Luciane Móveis<br>Desenvolvida com materiais de excelência, a Cozinha Stylo oferece excelente distribuição de espaço interno. É estruturada em 100 MDP e possui dobradiças slow motion com amortecedor incorporado para fechamento suave das portas. Conta com puxadores tipo aste em Alumínio Preto dando um toque especial de classe e elegância.<br>Paneleiro Torre Quente 70cm 4 Portas com Espaço para Forno e Micro - ondas Stylo Luciane Móveis<br>Características<br>Estrutura: MDP 15mm<br>Acabamento da Caixaria/Corpo: PF<br>Acabamento das Portas/Frontal: BP<br>Quantidade de Portas: 4 de Abrir<br>Tipo de Dobradiças: Metálicas 35mm Slow Motion<br>Quantidade e Tipo de Puxadores: 4 Puxador em Alumínio Preto<br>Quantidade de Prateleiras: 4	https://moveismorante.com.br/produto/torre-quente-luciane-70cm-2-nichos-para-forno	https://pub-389127050a434f568c29dc66bdce2567.r2.dev/1785164350746-1785164350746.jpg	https://pub-389127050a434f568c29dc66bdce2567.r2.dev/1785164353238-1785164353238.jpg,https://pub-389127050a434f568c29dc66bdce2567.r2.dev/1785164356075-1785164356075.jpg,https://pub-389127050a434f568c29dc66bdce2567.r2.dev/1785164359436-1785164359435.jpg,https://pub-389127050a434f568c29dc66bdce2567.r2.dev/1785164366700-1785164366699.jpg,https://pub-389127050a434f568c29dc66bdce2567.r2.dev/1785164370086-1785164370085.jpg,https://pub-389127050a434f568c29dc66bdce2567.r2.dev/1785164372919-1785164372919.jpg,https://pub-389127050a434f568c29dc66bdce2567.r2.dev/1785164375608-1785164375607.jpg,https://pub-389127050a434f568c29dc66bdce2567.r2.dev/1785164378970-1785164378970.jpg	in stock	Paneleiro Torre Quente 70cm 4 Portas com Espaço para Forno e Micro - ondas Stylo Luciane Móveis<br>Desenvolvida com materiais de excelência, a Cozinha Stylo oferece excelente distribuição de espaço interno. É estruturada em 100 MDP e possui dobradiças slow motion com amortecedor incorporado para fechamento suave das portas. Conta com puxadores tipo aste em Alumínio Preto dando um toque especial de classe e elegância.<br>Paneleiro Torre Quente 70cm 4 Portas com Espaço para Forno e Micro - ondas Stylo Luciane Móveis<br>Características<br>Estrutura: MDP 15mm<br>Acabamento da Caixaria/Corpo: PF<br>Acabamento das Portas/Frontal: BP<br>Quantidade de Portas: 4 de Abrir<br>Tipo de Dobradiças: Metálicas 35mm Slow Motion<br>Quantidade e Tipo de Puxadores: 4 Puxador em Alumínio Preto<br>Quantidade de Prateleiras: 4	1099.00 BRL	899.00 BRL	Móveis Morante	new		unisex				no	10	Furniture
01b5a418-dac0-45be-b29f-8d4445901721	Sofá Cama 1,80 Vieiro Santorini	O Sofá Cama 180cm Veludo Santorini Viero, combina conforto, funcionalidade e sofisticação em um único móvel, ideal para transformar qualquer ambiente com elegância. Seu estofado reclinável em cinco posições se adapta facilmente a diferentes momentos do dia, seja para relaxar ou receber visitas com estilo. A estrutura em madeira de eucalipto oferece resistência e durabilidade, enquanto o assento com espuma D23 e percinta elástica garante firmeza e conforto prolongado. O encosto e as almofadas, recheados com fibra siliconada, proporcionam maciez e aconchego, realçados por delicados detalhes bordados que agregam charme ao design.<br>Características:<br>Estrutura em madeira de Eucalipto<br>Revestimento em tecido veludo<br>Reclinável em 5 posições<br>Assento com espuma D23<br>Percinta elástica<br>Encosto 100% fibra siliconada<br>Assento e encosto bordados<br>Almofadas 100% fibra siliconada<br>Suporta 90kg por assento<br>6 Pés de Madeira<br>Dimensões:<br>Altura: 76 cm<br>Largura: 180 cm<br>Profundidade: 96 cm<br>Peso: 59,70 kg	https://moveismorante.com.br/produto/sofa-cama-180-vieiro-santorini	https://pub-389127050a434f568c29dc66bdce2567.r2.dev/1785159605741-1785159605740.jpg	https://pub-389127050a434f568c29dc66bdce2567.r2.dev/1785159607744-1785159607743.jpg,https://pub-389127050a434f568c29dc66bdce2567.r2.dev/1785159609116-1785159609115.jpg,https://pub-389127050a434f568c29dc66bdce2567.r2.dev/1785159610400-1785159610399.jpg,https://pub-389127050a434f568c29dc66bdce2567.r2.dev/1785159611890-1785159611889.jpg,https://pub-389127050a434f568c29dc66bdce2567.r2.dev/1785159613262-1785159613261.jpg,https://pub-389127050a434f568c29dc66bdce2567.r2.dev/1785159614813-1785159614812.jpg,https://pub-389127050a434f568c29dc66bdce2567.r2.dev/1785159616294-1785159616293.jpg,https://pub-389127050a434f568c29dc66bdce2567.r2.dev/1785159617758-1785159617755.jpg	in stock	O Sofá Cama 180cm Veludo Santorini Viero, combina conforto, funcionalidade e sofisticação em um único móvel, ideal para transformar qualquer ambiente com elegância. Seu estofado reclinável em cinco posições se adapta facilmente a diferentes momentos do dia, seja para relaxar ou receber visitas com estilo. A estrutura em madeira de eucalipto oferece resistência e durabilidade, enquanto o assento com espuma D23 e percinta elástica garante firmeza e conforto prolongado. O encosto e as almofadas, recheados com fibra siliconada, proporcionam maciez e aconchego, realçados por delicados detalhes bordados que agregam charme ao design.<br>Características:<br>Estrutura em madeira de Eucalipto<br>Revestimento em tecido veludo<br>Reclinável em 5 posições<br>Assento com espuma D23<br>Percinta elástica<br>Encosto 100% fibra siliconada<br>Assento e encosto bordados<br>Almofadas 100% fibra siliconada<br>Suporta 90kg por assento<br>6 Pés de Madeira<br>Dimensões:<br>Altura: 76 cm<br>Largura: 180 cm<br>Profundidade: 96 cm<br>Peso: 59,70 kg	1199.00 BRL	1099.00 BRL	Móveis Morante	new		unisex				no	10	Furniture
b236d794-594b-49ad-b8c3-8393382b8e84	Sofá 2,25 m Artemis Vieiro Bege	Sofá 3 Lugares Retrátil e Reclinável 230cm Veludo Artemis Viero Móveis<br>Momentos mais aconchegantes e uma sala de estar completa te esperam com a presença do Estofado Artemis! Estruturado em madeira eucalipto, que é um ótimo reforço para o uso do dia a dia, a peça possui percintas elásticas na composição, encosto em fibra siliconada e assento retrátil em espuma D23. Já por fora, o móvel ainda é revestido em veludo com uma coloração que agrega beleza e bom gosto à decoração do seu espaço.<br>Características:<br>Estrutura principal de Eucalipto<br>Encosto 100 fibra siliconada<br>Mola e percinta no assento<br>Encostos reclináveis em 5 posições<br>Assentos retráteis D23 convencional<br>Sistema de rodízio<br>8 Pés de plástico<br>Bipartido<br>Dimensões:<br>Altura: 100 cm<br>Largura: 225 cm<br>Profundidade: 80 cm (105 cm esticado)<br>Peso: 75,00 kg	https://moveismorante.com.br/produto/sofa-225-m-artemis-vieiro-bege	https://pub-389127050a434f568c29dc66bdce2567.r2.dev/1785085588055-1785085588055.jpg	https://pub-389127050a434f568c29dc66bdce2567.r2.dev/1785085592144-1785085592144.jpg,https://pub-389127050a434f568c29dc66bdce2567.r2.dev/1785085626241-1785085626241.jpg,https://pub-389127050a434f568c29dc66bdce2567.r2.dev/1785085631679-1785085631679.jpg,https://pub-389127050a434f568c29dc66bdce2567.r2.dev/1785085637188-1785085637188.jpg,https://pub-389127050a434f568c29dc66bdce2567.r2.dev/1785085641687-1785085641687.jpg	in stock	Sofá 3 Lugares Retrátil e Reclinável 230cm Veludo Artemis Viero Móveis<br>Momentos mais aconchegantes e uma sala de estar completa te esperam com a presença do Estofado Artemis! Estruturado em madeira eucalipto, que é um ótimo reforço para o uso do dia a dia, a peça possui percintas elásticas na composição, encosto em fibra siliconada e assento retrátil em espuma D23. Já por fora, o móvel ainda é revestido em veludo com uma coloração que agrega beleza e bom gosto à decoração do seu espaço.<br>Características:<br>Estrutura principal de Eucalipto<br>Encosto 100 fibra siliconada<br>Mola e percinta no assento<br>Encostos reclináveis em 5 posições<br>Assentos retráteis D23 convencional<br>Sistema de rodízio<br>8 Pés de plástico<br>Bipartido<br>Dimensões:<br>Altura: 100 cm<br>Largura: 225 cm<br>Profundidade: 80 cm (105 cm esticado)<br>Peso: 75,00 kg	1999.00 BRL	500.00 BRL	Móveis Morante	new		unisex				no	10	Furniture
964a4174-c418-4eb5-b485-07b0d118b59e	Mesa Robusta MDF/Madeira Maciça com 4 Cadeiras 90x90	Conjunto de Jantar Mesa Robusta com 4 Cadeiras – Madeira Maciça e Tecido Linho<br>Leve mais charme e sofisticação para sua sala de jantar com este elegante conjunto composto por mesa robusta e 4 cadeiras. A mesa conta com tampo em MDF com cantos moeda, proporcionando um acabamento moderno e refinado. Sua base em madeira maciça, com chapas de 35mm, garante excelente resistência, estabilidade e durabilidade.<br>As 4 cadeiras são produzidas em madeira maciça e possuem revestimento em tecido linho, oferecendo conforto e um visual sofisticado para compor diferentes estilos de decoração.<br>Características<br>Tampo em MDF com cantos moeda<br>Base em madeira maciça<br>Chapas da base com 35mm de espessura<br>Estrutura robusta e resistente<br>4 cadeiras em madeira maciça<br>Revestimento em tecido linho<br>Design elegante e atemporal<br>Ideal para salas de jantar e cozinhas<br>Medidas da Mesa<br>Largura: 90 cm<br>Comprimento: 90 cm<br>Altura: 77 cm	https://moveismorante.com.br/produto/mesa-robusta-mdfmadeira-macica-com-4-cadeiras-90x90	https://pub-389127050a434f568c29dc66bdce2567.r2.dev/1785164092813-1785164092812.jpg	https://pub-389127050a434f568c29dc66bdce2567.r2.dev/1785164097249-1785164097249.jpg,https://pub-389127050a434f568c29dc66bdce2567.r2.dev/1785164100971-1785164100970.jpg	in stock	Conjunto de Jantar Mesa Robusta com 4 Cadeiras – Madeira Maciça e Tecido Linho<br>Leve mais charme e sofisticação para sua sala de jantar com este elegante conjunto composto por mesa robusta e 4 cadeiras. A mesa conta com tampo em MDF com cantos moeda, proporcionando um acabamento moderno e refinado. Sua base em madeira maciça, com chapas de 35mm, garante excelente resistência, estabilidade e durabilidade.<br>As 4 cadeiras são produzidas em madeira maciça e possuem revestimento em tecido linho, oferecendo conforto e um visual sofisticado para compor diferentes estilos de decoração.<br>Características<br>Tampo em MDF com cantos moeda<br>Base em madeira maciça<br>Chapas da base com 35mm de espessura<br>Estrutura robusta e resistente<br>4 cadeiras em madeira maciça<br>Revestimento em tecido linho<br>Design elegante e atemporal<br>Ideal para salas de jantar e cozinhas<br>Medidas da Mesa<br>Largura: 90 cm<br>Comprimento: 90 cm<br>Altura: 77 cm	1999.00 BRL	1499.00 BRL	Móveis Morante	new		unisex				no	10	Furniture
27d5a457-8787-4c3d-b837-1a7b2e2c7cde	Cama Box Conjugado Casal 138cm Multi Cristalflex	Cama Box Conjugado Casal 138cm Cristalflex. A Cama Box Conjugada Casal Cristalflex é uma excelente opção para quem busca conforto e sofisticação. Essa cama é ideal para quem deseja um produto que combine beleza, conforto e durabilidade. Com um revestimento Tecido 100% poliéster tanto no tampo quanto nas faixas laterais, proporcionando maciez ao toque.<br>Características:<br>Composicao dos Componentes Internos:<br>1 Estrutura de Madeira Eucalipito<br>1 Chapa de Compensado<br>1 Lamina Convencional Densidade 28Kg/m3<br>Composicao do Revestimento:<br>Face Superior:<br>Tecido Plano Simples - 100% Poliester<br>Gramatura 69,01g/m2<br>Manta de Fibra Siliconada,Gramatura 180g/m2<br>Lamina Convencional Densidade 20Kg/m3<br>Tecido Nao Tecido<br>Gramatura 15g/m2<br>Faixa: Tecido Plano Simples 100% Poliester- Gramatura 98g/m2<br>Tecido Plano Simples - 100% Poliester - Gramatura 75g/m2<br>Manta de Fibra Siliconada - Gramatura 120g/m2<br>Face Inferior:<br>Tecido Nao Tecido 100% Polipropileno - Gramatura 100g/m2<br>Altura dos Pés: 12cm<br>Suporta peso de até: 100kg<br>Dimensões:<br>Altura: 43 +12 (pés) 55 cm<br>Largura: 138 cm<br>Profundidade: 188 cm<br>Peso: 35,00 kg	https://moveismorante.com.br/produto/cama-box-conjugado-casal-138cm-multi-cristalflex	https://pub-389127050a434f568c29dc66bdce2567.r2.dev/1785094477357-1785094477356.jpg	https://pub-389127050a434f568c29dc66bdce2567.r2.dev/1785094480358-1785094480357.jpg,https://pub-389127050a434f568c29dc66bdce2567.r2.dev/1785094485654-1785094485654.jpg	in stock	Cama Box Conjugado Casal 138cm Cristalflex. A Cama Box Conjugada Casal Cristalflex é uma excelente opção para quem busca conforto e sofisticação. Essa cama é ideal para quem deseja um produto que combine beleza, conforto e durabilidade. Com um revestimento Tecido 100% poliéster tanto no tampo quanto nas faixas laterais, proporcionando maciez ao toque.<br>Características:<br>Composicao dos Componentes Internos:<br>1 Estrutura de Madeira Eucalipito<br>1 Chapa de Compensado<br>1 Lamina Convencional Densidade 28Kg/m3<br>Composicao do Revestimento:<br>Face Superior:<br>Tecido Plano Simples - 100% Poliester<br>Gramatura 69,01g/m2<br>Manta de Fibra Siliconada,Gramatura 180g/m2<br>Lamina Convencional Densidade 20Kg/m3<br>Tecido Nao Tecido<br>Gramatura 15g/m2<br>Faixa: Tecido Plano Simples 100% Poliester- Gramatura 98g/m2<br>Tecido Plano Simples - 100% Poliester - Gramatura 75g/m2<br>Manta de Fibra Siliconada - Gramatura 120g/m2<br>Face Inferior:<br>Tecido Nao Tecido 100% Polipropileno - Gramatura 100g/m2<br>Altura dos Pés: 12cm<br>Suporta peso de até: 100kg<br>Dimensões:<br>Altura: 43 +12 (pés) 55 cm<br>Largura: 138 cm<br>Profundidade: 188 cm<br>Peso: 35,00 kg	699.00 BRL	499.00 BRL	Móveis Morante	new		unisex				no	10	Furniture
525937b2-3258-4c58-aa1e-3a6971ba8048	Sofá Santiago 2,20m Retrátil/Reclinável Cinza	Sofá Santiago 2,20m Retrátil/Reclinável Tecido Suede: Conforto e Funcionalidade para Seu Lar<br>Descubra o Sofá Santiago, um produto da XFLEX SOFÁS que combina sofisticação, conforto e praticidade, trazendo um toque de modernidade e funcionalidade para a sua sala de estar.<br>Conforto Excepcional: O Sofá Santiago é projetado para oferecer um nível superior de conforto, com uma estrutura robusta de madeira e um acolchoamento de espuma D28 de alta densidade no assento e fibra siliconada no encosto. O uso de flocos e fibras no enchimento garante uma experiência de sentar macia e agradável, perfeita para momentos de descanso e relaxamento.<br>Funcionalidade Inteligente: Equipado com um mecanismo retrátil/reclinável, este sofá oferece a flexibilidade de ajustar o assento conforme a sua necessidade. Recolha-o para criar mais espaço ou estenda-o para uma posição de relaxamento total.<br>Design Moderno e Versátil: O Sofá Santiago é revestido em tecido Suede, disponível em uma variedade de cores elegantes. Seu design elegante não só embeleza o ambiente, mas também oferece versatilidade para se adaptar a diferentes estilos de decoração. É a peça ideal para adicionar um toque de modernidade e luxo à sua sala.<br>Especificações Técnicas:<br>- Estrutura: Madeira de alta qualidade<br>- Assento: Espuma D-28<br>- Encosto: Fibras com Flocos<br>- Revestimento/Tecido: Suede<br> <br>Dimensões<br>- Altura: 100cm<br>- Largura: 220cm<br>- Profundidade: 110cm (fechado), 150cm (aberto)	https://moveismorante.com.br/produto/sofa-santiago-220m-retratilreclinavel-cinza	https://pub-389127050a434f568c29dc66bdce2567.r2.dev/1784942330191-1784942330190.jpg	https://pub-389127050a434f568c29dc66bdce2567.r2.dev/1784942332763-1784942332763.jpg,https://pub-389127050a434f568c29dc66bdce2567.r2.dev/1784942336026-1784942336026.jpg,https://pub-389127050a434f568c29dc66bdce2567.r2.dev/1784942338878-1784942338878.jpg,https://pub-389127050a434f568c29dc66bdce2567.r2.dev/1784942342865-1784942342865.jpg,https://pub-389127050a434f568c29dc66bdce2567.r2.dev/1784942349691-1784942349690.jpg	in stock	Sofá Santiago 2,20m Retrátil/Reclinável Tecido Suede: Conforto e Funcionalidade para Seu Lar<br>Descubra o Sofá Santiago, um produto da XFLEX SOFÁS que combina sofisticação, conforto e praticidade, trazendo um toque de modernidade e funcionalidade para a sua sala de estar.<br>Conforto Excepcional: O Sofá Santiago é projetado para oferecer um nível superior de conforto, com uma estrutura robusta de madeira e um acolchoamento de espuma D28 de alta densidade no assento e fibra siliconada no encosto. O uso de flocos e fibras no enchimento garante uma experiência de sentar macia e agradável, perfeita para momentos de descanso e relaxamento.<br>Funcionalidade Inteligente: Equipado com um mecanismo retrátil/reclinável, este sofá oferece a flexibilidade de ajustar o assento conforme a sua necessidade. Recolha-o para criar mais espaço ou estenda-o para uma posição de relaxamento total.<br>Design Moderno e Versátil: O Sofá Santiago é revestido em tecido Suede, disponível em uma variedade de cores elegantes. Seu design elegante não só embeleza o ambiente, mas também oferece versatilidade para se adaptar a diferentes estilos de decoração. É a peça ideal para adicionar um toque de modernidade e luxo à sua sala.<br>Especificações Técnicas:<br>- Estrutura: Madeira de alta qualidade<br>- Assento: Espuma D-28<br>- Encosto: Fibras com Flocos<br>- Revestimento/Tecido: Suede<br> <br>Dimensões<br>- Altura: 100cm<br>- Largura: 220cm<br>- Profundidade: 110cm (fechado), 150cm (aberto)	2599.00 BRL	1999.00 BRL	Móveis Morante	new		unisex				no	10	Furniture
balcao-para-forno-e-cooktop-apolo-com-1-gaveta-branco	Balcao Para Forno e Cooktop Apolo Com 1 Gaveta	Balcão para forno e cooktop Apolo com 1 gaveta Freijo Areia é a solução perfeita para otimizar o espaço da sua cozinha com estilo e funcionalidade. Com design moderno e acabamento em Freijo Areia, ele oferece um ambiente harmonioso e elegante. Ideal para acomodar cooktops de até 4 bocas e fornos de tamanho padrão, garantindo praticidade no preparo das suas refeições diárias. A gaveta espaçosa permite armazenar utensílios, panelas ou temperos, mantendo a cozinha organizada. Sua estrutura resistente e pés elevados facilitam a limpeza do chão, promovendo mais higiene. Invista em um móvel que alia qualidade, durabilidade e design para transformar sua cozinha em um espaço funcional e acolhedor.<br>Principais benefícios:<br>- Design moderno com acabamento em Freijo Areia que valoriza sua cozinha<br>- Espaço para cooktop e forno, otimizando a área de preparo<br>- Gaveta ampla para organização prática dos seus utensílios<br>- Estrutura robusta e durável para uso diário<br>- Pés elevados que facilitam a limpeza e manutenção do ambiente<br>Medidas:<br>Altura: 83 cm<br>Largura: 80 cm<br>Profundidade: 52 cm	https://moveismorante.com.br/produto/balcao-para-forno-e-cooktop-apolo-com-1-gaveta?var=8b91cece-1ebb-41ba-88e7-3b64caca9344	https://pub-389127050a434f568c29dc66bdce2567.r2.dev/1785161888128-1785161888127.jpg	https://pub-389127050a434f568c29dc66bdce2567.r2.dev/1785161884658-1785161884657.jpg,https://pub-389127050a434f568c29dc66bdce2567.r2.dev/1785161891200-1785161891200.jpg,https://pub-389127050a434f568c29dc66bdce2567.r2.dev/1785161894641-1785161894641.jpg	in stock	Balcão para forno e cooktop Apolo com 1 gaveta Freijo Areia é a solução perfeita para otimizar o espaço da sua cozinha com estilo e funcionalidade. Com design moderno e acabamento em Freijo Areia, ele oferece um ambiente harmonioso e elegante. Ideal para acomodar cooktops de até 4 bocas e fornos de tamanho padrão, garantindo praticidade no preparo das suas refeições diárias. A gaveta espaçosa permite armazenar utensílios, panelas ou temperos, mantendo a cozinha organizada. Sua estrutura resistente e pés elevados facilitam a limpeza do chão, promovendo mais higiene. Invista em um móvel que alia qualidade, durabilidade e design para transformar sua cozinha em um espaço funcional e acolhedor.<br>Principais benefícios:<br>- Design moderno com acabamento em Freijo Areia que valoriza sua cozinha<br>- Espaço para cooktop e forno, otimizando a área de preparo<br>- Gaveta ampla para organização prática dos seus utensílios<br>- Estrutura robusta e durável para uso diário<br>- Pés elevados que facilitam a limpeza e manutenção do ambiente<br>Medidas:<br>Altura: 83 cm<br>Largura: 80 cm<br>Profundidade: 52 cm	299.00 BRL		Móveis Morante	new	Branco	unisex				no	999	Furniture
balcao-para-forno-e-cooktop-apolo-com-1-gaveta-freijomattareia	Balcao Para Forno e Cooktop Apolo Com 1 Gaveta	Balcão para forno e cooktop Apolo com 1 gaveta Freijo Areia é a solução perfeita para otimizar o espaço da sua cozinha com estilo e funcionalidade. Com design moderno e acabamento em Freijo Areia, ele oferece um ambiente harmonioso e elegante. Ideal para acomodar cooktops de até 4 bocas e fornos de tamanho padrão, garantindo praticidade no preparo das suas refeições diárias. A gaveta espaçosa permite armazenar utensílios, panelas ou temperos, mantendo a cozinha organizada. Sua estrutura resistente e pés elevados facilitam a limpeza do chão, promovendo mais higiene. Invista em um móvel que alia qualidade, durabilidade e design para transformar sua cozinha em um espaço funcional e acolhedor.<br>Principais benefícios:<br>- Design moderno com acabamento em Freijo Areia que valoriza sua cozinha<br>- Espaço para cooktop e forno, otimizando a área de preparo<br>- Gaveta ampla para organização prática dos seus utensílios<br>- Estrutura robusta e durável para uso diário<br>- Pés elevados que facilitam a limpeza e manutenção do ambiente<br>Medidas:<br>Altura: 83 cm<br>Largura: 80 cm<br>Profundidade: 52 cm	https://moveismorante.com.br/produto/balcao-para-forno-e-cooktop-apolo-com-1-gaveta?var=47f96c6c-d750-4b89-83bb-abcdde298184	https://pub-389127050a434f568c29dc66bdce2567.r2.dev/1785161903898-1785161903897.jpg	https://pub-389127050a434f568c29dc66bdce2567.r2.dev/1785161913469-1785161913469.jpg,https://pub-389127050a434f568c29dc66bdce2567.r2.dev/1785161910126-1785161910124.jpg,https://pub-389127050a434f568c29dc66bdce2567.r2.dev/1785161906815-1785161906815.jpg	in stock	Balcão para forno e cooktop Apolo com 1 gaveta Freijo Areia é a solução perfeita para otimizar o espaço da sua cozinha com estilo e funcionalidade. Com design moderno e acabamento em Freijo Areia, ele oferece um ambiente harmonioso e elegante. Ideal para acomodar cooktops de até 4 bocas e fornos de tamanho padrão, garantindo praticidade no preparo das suas refeições diárias. A gaveta espaçosa permite armazenar utensílios, panelas ou temperos, mantendo a cozinha organizada. Sua estrutura resistente e pés elevados facilitam a limpeza do chão, promovendo mais higiene. Invista em um móvel que alia qualidade, durabilidade e design para transformar sua cozinha em um espaço funcional e acolhedor.<br>Principais benefícios:<br>- Design moderno com acabamento em Freijo Areia que valoriza sua cozinha<br>- Espaço para cooktop e forno, otimizando a área de preparo<br>- Gaveta ampla para organização prática dos seus utensílios<br>- Estrutura robusta e durável para uso diário<br>- Pés elevados que facilitam a limpeza e manutenção do ambiente<br>Medidas:<br>Altura: 83 cm<br>Largura: 80 cm<br>Profundidade: 52 cm	299.00 BRL		Móveis Morante	new	Freijó Matt/Areia	unisex				no	999	Furniture
9d5b2f60-c0e4-4abe-96bd-6874a26259f6	Balcão para Cooktop 2 Portas	Balcão para Cooktop, estrutura MDP 15mm, pés de plástico com regulagem, dobradiças metálicas,<br>Largura: 80<br>Profundidade: 50<br>Altura: 81	https://moveismorante.com.br/produto/balcao-para-cooktop-2-portas	https://pub-389127050a434f568c29dc66bdce2567.r2.dev/1786329294732-1786329294732.jpg	https://pub-389127050a434f568c29dc66bdce2567.r2.dev/1786329298185-1786329298185.jpg,https://pub-389127050a434f568c29dc66bdce2567.r2.dev/1786329301232-1786329301232.jpg	in stock	Balcão para Cooktop, estrutura MDP 15mm, pés de plástico com regulagem, dobradiças metálicas,<br>Largura: 80<br>Profundidade: 50<br>Altura: 81	349.00 BRL	299.00 BRL	Móveis Morante	new		unisex				no	10	Furniture
150bfb4b-27dc-45ae-a320-426f4970e7a6	Armário Torre Quente 79cm para Fornos JK	Torre quente para fornos, MDP 15mm, 2 nicho para forno, 4 portas, prateleira, pés de plástico com regulagem de altura.<br>Dimensões: 79cm x 200 x 52,5	https://moveismorante.com.br/produto/armario-torre-quente-79cm-para-fornos-jk	https://pub-389127050a434f568c29dc66bdce2567.r2.dev/1786465050113-1786465050112.jpg	https://pub-389127050a434f568c29dc66bdce2567.r2.dev/1786465052521-1786465052521.jpg,https://pub-389127050a434f568c29dc66bdce2567.r2.dev/1786465055070-1786465055069.jpg	in stock	Torre quente para fornos, MDP 15mm, 2 nicho para forno, 4 portas, prateleira, pés de plástico com regulagem de altura.<br>Dimensões: 79cm x 200 x 52,5	499.00 BRL		Móveis Morante	new		unisex				no	10	Furniture
5b6938c7-92aa-46fc-b6d9-a1ce636983d4	Armário Multiuso 2 Portas Florença Aramóveis	Descubra o Armário Multiuso 2 Portas Florença Aramóveis, elaborado com aglomerado de 15mm e 12mm de espessura para proporcionar resistência e durabilidade incomparáveis. Seu amplo espaço interno garante estabilidade, enquanto os puxadores de plástico conferem robustez. Equipado com dobradiças metálicas para abrir e fechar as portas. O acabamento em verniz texturizado fosco e verniz brilho nas portas não apenas conserva o móvel, mas também mantém sua beleza constante, oferecendo resistência e durabilidade excepcionais.<br>Características:<br>2 Portas<br>6 Prateleiras<br>Acabamento em verniz texturizado<br>Corrediça metálica<br>Dobradiças metálicas<br>Estrutura em MDP de 15mm e 12mm<br>Puxadores de Plástico<br>Dimensões:<br>Altura: 142,2 cm<br>Largura: 91 cm<br>Profundidade: 40 cm<br>Peso: 37,30 kg	https://moveismorante.com.br/produto/armario-multiuso-2-portas-florenca-aramoveis	https://pub-389127050a434f568c29dc66bdce2567.r2.dev/1785178718261-1785178718260.jpg	https://pub-389127050a434f568c29dc66bdce2567.r2.dev/1785178720539-1785178720538.jpg,https://pub-389127050a434f568c29dc66bdce2567.r2.dev/1785178721762-1785178721760.jpg,https://pub-389127050a434f568c29dc66bdce2567.r2.dev/1785178723000-1785178722998.jpg,https://pub-389127050a434f568c29dc66bdce2567.r2.dev/1785178724413-1785178724412.jpg,https://pub-389127050a434f568c29dc66bdce2567.r2.dev/1786639637574-1786639637574.jpg,https://pub-389127050a434f568c29dc66bdce2567.r2.dev/1786639639124-1786639639123.jpg,https://pub-389127050a434f568c29dc66bdce2567.r2.dev/1786639640557-1786639640557.jpg,https://pub-389127050a434f568c29dc66bdce2567.r2.dev/1786639641890-1786639641889.jpg,https://pub-389127050a434f568c29dc66bdce2567.r2.dev/1786639643242-1786639643242.jpg,https://pub-389127050a434f568c29dc66bdce2567.r2.dev/1786639644541-1786639644541.jpg,https://pub-389127050a434f568c29dc66bdce2567.r2.dev/1786639645771-1786639645771.jpg	in stock	Descubra o Armário Multiuso 2 Portas Florença Aramóveis, elaborado com aglomerado de 15mm e 12mm de espessura para proporcionar resistência e durabilidade incomparáveis. Seu amplo espaço interno garante estabilidade, enquanto os puxadores de plástico conferem robustez. Equipado com dobradiças metálicas para abrir e fechar as portas. O acabamento em verniz texturizado fosco e verniz brilho nas portas não apenas conserva o móvel, mas também mantém sua beleza constante, oferecendo resistência e durabilidade excepcionais.<br>Características:<br>2 Portas<br>6 Prateleiras<br>Acabamento em verniz texturizado<br>Corrediça metálica<br>Dobradiças metálicas<br>Estrutura em MDP de 15mm e 12mm<br>Puxadores de Plástico<br>Dimensões:<br>Altura: 142,2 cm<br>Largura: 91 cm<br>Profundidade: 40 cm<br>Peso: 37,30 kg	399.00 BRL	299.00 BRL	Móveis Morante	new		unisex				no	10	Furniture
guarda-roupa-chile-3-portas-c-pes-branco	Guarda Roupa Chile 3 Portas c/ Pés	Roupeiro Chile 3 Portas – Praticidade e Elegância para o Seu Quarto<br>O Roupeiro Chile 3 Portas foi desenvolvido para quem busca organização, resistência e um design moderno. Fabricado em MDP de 15mm, ele oferece mais estabilidade e durabilidade para o dia a dia, além de contar com um excelente aproveitamento interno para acomodar roupas e acessórios.<br>Seu acabamento em pintura UV proporciona maior proteção e conservação do móvel, mantendo sua beleza por muito mais tempo. Possui puxadores na cor bronze, que agregam um toque de sofisticação ao design, além de cabideiros em madeira revestida, garantindo mais resistência para pendurar suas peças.<br>Conta ainda com 2 gavetas com corrediças telescópicas metálicas, que proporcionam uma abertura suave, completa e segura. Seus pés elevados facilitam a limpeza do ambiente e trazem mais praticidade ao dia a dia.<br>Disponível em 3 opções de cores, o Roupeiro Chile combina facilmente com diferentes estilos de decoração.<br>Diferenciais:<br>✔ Estrutura em MDP 15mm<br>✔ 3 portas com ótimo espaço interno<br>✔ Pintura UV de maior durabilidade<br>✔ Puxadores modernos na cor bronze<br>✔ Cabideiros em madeira revestida<br>✔ 2 gavetas com corrediças telescópicas metálicas<br>✔ Com pés<br>✔ Disponível em 3 cores<br>✔ Produto novo<br>Dimensões:<br>📏 Altura: 1,81 m<br>📏 Largura: 0,82 m<br>📏 Profundidade:0,40 m<br>Roupeiro Chile: a combinação perfeita de beleza, qualidade e funcionalidade para deixar seu quarto mais organizado.	https://moveismorante.com.br/produto/guarda-roupa-chile-3-portas-c-pes?var=b01d30d3-482d-4acf-8cf9-8d568328bb63	https://pub-389127050a434f568c29dc66bdce2567.r2.dev/1785093220058-1785093220058.jpg	https://pub-389127050a434f568c29dc66bdce2567.r2.dev/1785093228416-1785093228416.jpg,https://pub-389127050a434f568c29dc66bdce2567.r2.dev/1785093222708-1785093222708.jpg,https://pub-389127050a434f568c29dc66bdce2567.r2.dev/1785093225598-1785093225598.jpg	in stock	Roupeiro Chile 3 Portas – Praticidade e Elegância para o Seu Quarto<br>O Roupeiro Chile 3 Portas foi desenvolvido para quem busca organização, resistência e um design moderno. Fabricado em MDP de 15mm, ele oferece mais estabilidade e durabilidade para o dia a dia, além de contar com um excelente aproveitamento interno para acomodar roupas e acessórios.<br>Seu acabamento em pintura UV proporciona maior proteção e conservação do móvel, mantendo sua beleza por muito mais tempo. Possui puxadores na cor bronze, que agregam um toque de sofisticação ao design, além de cabideiros em madeira revestida, garantindo mais resistência para pendurar suas peças.<br>Conta ainda com 2 gavetas com corrediças telescópicas metálicas, que proporcionam uma abertura suave, completa e segura. Seus pés elevados facilitam a limpeza do ambiente e trazem mais praticidade ao dia a dia.<br>Disponível em 3 opções de cores, o Roupeiro Chile combina facilmente com diferentes estilos de decoração.<br>Diferenciais:<br>✔ Estrutura em MDP 15mm<br>✔ 3 portas com ótimo espaço interno<br>✔ Pintura UV de maior durabilidade<br>✔ Puxadores modernos na cor bronze<br>✔ Cabideiros em madeira revestida<br>✔ 2 gavetas com corrediças telescópicas metálicas<br>✔ Com pés<br>✔ Disponível em 3 cores<br>✔ Produto novo<br>Dimensões:<br>📏 Altura: 1,81 m<br>📏 Largura: 0,82 m<br>📏 Profundidade:0,40 m<br>Roupeiro Chile: a combinação perfeita de beleza, qualidade e funcionalidade para deixar seu quarto mais organizado.	599.00 BRL		Móveis Morante	new	Branco	unisex				no	999	Furniture
guarda-roupa-chile-3-portas-c-pes-freijooffwhite	Guarda Roupa Chile 3 Portas c/ Pés	Roupeiro Chile 3 Portas – Praticidade e Elegância para o Seu Quarto<br>O Roupeiro Chile 3 Portas foi desenvolvido para quem busca organização, resistência e um design moderno. Fabricado em MDP de 15mm, ele oferece mais estabilidade e durabilidade para o dia a dia, além de contar com um excelente aproveitamento interno para acomodar roupas e acessórios.<br>Seu acabamento em pintura UV proporciona maior proteção e conservação do móvel, mantendo sua beleza por muito mais tempo. Possui puxadores na cor bronze, que agregam um toque de sofisticação ao design, além de cabideiros em madeira revestida, garantindo mais resistência para pendurar suas peças.<br>Conta ainda com 2 gavetas com corrediças telescópicas metálicas, que proporcionam uma abertura suave, completa e segura. Seus pés elevados facilitam a limpeza do ambiente e trazem mais praticidade ao dia a dia.<br>Disponível em 3 opções de cores, o Roupeiro Chile combina facilmente com diferentes estilos de decoração.<br>Diferenciais:<br>✔ Estrutura em MDP 15mm<br>✔ 3 portas com ótimo espaço interno<br>✔ Pintura UV de maior durabilidade<br>✔ Puxadores modernos na cor bronze<br>✔ Cabideiros em madeira revestida<br>✔ 2 gavetas com corrediças telescópicas metálicas<br>✔ Com pés<br>✔ Disponível em 3 cores<br>✔ Produto novo<br>Dimensões:<br>📏 Altura: 1,81 m<br>📏 Largura: 0,82 m<br>📏 Profundidade:0,40 m<br>Roupeiro Chile: a combinação perfeita de beleza, qualidade e funcionalidade para deixar seu quarto mais organizado.	https://moveismorante.com.br/produto/guarda-roupa-chile-3-portas-c-pes?var=c5193d1a-ee2b-4297-95f2-cc692a00270f	https://pub-389127050a434f568c29dc66bdce2567.r2.dev/1785093231585-1785093231585.jpg	https://pub-389127050a434f568c29dc66bdce2567.r2.dev/1785093249819-1785093249819.jpg,https://pub-389127050a434f568c29dc66bdce2567.r2.dev/1785093242080-1785093242080.jpg	in stock	Roupeiro Chile 3 Portas – Praticidade e Elegância para o Seu Quarto<br>O Roupeiro Chile 3 Portas foi desenvolvido para quem busca organização, resistência e um design moderno. Fabricado em MDP de 15mm, ele oferece mais estabilidade e durabilidade para o dia a dia, além de contar com um excelente aproveitamento interno para acomodar roupas e acessórios.<br>Seu acabamento em pintura UV proporciona maior proteção e conservação do móvel, mantendo sua beleza por muito mais tempo. Possui puxadores na cor bronze, que agregam um toque de sofisticação ao design, além de cabideiros em madeira revestida, garantindo mais resistência para pendurar suas peças.<br>Conta ainda com 2 gavetas com corrediças telescópicas metálicas, que proporcionam uma abertura suave, completa e segura. Seus pés elevados facilitam a limpeza do ambiente e trazem mais praticidade ao dia a dia.<br>Disponível em 3 opções de cores, o Roupeiro Chile combina facilmente com diferentes estilos de decoração.<br>Diferenciais:<br>✔ Estrutura em MDP 15mm<br>✔ 3 portas com ótimo espaço interno<br>✔ Pintura UV de maior durabilidade<br>✔ Puxadores modernos na cor bronze<br>✔ Cabideiros em madeira revestida<br>✔ 2 gavetas com corrediças telescópicas metálicas<br>✔ Com pés<br>✔ Disponível em 3 cores<br>✔ Produto novo<br>Dimensões:<br>📏 Altura: 1,81 m<br>📏 Largura: 0,82 m<br>📏 Profundidade:0,40 m<br>Roupeiro Chile: a combinação perfeita de beleza, qualidade e funcionalidade para deixar seu quarto mais organizado.	599.00 BRL		Móveis Morante	new	Freijó/Off White	unisex				no	999	Furniture
guarda-roupa-chile-3-portas-c-pes-freijografite	Guarda Roupa Chile 3 Portas c/ Pés	Roupeiro Chile 3 Portas – Praticidade e Elegância para o Seu Quarto<br>O Roupeiro Chile 3 Portas foi desenvolvido para quem busca organização, resistência e um design moderno. Fabricado em MDP de 15mm, ele oferece mais estabilidade e durabilidade para o dia a dia, além de contar com um excelente aproveitamento interno para acomodar roupas e acessórios.<br>Seu acabamento em pintura UV proporciona maior proteção e conservação do móvel, mantendo sua beleza por muito mais tempo. Possui puxadores na cor bronze, que agregam um toque de sofisticação ao design, além de cabideiros em madeira revestida, garantindo mais resistência para pendurar suas peças.<br>Conta ainda com 2 gavetas com corrediças telescópicas metálicas, que proporcionam uma abertura suave, completa e segura. Seus pés elevados facilitam a limpeza do ambiente e trazem mais praticidade ao dia a dia.<br>Disponível em 3 opções de cores, o Roupeiro Chile combina facilmente com diferentes estilos de decoração.<br>Diferenciais:<br>✔ Estrutura em MDP 15mm<br>✔ 3 portas com ótimo espaço interno<br>✔ Pintura UV de maior durabilidade<br>✔ Puxadores modernos na cor bronze<br>✔ Cabideiros em madeira revestida<br>✔ 2 gavetas com corrediças telescópicas metálicas<br>✔ Com pés<br>✔ Disponível em 3 cores<br>✔ Produto novo<br>Dimensões:<br>📏 Altura: 1,81 m<br>📏 Largura: 0,82 m<br>📏 Profundidade:0,40 m<br>Roupeiro Chile: a combinação perfeita de beleza, qualidade e funcionalidade para deixar seu quarto mais organizado.	https://moveismorante.com.br/produto/guarda-roupa-chile-3-portas-c-pes?var=ae5729b3-7e40-4987-9c6c-c552694cd6ba	https://pub-389127050a434f568c29dc66bdce2567.r2.dev/1785093254622-1785093254622.jpg	https://pub-389127050a434f568c29dc66bdce2567.r2.dev/1785093273251-1785093273250.jpg,https://pub-389127050a434f568c29dc66bdce2567.r2.dev/1785093259000-1785093259000.jpg,https://pub-389127050a434f568c29dc66bdce2567.r2.dev/1785093262759-1785093262759.jpg	in stock	Roupeiro Chile 3 Portas – Praticidade e Elegância para o Seu Quarto<br>O Roupeiro Chile 3 Portas foi desenvolvido para quem busca organização, resistência e um design moderno. Fabricado em MDP de 15mm, ele oferece mais estabilidade e durabilidade para o dia a dia, além de contar com um excelente aproveitamento interno para acomodar roupas e acessórios.<br>Seu acabamento em pintura UV proporciona maior proteção e conservação do móvel, mantendo sua beleza por muito mais tempo. Possui puxadores na cor bronze, que agregam um toque de sofisticação ao design, além de cabideiros em madeira revestida, garantindo mais resistência para pendurar suas peças.<br>Conta ainda com 2 gavetas com corrediças telescópicas metálicas, que proporcionam uma abertura suave, completa e segura. Seus pés elevados facilitam a limpeza do ambiente e trazem mais praticidade ao dia a dia.<br>Disponível em 3 opções de cores, o Roupeiro Chile combina facilmente com diferentes estilos de decoração.<br>Diferenciais:<br>✔ Estrutura em MDP 15mm<br>✔ 3 portas com ótimo espaço interno<br>✔ Pintura UV de maior durabilidade<br>✔ Puxadores modernos na cor bronze<br>✔ Cabideiros em madeira revestida<br>✔ 2 gavetas com corrediças telescópicas metálicas<br>✔ Com pés<br>✔ Disponível em 3 cores<br>✔ Produto novo<br>Dimensões:<br>📏 Altura: 1,81 m<br>📏 Largura: 0,82 m<br>📏 Profundidade:0,40 m<br>Roupeiro Chile: a combinação perfeita de beleza, qualidade e funcionalidade para deixar seu quarto mais organizado.	599.00 BRL		Móveis Morante	new	Freijó/Grafite	unisex				no	999	Furniture
balcao-vitoria-42cm-darmovel-freijomatt	Balcão Vitoria 42cm Darmovel	BALCÃO MULTIUSO VITORIA COM PÉ<br>Ideal para quem busca em um móvel organização e funcionalidade para uso no dia a dia, agregando estilo e praticidade.<br>O Balcão Multiuso Bebedouro da Darmovel Moveis, possui um formato pequeno, espaçoso e funcional que se acomoda perfeitamente na sua cozinha, escritório ou outros ambientes que necessitam de um móvel para uso de apoio ao bebedor tanto elétrico como manual, também pode ser utilizado como um armário de uso normal por ser compacto e com bom espaço interno. O balcão também é prático e de fácil acesso para efetuar tarefas de limpezas do dia a dia.<br>Possui puxador e pés em ABS, fitas de borda e estrutura 100% em MDP de 12 mm base e tampo com MDP 15 mm com acabamento em pintura UV (ultravioleta) garantindo ao produto qualidade superior.<br>Dimensões do Produto<br>Largura: 43 cm.<br>Altura: 93 cm.<br>Profundidade: 38 cm.	https://moveismorante.com.br/produto/balcao-vitoria-42cm-darmovel?var=8b06221b-5983-452e-bf92-88d58bc75e31	https://pub-389127050a434f568c29dc66bdce2567.r2.dev/1785436963134-1785436963133.jpg	https://pub-389127050a434f568c29dc66bdce2567.r2.dev/1785436966998-1785436966998.jpg,https://pub-389127050a434f568c29dc66bdce2567.r2.dev/1785436969746-1785436969745.jpg	in stock	BALCÃO MULTIUSO VITORIA COM PÉ<br>Ideal para quem busca em um móvel organização e funcionalidade para uso no dia a dia, agregando estilo e praticidade.<br>O Balcão Multiuso Bebedouro da Darmovel Moveis, possui um formato pequeno, espaçoso e funcional que se acomoda perfeitamente na sua cozinha, escritório ou outros ambientes que necessitam de um móvel para uso de apoio ao bebedor tanto elétrico como manual, também pode ser utilizado como um armário de uso normal por ser compacto e com bom espaço interno. O balcão também é prático e de fácil acesso para efetuar tarefas de limpezas do dia a dia.<br>Possui puxador e pés em ABS, fitas de borda e estrutura 100% em MDP de 12 mm base e tampo com MDP 15 mm com acabamento em pintura UV (ultravioleta) garantindo ao produto qualidade superior.<br>Dimensões do Produto<br>Largura: 43 cm.<br>Altura: 93 cm.<br>Profundidade: 38 cm.	199.00 BRL		Móveis Morante	new	Freijó Matt	unisex				no	999	Furniture
balcao-vitoria-42cm-darmovel-branco	Balcão Vitoria 42cm Darmovel	BALCÃO MULTIUSO VITORIA COM PÉ<br>Ideal para quem busca em um móvel organização e funcionalidade para uso no dia a dia, agregando estilo e praticidade.<br>O Balcão Multiuso Bebedouro da Darmovel Moveis, possui um formato pequeno, espaçoso e funcional que se acomoda perfeitamente na sua cozinha, escritório ou outros ambientes que necessitam de um móvel para uso de apoio ao bebedor tanto elétrico como manual, também pode ser utilizado como um armário de uso normal por ser compacto e com bom espaço interno. O balcão também é prático e de fácil acesso para efetuar tarefas de limpezas do dia a dia.<br>Possui puxador e pés em ABS, fitas de borda e estrutura 100% em MDP de 12 mm base e tampo com MDP 15 mm com acabamento em pintura UV (ultravioleta) garantindo ao produto qualidade superior.<br>Dimensões do Produto<br>Largura: 43 cm.<br>Altura: 93 cm.<br>Profundidade: 38 cm.	https://moveismorante.com.br/produto/balcao-vitoria-42cm-darmovel?var=1267a744-1d40-4298-be79-7a0a956c93ea	https://pub-389127050a434f568c29dc66bdce2567.r2.dev/1785436973370-1785436973370.jpg	https://pub-389127050a434f568c29dc66bdce2567.r2.dev/1785436976600-1785436976600.jpg,https://pub-389127050a434f568c29dc66bdce2567.r2.dev/1785436980577-1785436980577.jpg,https://pub-389127050a434f568c29dc66bdce2567.r2.dev/1785436984195-1785436984195.jpg	in stock	BALCÃO MULTIUSO VITORIA COM PÉ<br>Ideal para quem busca em um móvel organização e funcionalidade para uso no dia a dia, agregando estilo e praticidade.<br>O Balcão Multiuso Bebedouro da Darmovel Moveis, possui um formato pequeno, espaçoso e funcional que se acomoda perfeitamente na sua cozinha, escritório ou outros ambientes que necessitam de um móvel para uso de apoio ao bebedor tanto elétrico como manual, também pode ser utilizado como um armário de uso normal por ser compacto e com bom espaço interno. O balcão também é prático e de fácil acesso para efetuar tarefas de limpezas do dia a dia.<br>Possui puxador e pés em ABS, fitas de borda e estrutura 100% em MDP de 12 mm base e tampo com MDP 15 mm com acabamento em pintura UV (ultravioleta) garantindo ao produto qualidade superior.<br>Dimensões do Produto<br>Largura: 43 cm.<br>Altura: 93 cm.<br>Profundidade: 38 cm.	199.00 BRL		Móveis Morante	new	Branco	unisex				no	999	Furniture
balcao-com-tampo-065-darmovel-branco	Balcão com Tampo 0,65 Darmovel	O Balcão 0,65 Darmovel é a escolha ideal para complementar sua cozinha com praticidade, resistência e um visual moderno. Compacto e funcional, ele oferece o espaço necessário para organização do dia a dia, sendo perfeito para ambientes menores ou para compor projetos planejados.<br>Produzido em MDP de 15mm, proporciona maior estabilidade e durabilidade na estrutura. Conta com dobradiças metálicas, que garantem melhor funcionamento e mais resistência no uso diário. Seus pés em plástico possuem regulagem de altura, facilitando o nivelamento do móvel mesmo em pisos irregulares.<br>Com design versátil e acabamento que combina facilmente com diferentes estilos de cozinha, o Balcão Darmovel une custo-benefício e funcionalidade para o seu ambiente.<br>Características:<br>Estrutura em MDP 15mm<br>Dobradiças metálicas<br>Pés plásticos com regulagem de altura<br>Design moderno e funcional<br>Ideal para cozinhas compactas<br>Dimensões:<br>Altura: 840 mm<br>Comprimento: 650 mm<br>Profundidade: 500 mm	https://moveismorante.com.br/produto/balcao-com-tampo-065-darmovel?var=0c7b1d11-1d88-4e04-96c9-275cdd8c3f2a	https://pub-389127050a434f568c29dc66bdce2567.r2.dev/1785437171835-1785437171834.jpg	https://pub-389127050a434f568c29dc66bdce2567.r2.dev/1785437176011-1785437176010.jpg,https://pub-389127050a434f568c29dc66bdce2567.r2.dev/1785437178373-1785437178373.jpg,https://pub-389127050a434f568c29dc66bdce2567.r2.dev/1785437182165-1785437182164.jpg	in stock	O Balcão 0,65 Darmovel é a escolha ideal para complementar sua cozinha com praticidade, resistência e um visual moderno. Compacto e funcional, ele oferece o espaço necessário para organização do dia a dia, sendo perfeito para ambientes menores ou para compor projetos planejados.<br>Produzido em MDP de 15mm, proporciona maior estabilidade e durabilidade na estrutura. Conta com dobradiças metálicas, que garantem melhor funcionamento e mais resistência no uso diário. Seus pés em plástico possuem regulagem de altura, facilitando o nivelamento do móvel mesmo em pisos irregulares.<br>Com design versátil e acabamento que combina facilmente com diferentes estilos de cozinha, o Balcão Darmovel une custo-benefício e funcionalidade para o seu ambiente.<br>Características:<br>Estrutura em MDP 15mm<br>Dobradiças metálicas<br>Pés plásticos com regulagem de altura<br>Design moderno e funcional<br>Ideal para cozinhas compactas<br>Dimensões:<br>Altura: 840 mm<br>Comprimento: 650 mm<br>Profundidade: 500 mm	299.00 BRL		Móveis Morante	new	Branco	unisex				no	999	Furniture
balcao-com-tampo-065-darmovel-freijomattareia	Balcão com Tampo 0,65 Darmovel	O Balcão 0,65 Darmovel é a escolha ideal para complementar sua cozinha com praticidade, resistência e um visual moderno. Compacto e funcional, ele oferece o espaço necessário para organização do dia a dia, sendo perfeito para ambientes menores ou para compor projetos planejados.<br>Produzido em MDP de 15mm, proporciona maior estabilidade e durabilidade na estrutura. Conta com dobradiças metálicas, que garantem melhor funcionamento e mais resistência no uso diário. Seus pés em plástico possuem regulagem de altura, facilitando o nivelamento do móvel mesmo em pisos irregulares.<br>Com design versátil e acabamento que combina facilmente com diferentes estilos de cozinha, o Balcão Darmovel une custo-benefício e funcionalidade para o seu ambiente.<br>Características:<br>Estrutura em MDP 15mm<br>Dobradiças metálicas<br>Pés plásticos com regulagem de altura<br>Design moderno e funcional<br>Ideal para cozinhas compactas<br>Dimensões:<br>Altura: 840 mm<br>Comprimento: 650 mm<br>Profundidade: 500 mm	https://moveismorante.com.br/produto/balcao-com-tampo-065-darmovel?var=09a2bb20-476f-462f-8fed-85e8dbcdad22	https://pub-389127050a434f568c29dc66bdce2567.r2.dev/1785437188177-1785437188177.jpg	https://pub-389127050a434f568c29dc66bdce2567.r2.dev/1785437195417-1785437195417.jpg,https://pub-389127050a434f568c29dc66bdce2567.r2.dev/1785437192187-1785437192187.jpg,https://pub-389127050a434f568c29dc66bdce2567.r2.dev/1785437185247-1785437185246.jpg	in stock	O Balcão 0,65 Darmovel é a escolha ideal para complementar sua cozinha com praticidade, resistência e um visual moderno. Compacto e funcional, ele oferece o espaço necessário para organização do dia a dia, sendo perfeito para ambientes menores ou para compor projetos planejados.<br>Produzido em MDP de 15mm, proporciona maior estabilidade e durabilidade na estrutura. Conta com dobradiças metálicas, que garantem melhor funcionamento e mais resistência no uso diário. Seus pés em plástico possuem regulagem de altura, facilitando o nivelamento do móvel mesmo em pisos irregulares.<br>Com design versátil e acabamento que combina facilmente com diferentes estilos de cozinha, o Balcão Darmovel une custo-benefício e funcionalidade para o seu ambiente.<br>Características:<br>Estrutura em MDP 15mm<br>Dobradiças metálicas<br>Pés plásticos com regulagem de altura<br>Design moderno e funcional<br>Ideal para cozinhas compactas<br>Dimensões:<br>Altura: 840 mm<br>Comprimento: 650 mm<br>Profundidade: 500 mm	299.00 BRL		Móveis Morante	new	Freijó Matt/Areia	unisex				no	999	Furniture
4b404dfa-a96f-4ad5-8cde-51baa2ad984a	Painel NT 1090 para Tv de até 60 Polegadas	O Painel NT 1190 - Notável, é ideal para a sua sala de TV, com desing clean se adequa a vários estilos de decoração. Possui uma prateleira para o apoio de itens decorativos.<br>Dimensões do Produto montado:<br>Altura: 108 cm<br>Largura: 163 cm<br>Profundidade: 20 cm<br>Observações:<br>- Prateleiras superior;<br>- Ideal para TV de até 60 polegadas;<br>- Pintura Ultravioleta com acabamento amadeirado na cor freijó trend.	https://moveismorante.com.br/produto/painel-nt-1090-para-tv-de-ate-60-polegadas	https://pub-389127050a434f568c29dc66bdce2567.r2.dev/1785160358954-1785160358953.jpg	https://pub-389127050a434f568c29dc66bdce2567.r2.dev/1785160371468-1785160371467.jpg,https://pub-389127050a434f568c29dc66bdce2567.r2.dev/1785160362341-1785160362341.jpg,https://pub-389127050a434f568c29dc66bdce2567.r2.dev/1785160365236-1785160365235.jpg,https://pub-389127050a434f568c29dc66bdce2567.r2.dev/1785160368157-1785160368157.jpg	in stock	O Painel NT 1190 - Notável, é ideal para a sua sala de TV, com desing clean se adequa a vários estilos de decoração. Possui uma prateleira para o apoio de itens decorativos.<br>Dimensões do Produto montado:<br>Altura: 108 cm<br>Largura: 163 cm<br>Profundidade: 20 cm<br>Observações:<br>- Prateleiras superior;<br>- Ideal para TV de até 60 polegadas;<br>- Pintura Ultravioleta com acabamento amadeirado na cor freijó trend.	399.00 BRL	349.00 BRL	Móveis Morante	new		unisex				no	10	Furniture
b4dc0852-40c5-414f-ac66-4adf5f650795	Cozinha Modulada 2,00m JK	Cozinha modulada 3 peças, em MDP, 3 gavetas, 9 portas, 2 nichos para forno. Como é modulada, os módulos/peça podem ser colocadas em posições diferentes.<br>Dimensões do aéreo:<br>119x31,5x60(L X P X A)<br>Dimensões de torre quente:<br>79cm x 52,5 x 200 x ( L x P x A)<br>Dimensões do balcão para pia:<br>Dimensões: 119 x 50 x 80 ( L X P X A)	https://moveismorante.com.br/produto/cozinha-modulada-200m-jk	https://pub-389127050a434f568c29dc66bdce2567.r2.dev/1785165468274-1785165468274.jpg	https://pub-389127050a434f568c29dc66bdce2567.r2.dev/1785165465038-1785165465037.jpg,https://pub-389127050a434f568c29dc66bdce2567.r2.dev/1785165458155-1785165458154.jpg,https://pub-389127050a434f568c29dc66bdce2567.r2.dev/1785165461490-1785165461490.jpg	in stock	Cozinha modulada 3 peças, em MDP, 3 gavetas, 9 portas, 2 nichos para forno. Como é modulada, os módulos/peça podem ser colocadas em posições diferentes.<br>Dimensões do aéreo:<br>119x31,5x60(L X P X A)<br>Dimensões de torre quente:<br>79cm x 52,5 x 200 x ( L x P x A)<br>Dimensões do balcão para pia:<br>Dimensões: 119 x 50 x 80 ( L X P X A)	1297.00 BRL		Móveis Morante	new		unisex				no	10	Furniture
586b0647-7083-41c6-9d38-4751c18f30c7	Sofá Kanis 2,00 Cinza Retrátil e Reclinável	Sofá Kanis 2,00 Retratíl e Reclinável Liberatti. O Estofado kanis garante todo o conforto que você merece, os assentos são produzidos com espuma D20, além disto ele também é retrátil e reclinável garantido mais comodidade no seu dia a dia. Produto desenvolvido com toda a qualidade e design inovador que sua casa merece.<br>Características:<br>Estrutura: Madeira de lei (Eucalipto) devidamente tratada<br>Encosto: Reclinável, composto por fibras<br>Assento: Retrátil, composto de espuma D-20<br>Braços: Compostos por espuma D-20<br>Precintas Elásticas no assento para maior resistência e durabilidade<br>Pés: Pés em PVC<br>Rodízios cristal<br>Revestimento em tecido<br>Sofá possui 2 assentos, porém comportam em média 3 lugares<br>Revestimento em tecido Veludo<br>Dimensões:<br>Altura: 110 cm<br>Largura: 200 cm<br>Profundidade: 110 cm<br>Peso: 100 Kg	https://moveismorante.com.br/produto/sofa-kanis-200-cinza-retratil-e-reclinavel	https://pub-389127050a434f568c29dc66bdce2567.r2.dev/1785174545649-1785174545648.jpg	https://pub-389127050a434f568c29dc66bdce2567.r2.dev/1785174547290-1785174547290.jpg,https://pub-389127050a434f568c29dc66bdce2567.r2.dev/1785174548821-1785174548821.jpg,https://pub-389127050a434f568c29dc66bdce2567.r2.dev/1785174550116-1785174550116.jpg,https://pub-389127050a434f568c29dc66bdce2567.r2.dev/1785174551348-1785174551347.jpg,https://pub-389127050a434f568c29dc66bdce2567.r2.dev/1785174552646-1785174552646.jpg,https://pub-389127050a434f568c29dc66bdce2567.r2.dev/1785174553924-1785174553923.jpg	in stock	Sofá Kanis 2,00 Retratíl e Reclinável Liberatti. O Estofado kanis garante todo o conforto que você merece, os assentos são produzidos com espuma D20, além disto ele também é retrátil e reclinável garantido mais comodidade no seu dia a dia. Produto desenvolvido com toda a qualidade e design inovador que sua casa merece.<br>Características:<br>Estrutura: Madeira de lei (Eucalipto) devidamente tratada<br>Encosto: Reclinável, composto por fibras<br>Assento: Retrátil, composto de espuma D-20<br>Braços: Compostos por espuma D-20<br>Precintas Elásticas no assento para maior resistência e durabilidade<br>Pés: Pés em PVC<br>Rodízios cristal<br>Revestimento em tecido<br>Sofá possui 2 assentos, porém comportam em média 3 lugares<br>Revestimento em tecido Veludo<br>Dimensões:<br>Altura: 110 cm<br>Largura: 200 cm<br>Profundidade: 110 cm<br>Peso: 100 Kg	2099.00 BRL	1599.00 BRL	Móveis Morante	new		unisex				no	10	Furniture
balcao-fruteira-flora-1-porta-1-gaveta-2-cestos-freijomattareia	Balcão Fruteira Flora 1 Porta 1 Gaveta 2 Cestos	Balcão Fruteira Flora 1 Porta 1 Gaveta, estrutura em mdp, com pés plástico, 2 Cestos de metal branco, 1 prateleira<br>Largura: 67<br>Profundidade: 37<br>Altura: 90	https://moveismorante.com.br/produto/balcao-fruteira-flora-1-porta-1-gaveta-2-cestos?var=106e6ff4-dfd9-4b20-8677-4c03a7cb3a88	https://pub-389127050a434f568c29dc66bdce2567.r2.dev/1785869846466-1785869846466.jpg	https://pub-389127050a434f568c29dc66bdce2567.r2.dev/1785869853069-1785869853069.jpg,https://pub-389127050a434f568c29dc66bdce2567.r2.dev/1785869860362-1785869860362.jpg	in stock	Balcão Fruteira Flora 1 Porta 1 Gaveta, estrutura em mdp, com pés plástico, 2 Cestos de metal branco, 1 prateleira<br>Largura: 67<br>Profundidade: 37<br>Altura: 90	299.00 BRL		Móveis Morante	new	Freijó Matt/Areia	unisex				no	999	Furniture
balcao-fruteira-flora-1-porta-1-gaveta-2-cestos-branco	Balcão Fruteira Flora 1 Porta 1 Gaveta 2 Cestos	Balcão Fruteira Flora 1 Porta 1 Gaveta, estrutura em mdp, com pés plástico, 2 Cestos de metal branco, 1 prateleira<br>Largura: 67<br>Profundidade: 37<br>Altura: 90	https://moveismorante.com.br/produto/balcao-fruteira-flora-1-porta-1-gaveta-2-cestos?var=42c22ddd-01fb-4768-b639-2e0feb41d583	https://pub-389127050a434f568c29dc66bdce2567.r2.dev/1785869872659-1785869872659.jpg	https://pub-389127050a434f568c29dc66bdce2567.r2.dev/1785869863765-1785869863765.jpg,https://pub-389127050a434f568c29dc66bdce2567.r2.dev/1785869869232-1785869869231.jpg,https://pub-389127050a434f568c29dc66bdce2567.r2.dev/1785869865827-1785869865827.jpg	in stock	Balcão Fruteira Flora 1 Porta 1 Gaveta, estrutura em mdp, com pés plástico, 2 Cestos de metal branco, 1 prateleira<br>Largura: 67<br>Profundidade: 37<br>Altura: 90	299.00 BRL		Móveis Morante	new	Branco	unisex				no	999	Furniture
37e653c7-530a-47f0-8cd7-ce3d53e6c04f	Balcão para Cooktop 5 Bocas 1 Porta com Tampo NT 3050	Balcão para Cooktop 5 Bocas 1 Porta com Tampo NT 3050 Notável Móveis, combina estilo com funcionalidade! Ele possui tampo para cooktop de 05 bocas, 1 gavetão com amplo espaço e corrediças telescópicas, além de uma porta com 1 prateleira interna para você organizar seus utensílios. Tem também espaço para forno micro-ondas que irá deixar tudo a mão no momento mais gostoso do dia!<br>Características:<br>Estrutura em MDP em 15mm<br>1 Nicho, suporta peso máximo de 16kg<br>1 Porta<br>1 Prateleira interna removível, suporta peso máximo de 2 kg<br>1 Gavetão com corrediça telescópica<br>Dobradiça super curva 26mm<br>Puxador em plástico VPS<br>Dimensões:<br>Altura: 87,20 cm<br>Largura: 110,6 cm<br>Profundidade: 52 cm<br>Peso: 31,6 kg	https://moveismorante.com.br/produto/balcao-para-cooktop-5-bocas-1-porta-com-tampo-nt-3050	https://pub-389127050a434f568c29dc66bdce2567.r2.dev/1785162433582-1785162433581.jpg	https://pub-389127050a434f568c29dc66bdce2567.r2.dev/1785162436266-1785162436266.jpg,https://pub-389127050a434f568c29dc66bdce2567.r2.dev/1785162438865-1785162438865.jpg,https://pub-389127050a434f568c29dc66bdce2567.r2.dev/1785162442667-1785162442667.jpg,https://pub-389127050a434f568c29dc66bdce2567.r2.dev/1785162445303-1785162445302.jpg,https://pub-389127050a434f568c29dc66bdce2567.r2.dev/1785162448609-1785162448608.jpg	in stock	Balcão para Cooktop 5 Bocas 1 Porta com Tampo NT 3050 Notável Móveis, combina estilo com funcionalidade! Ele possui tampo para cooktop de 05 bocas, 1 gavetão com amplo espaço e corrediças telescópicas, além de uma porta com 1 prateleira interna para você organizar seus utensílios. Tem também espaço para forno micro-ondas que irá deixar tudo a mão no momento mais gostoso do dia!<br>Características:<br>Estrutura em MDP em 15mm<br>1 Nicho, suporta peso máximo de 16kg<br>1 Porta<br>1 Prateleira interna removível, suporta peso máximo de 2 kg<br>1 Gavetão com corrediça telescópica<br>Dobradiça super curva 26mm<br>Puxador em plástico VPS<br>Dimensões:<br>Altura: 87,20 cm<br>Largura: 110,6 cm<br>Profundidade: 52 cm<br>Peso: 31,6 kg	399.00 BRL	329.00 BRL	Móveis Morante	new		unisex				no	10	Furniture
armario-multiuso-londres-c-chave-e-pes-branco	Armário Multiuso Londres c/ Chave e Pés	Armário multiuso 2 portas para guardar sapatos, roupas, produtos de limpeza etc, possui 3 opções de cores, material MDP, montagem grátis para a entrega ou retirada, portas, 4 prateleiras bem distribuídas, puxadores em ABS, novo.<br>📏 Dimensões:<br>Altura: 186 cm<br>Largura: 61 cm<br>Profundidade: 37.3 cm	https://moveismorante.com.br/produto/armario-multiuso-londres-c-chave-e-pes?var=81cab2f5-f6ac-494d-8eb2-40c36833b806	https://pub-389127050a434f568c29dc66bdce2567.r2.dev/1786541493496-1786541493496.jpg	https://pub-389127050a434f568c29dc66bdce2567.r2.dev/1786541466476-1786541466475.jpg,https://pub-389127050a434f568c29dc66bdce2567.r2.dev/1786541468972-1786541468972.jpg,https://pub-389127050a434f568c29dc66bdce2567.r2.dev/1786541470900-1786541470899.jpg,https://pub-389127050a434f568c29dc66bdce2567.r2.dev/1786541480765-1786541480764.jpg	in stock	Armário multiuso 2 portas para guardar sapatos, roupas, produtos de limpeza etc, possui 3 opções de cores, material MDP, montagem grátis para a entrega ou retirada, portas, 4 prateleiras bem distribuídas, puxadores em ABS, novo.<br>📏 Dimensões:<br>Altura: 186 cm<br>Largura: 61 cm<br>Profundidade: 37.3 cm	399.00 BRL		Móveis Morante	new	Branco	unisex				no	999	Furniture
armario-multiuso-londres-c-chave-e-pes-preto	Armário Multiuso Londres c/ Chave e Pés	Armário multiuso 2 portas para guardar sapatos, roupas, produtos de limpeza etc, possui 3 opções de cores, material MDP, montagem grátis para a entrega ou retirada, portas, 4 prateleiras bem distribuídas, puxadores em ABS, novo.<br>📏 Dimensões:<br>Altura: 186 cm<br>Largura: 61 cm<br>Profundidade: 37.3 cm	https://moveismorante.com.br/produto/armario-multiuso-londres-c-chave-e-pes?var=75143cfa-93f0-4540-9ca5-58f523e143a4	https://pub-389127050a434f568c29dc66bdce2567.r2.dev/1786541458570-1786541458569.jpg	https://pub-389127050a434f568c29dc66bdce2567.r2.dev/1786541475256-1786541475256.jpg,https://pub-389127050a434f568c29dc66bdce2567.r2.dev/1786541461108-1786541461108.jpg,https://pub-389127050a434f568c29dc66bdce2567.r2.dev/1786541463807-1786541463806.jpg,https://pub-389127050a434f568c29dc66bdce2567.r2.dev/1786541477739-1786541477739.jpg,https://pub-389127050a434f568c29dc66bdce2567.r2.dev/1786541480765-1786541480764.jpg	in stock	Armário multiuso 2 portas para guardar sapatos, roupas, produtos de limpeza etc, possui 3 opções de cores, material MDP, montagem grátis para a entrega ou retirada, portas, 4 prateleiras bem distribuídas, puxadores em ABS, novo.<br>📏 Dimensões:<br>Altura: 186 cm<br>Largura: 61 cm<br>Profundidade: 37.3 cm	399.00 BRL		Móveis Morante	new	Preto	unisex				no	999	Furniture
balcao-viena-multiuso-com-gaveta-e-porta-freijobaunilha	Balcão Viena Multiuso com Gaveta e Porta	O Painel NT 1190 - Notável, é ideal para a sua sala de TV, com desing clean se adequa a vários estilos de decoração. Possui uma prateleira para o apoio de itens decorativos.<br>Dimensões do Produto montado:<br>Altura: 108 cm<br>Largura: 163 cm<br>Profundidade: 20 cm<br>Observações:<br>- Prateleiras superior;<br>- Ideal para TV de até 60 polegadas;<br>- Pintura Ultravioleta com acabamento amadeirado na cor freijó trend.	https://moveismorante.com.br/produto/balcao-viena-multiuso-com-gaveta-e-porta?var=79b0ef77-5c51-44d6-ac99-07c4d8a0a497	https://pub-389127050a434f568c29dc66bdce2567.r2.dev/1785160961445-1785160961444.jpg	https://pub-389127050a434f568c29dc66bdce2567.r2.dev/1785160966168-1785160966166.jpg,https://pub-389127050a434f568c29dc66bdce2567.r2.dev/1785160969347-1785160969346.jpg,https://pub-389127050a434f568c29dc66bdce2567.r2.dev/1785160972064-1785160972064.jpg	out of stock	O Painel NT 1190 - Notável, é ideal para a sua sala de TV, com desing clean se adequa a vários estilos de decoração. Possui uma prateleira para o apoio de itens decorativos.<br>Dimensões do Produto montado:<br>Altura: 108 cm<br>Largura: 163 cm<br>Profundidade: 20 cm<br>Observações:<br>- Prateleiras superior;<br>- Ideal para TV de até 60 polegadas;<br>- Pintura Ultravioleta com acabamento amadeirado na cor freijó trend.	199.00 BRL		Móveis Morante	new	Freijó/Baunilha	unisex				no	0	Furniture
balcao-viena-multiuso-com-gaveta-e-porta-branco	Balcão Viena Multiuso com Gaveta e Porta	O Painel NT 1190 - Notável, é ideal para a sua sala de TV, com desing clean se adequa a vários estilos de decoração. Possui uma prateleira para o apoio de itens decorativos.<br>Dimensões do Produto montado:<br>Altura: 108 cm<br>Largura: 163 cm<br>Profundidade: 20 cm<br>Observações:<br>- Prateleiras superior;<br>- Ideal para TV de até 60 polegadas;<br>- Pintura Ultravioleta com acabamento amadeirado na cor freijó trend.	https://moveismorante.com.br/produto/balcao-viena-multiuso-com-gaveta-e-porta?var=b700e5f3-63c1-404f-9dfb-055081310689	https://pub-389127050a434f568c29dc66bdce2567.r2.dev/1785160983276-1785160983275.jpg	https://pub-389127050a434f568c29dc66bdce2567.r2.dev/1785160987102-1785160987102.jpg,https://pub-389127050a434f568c29dc66bdce2567.r2.dev/1785160990653-1785160990653.jpg,https://pub-389127050a434f568c29dc66bdce2567.r2.dev/1785160994526-1785160994525.jpg,https://pub-389127050a434f568c29dc66bdce2567.r2.dev/1785160997534-1785160997533.jpg	out of stock	O Painel NT 1190 - Notável, é ideal para a sua sala de TV, com desing clean se adequa a vários estilos de decoração. Possui uma prateleira para o apoio de itens decorativos.<br>Dimensões do Produto montado:<br>Altura: 108 cm<br>Largura: 163 cm<br>Profundidade: 20 cm<br>Observações:<br>- Prateleiras superior;<br>- Ideal para TV de até 60 polegadas;<br>- Pintura Ultravioleta com acabamento amadeirado na cor freijó trend.	199.00 BRL		Móveis Morante	new	Branco	unisex				no	0	Furniture
comoda-texas-5-gavetas-2-portas-132m-freijografite	Cômoda Texas 5 Gavetas 2 Portas 1.32m	Com a cômoda Texas seu quarto estará completo e seus pertences bem organizados. Fabricado em MDP possui cinco gavetas com corrediças telescópicas. Possui duas portas com espaço para os calçados.<br>Características: Estrutura em MDP, 5 Gavetas com corrediças telescópicas 2 Portas 2 Prateleiras que suportam até 7kg Gavetas suportam até 5kg Puxador em MDF.<br>📏 Dimensões: Altura: 108 cm Largura: 132,4 cm Profundidade: 45 cm	https://moveismorante.com.br/produto/comoda-texas-5-gavetas-2-portas-132m?var=d4899fde-77fd-4bb8-ae89-9436f30f4805	https://pub-389127050a434f568c29dc66bdce2567.r2.dev/1785166396819-1785166396818.jpg	https://pub-389127050a434f568c29dc66bdce2567.r2.dev/1785166421039-1785166421039.jpg,https://pub-389127050a434f568c29dc66bdce2567.r2.dev/1785184315396-pasted_1785184315396.jpg,https://pub-389127050a434f568c29dc66bdce2567.r2.dev/1785184331941-pasted_1785184331941.jpg	in stock	Com a cômoda Texas seu quarto estará completo e seus pertences bem organizados. Fabricado em MDP possui cinco gavetas com corrediças telescópicas. Possui duas portas com espaço para os calçados.<br>Características: Estrutura em MDP, 5 Gavetas com corrediças telescópicas 2 Portas 2 Prateleiras que suportam até 7kg Gavetas suportam até 5kg Puxador em MDF.<br>📏 Dimensões: Altura: 108 cm Largura: 132,4 cm Profundidade: 45 cm	799.00 BRL		Móveis Morante	new	Freijó/Grafite	unisex				no	999	Furniture
comoda-texas-5-gavetas-2-portas-132m-freijooffwhite	Cômoda Texas 5 Gavetas 2 Portas 1.32m	Com a cômoda Texas seu quarto estará completo e seus pertences bem organizados. Fabricado em MDP possui cinco gavetas com corrediças telescópicas. Possui duas portas com espaço para os calçados.<br>Características: Estrutura em MDP, 5 Gavetas com corrediças telescópicas 2 Portas 2 Prateleiras que suportam até 7kg Gavetas suportam até 5kg Puxador em MDF.<br>📏 Dimensões: Altura: 108 cm Largura: 132,4 cm Profundidade: 45 cm	https://moveismorante.com.br/produto/comoda-texas-5-gavetas-2-portas-132m?var=dc6075bb-a4ae-47a1-b5cd-8113776c895d	https://pub-389127050a434f568c29dc66bdce2567.r2.dev/1785166442422-1785166442420.jpg	https://pub-389127050a434f568c29dc66bdce2567.r2.dev/1785166448239-1785166448239.jpg,https://pub-389127050a434f568c29dc66bdce2567.r2.dev/1785166438904-1785166438904.jpg,https://pub-389127050a434f568c29dc66bdce2567.r2.dev/1785166451961-1785166451960.jpg,https://pub-389127050a434f568c29dc66bdce2567.r2.dev/1785184331941-pasted_1785184331941.jpg	in stock	Com a cômoda Texas seu quarto estará completo e seus pertences bem organizados. Fabricado em MDP possui cinco gavetas com corrediças telescópicas. Possui duas portas com espaço para os calçados.<br>Características: Estrutura em MDP, 5 Gavetas com corrediças telescópicas 2 Portas 2 Prateleiras que suportam até 7kg Gavetas suportam até 5kg Puxador em MDF.<br>📏 Dimensões: Altura: 108 cm Largura: 132,4 cm Profundidade: 45 cm	799.00 BRL		Móveis Morante	new	Freijó/Off White	unisex				no	999	Furniture
comoda-texas-5-gavetas-2-portas-132m-branco	Cômoda Texas 5 Gavetas 2 Portas 1.32m	Com a cômoda Texas seu quarto estará completo e seus pertences bem organizados. Fabricado em MDP possui cinco gavetas com corrediças telescópicas. Possui duas portas com espaço para os calçados.<br>Características: Estrutura em MDP, 5 Gavetas com corrediças telescópicas 2 Portas 2 Prateleiras que suportam até 7kg Gavetas suportam até 5kg Puxador em MDF.<br>📏 Dimensões: Altura: 108 cm Largura: 132,4 cm Profundidade: 45 cm	https://moveismorante.com.br/produto/comoda-texas-5-gavetas-2-portas-132m?var=cfe1b776-57ea-48c1-9c9f-0d2f297c989e	https://pub-389127050a434f568c29dc66bdce2567.r2.dev/1785184376338-1785184376338.jpg	https://pub-389127050a434f568c29dc66bdce2567.r2.dev/1785184372427-1785184372426.jpg,https://pub-389127050a434f568c29dc66bdce2567.r2.dev/1785184389793-1785184389792.jpg,https://pub-389127050a434f568c29dc66bdce2567.r2.dev/1785184331941-pasted_1785184331941.jpg	in stock	Com a cômoda Texas seu quarto estará completo e seus pertences bem organizados. Fabricado em MDP possui cinco gavetas com corrediças telescópicas. Possui duas portas com espaço para os calçados.<br>Características: Estrutura em MDP, 5 Gavetas com corrediças telescópicas 2 Portas 2 Prateleiras que suportam até 7kg Gavetas suportam até 5kg Puxador em MDF.<br>📏 Dimensões: Altura: 108 cm Largura: 132,4 cm Profundidade: 45 cm	799.00 BRL		Móveis Morante	new	Branco	unisex				no	999	Furniture
mesa-industrial-118m-para-escritorio-canelabranco	Mesa Industrial 1,18m para Escritório	Para quem quer elegância e ter uma rotina de trabalho mais funcional, a Mesa Secretária 1,18 mt é a escolha ideal! Seja em escritório formal ou para um home office, a mesa secretária linha industrial possui um design moderno, mesclando a madeira MDP, com sete camadas de pintura e textura touch, com a estrutura metálica, pintada com tinta epóxi, super-resistente a umidade, deixando ela mais durável e fácil de limpar. Com espaço de sobra para colocar todos os seus objetos de trabalho, a mesa secretária freijó é resistente e sofisticada, combinando com qualquer estilo de decoração.<br>Peso máximo suportado<br>60 Kg<br>Pés<br>De Metal<br>Acabamento<br>Pintura Touch<br>Altura<br>76.00cm<br>Largura<br>118.00cm<br>Profundidade<br>60.00cm	https://moveismorante.com.br/produto/mesa-industrial-118m-para-escritorio?var=cc31e9b9-a3d6-45e9-a056-34751d6dc9a1	https://pub-389127050a434f568c29dc66bdce2567.r2.dev/1785852458067-1785852458066.jpg	https://pub-389127050a434f568c29dc66bdce2567.r2.dev/1785852412134-1785852412134.jpg,https://pub-389127050a434f568c29dc66bdce2567.r2.dev/1785852409581-1785852409581.jpg	in stock	Para quem quer elegância e ter uma rotina de trabalho mais funcional, a Mesa Secretária 1,18 mt é a escolha ideal! Seja em escritório formal ou para um home office, a mesa secretária linha industrial possui um design moderno, mesclando a madeira MDP, com sete camadas de pintura e textura touch, com a estrutura metálica, pintada com tinta epóxi, super-resistente a umidade, deixando ela mais durável e fácil de limpar. Com espaço de sobra para colocar todos os seus objetos de trabalho, a mesa secretária freijó é resistente e sofisticada, combinando com qualquer estilo de decoração.<br>Peso máximo suportado<br>60 Kg<br>Pés<br>De Metal<br>Acabamento<br>Pintura Touch<br>Altura<br>76.00cm<br>Largura<br>118.00cm<br>Profundidade<br>60.00cm	349.00 BRL		Móveis Morante	new	Canela/Branco	unisex				no	999	Furniture
mesa-industrial-118m-para-escritorio-carvalhopreto	Mesa Industrial 1,18m para Escritório	Para quem quer elegância e ter uma rotina de trabalho mais funcional, a Mesa Secretária 1,18 mt é a escolha ideal! Seja em escritório formal ou para um home office, a mesa secretária linha industrial possui um design moderno, mesclando a madeira MDP, com sete camadas de pintura e textura touch, com a estrutura metálica, pintada com tinta epóxi, super-resistente a umidade, deixando ela mais durável e fácil de limpar. Com espaço de sobra para colocar todos os seus objetos de trabalho, a mesa secretária freijó é resistente e sofisticada, combinando com qualquer estilo de decoração.<br>Peso máximo suportado<br>60 Kg<br>Pés<br>De Metal<br>Acabamento<br>Pintura Touch<br>Altura<br>76.00cm<br>Largura<br>118.00cm<br>Profundidade<br>60.00cm	https://moveismorante.com.br/produto/mesa-industrial-118m-para-escritorio?var=8392f728-b2c1-4f45-8f52-ec2b495fcce9	https://pub-389127050a434f568c29dc66bdce2567.r2.dev/1785852393380-1785852393380.jpg	https://pub-389127050a434f568c29dc66bdce2567.r2.dev/1785852396054-1785852396053.jpg,https://pub-389127050a434f568c29dc66bdce2567.r2.dev/1785852398086-1785852398086.jpg,https://pub-389127050a434f568c29dc66bdce2567.r2.dev/1785852401156-1785852401156.jpg	in stock	Para quem quer elegância e ter uma rotina de trabalho mais funcional, a Mesa Secretária 1,18 mt é a escolha ideal! Seja em escritório formal ou para um home office, a mesa secretária linha industrial possui um design moderno, mesclando a madeira MDP, com sete camadas de pintura e textura touch, com a estrutura metálica, pintada com tinta epóxi, super-resistente a umidade, deixando ela mais durável e fácil de limpar. Com espaço de sobra para colocar todos os seus objetos de trabalho, a mesa secretária freijó é resistente e sofisticada, combinando com qualquer estilo de decoração.<br>Peso máximo suportado<br>60 Kg<br>Pés<br>De Metal<br>Acabamento<br>Pintura Touch<br>Altura<br>76.00cm<br>Largura<br>118.00cm<br>Profundidade<br>60.00cm	349.00 BRL		Móveis Morante	new	Carvalho/Preto	unisex				no	999	Furniture
prod-freijomattareia	Armário Aéreo 1,20 3 Portas Darmovel	Armário Aéreo 3 Portas, em MDP 15mm, dobradiças de metal.<br>Largura: 120cm<br>Profundidade: 32cm<br>Altura:55cm	https://moveismorante.com.br/produto/armario-aereo-120-3-portas-darmovel?var=ec299c1b-44f3-471f-bad9-bb22db321c38	https://pub-389127050a434f568c29dc66bdce2567.r2.dev/1785263367330-pasted_1785263367330.jpg	https://pub-389127050a434f568c29dc66bdce2567.r2.dev/1785263388451-pasted_1785263388451.jpg,https://pub-389127050a434f568c29dc66bdce2567.r2.dev/1785263395877-pasted_1785263395877.jpg,https://pub-389127050a434f568c29dc66bdce2567.r2.dev/1785263379273-pasted_1785263379272.jpg	in stock	Armário Aéreo 3 Portas, em MDP 15mm, dobradiças de metal.<br>Largura: 120cm<br>Profundidade: 32cm<br>Altura:55cm	299.00 BRL		Móveis Morante	new	Freijó Matt/Areia	unisex				no	999	Furniture
prod-branco	Armário Aéreo 1,20 3 Portas Darmovel	Armário Aéreo 3 Portas, em MDP 15mm, dobradiças de metal.<br>Largura: 120cm<br>Profundidade: 32cm<br>Altura:55cm	https://moveismorante.com.br/produto/armario-aereo-120-3-portas-darmovel?var=b0df7173-d11f-4d24-817d-0f12668438bb	https://pub-389127050a434f568c29dc66bdce2567.r2.dev/1785263460913-pasted_1785263460913.jpg	https://pub-389127050a434f568c29dc66bdce2567.r2.dev/1785263466584-pasted_1785263466583.jpg,https://pub-389127050a434f568c29dc66bdce2567.r2.dev/1785263470902-pasted_1785263470901.jpg,https://pub-389127050a434f568c29dc66bdce2567.r2.dev/1785263475590-pasted_1785263475590.jpg	in stock	Armário Aéreo 3 Portas, em MDP 15mm, dobradiças de metal.<br>Largura: 120cm<br>Profundidade: 32cm<br>Altura:55cm	299.00 BRL		Móveis Morante	new	Branco	unisex				no	999	Furniture
91b5869a-2393-42e2-82fd-c3baf384ab0d	Penteadeira Camarim com Espelho LED 3 Gavetas 2 Portas Carisma	Penteadeira Camarim Carisma Demobile é um modelo desenvolvido especialmente para facilitar e organizar pertences de maquiagem e beleza. Oferecendo um amplo espelho iluminado por quatro leds, três gavetas sendo a central com corrediças telescópicas e divisor para objetos, além de dois compartimentos com portas para pertences e acomodação de pertences maiores. Para garantir a qualidade do produto dentro da embalagem, as caixas são revestidas por um plástico termo encolhível e todas as peças são separadas por isomanta, tudo para preservar e evitar o atrito entre as peças dentro da embalagem. Você contará também com um manual com o passo a passo para auxiliar no momento da sua montagem.<br>Características:<br>MDP 15mm 12mm<br>Pintura UV<br>3 gavetas<br>2 Portas<br>Luz led<br>Obs.: Não acompanha banqueta<br>Dimensões:<br>Altura: 134 cm<br>Largura: 108 cm<br>Profundidade: 41 cm<br>Peso: 36,2 kg	https://moveismorante.com.br/produto/penteadeira-camarim-com-espelho-led-3-gavetas-2-portas-carisma	https://pub-389127050a434f568c29dc66bdce2567.r2.dev/1785252946164-1785252946162.jpg	https://pub-389127050a434f568c29dc66bdce2567.r2.dev/1785252947817-1785252947816.jpg,https://pub-389127050a434f568c29dc66bdce2567.r2.dev/1785252949101-1785252949100.jpg,https://pub-389127050a434f568c29dc66bdce2567.r2.dev/1785252950351-1785252950351.jpg,https://pub-389127050a434f568c29dc66bdce2567.r2.dev/1785252951674-1785252951673.jpg,https://pub-389127050a434f568c29dc66bdce2567.r2.dev/1785252953060-1785252953059.jpg,https://pub-389127050a434f568c29dc66bdce2567.r2.dev/1785252954244-1785252954244.jpg,https://pub-389127050a434f568c29dc66bdce2567.r2.dev/1785252955551-1785252955551.jpg,https://pub-389127050a434f568c29dc66bdce2567.r2.dev/1785252956773-1785252956772.jpg,https://pub-389127050a434f568c29dc66bdce2567.r2.dev/1785252958173-1785252958172.jpg,https://pub-389127050a434f568c29dc66bdce2567.r2.dev/1785252959522-1785252959521.jpg,https://pub-389127050a434f568c29dc66bdce2567.r2.dev/1785252961275-1785252961275.jpg	in stock	Penteadeira Camarim Carisma Demobile é um modelo desenvolvido especialmente para facilitar e organizar pertences de maquiagem e beleza. Oferecendo um amplo espelho iluminado por quatro leds, três gavetas sendo a central com corrediças telescópicas e divisor para objetos, além de dois compartimentos com portas para pertences e acomodação de pertences maiores. Para garantir a qualidade do produto dentro da embalagem, as caixas são revestidas por um plástico termo encolhível e todas as peças são separadas por isomanta, tudo para preservar e evitar o atrito entre as peças dentro da embalagem. Você contará também com um manual com o passo a passo para auxiliar no momento da sua montagem.<br>Características:<br>MDP 15mm 12mm<br>Pintura UV<br>3 gavetas<br>2 Portas<br>Luz led<br>Obs.: Não acompanha banqueta<br>Dimensões:<br>Altura: 134 cm<br>Largura: 108 cm<br>Profundidade: 41 cm<br>Peso: 36,2 kg	849.00 BRL	649.00 BRL	Móveis Morante	new		unisex				no	10	Furniture
fbab27e4-8ba2-4d84-bef3-9f28b4358658	Conjunto Mesa com 6 Cadeiras com Vidro Salvados	A Mesa de Jantar com 6 Cadeiras é perfeita para quem busca um ambiente moderno, elegante e funcional. Com design sofisticado e acabamento de alta qualidade, ela valoriza a decoração da sala de jantar e oferece conforto para toda a família.<br>Seu tampo em MDF de 25mm proporciona excelente resistência e durabilidade, enquanto a superfície de vidro agrega sofisticação e facilita a limpeza no dia a dia. A base estilo aberta em MDF de 15mm traz um visual contemporâneo e elegante, deixando o ambiente mais leve e moderno.<br>As 6 cadeiras possuem estrutura em MDF reforçado, pés de 25mm e encosto com apoio de mão em 40mm, garantindo maior conforto e estabilidade. O revestimento em tecido linho oferece um toque macio e sofisticado, ideal para compor ambientes aconchegantes.<br>Dimensões da Mesa<br>Comprimento: 1,60m<br>Largura: 80cm<br>Altura: 77,5cm<br>Diferenciais<br>Superfície com vidro<br>Tampo em MDF 25mm<br>Base estilo aberta em MDF 15mm<br>Cadeiras com estrutura reforçada<br>Pés de 25mm<br>Encosto com apoio de mão 40mm<br>Revestimento em tecido linho<br>Design moderno e sofisticado<br>Ideal para salas de jantar elegantes e funcionais<br>Um conjunto pensado para unir beleza, conforto e durabilidade no seu dia a dia.	https://moveismorante.com.br/produto/conjunto-mesa-com-6-cadeiras-com-vidro-salvados	https://pub-389127050a434f568c29dc66bdce2567.r2.dev/1785434366257-1785434366256.jpg	https://pub-389127050a434f568c29dc66bdce2567.r2.dev/1785434369348-1785434369347.jpg,https://pub-389127050a434f568c29dc66bdce2567.r2.dev/1785434372427-1785434372427.jpg,https://pub-389127050a434f568c29dc66bdce2567.r2.dev/1785434376332-1785434376332.jpg,https://pub-389127050a434f568c29dc66bdce2567.r2.dev/1785434380918-1785434380918.jpg,https://pub-389127050a434f568c29dc66bdce2567.r2.dev/1785434384671-1785434384671.jpg,https://pub-389127050a434f568c29dc66bdce2567.r2.dev/1785434389074-1785434389074.jpg,https://pub-389127050a434f568c29dc66bdce2567.r2.dev/1785434392898-1785434392897.jpg	in stock	A Mesa de Jantar com 6 Cadeiras é perfeita para quem busca um ambiente moderno, elegante e funcional. Com design sofisticado e acabamento de alta qualidade, ela valoriza a decoração da sala de jantar e oferece conforto para toda a família.<br>Seu tampo em MDF de 25mm proporciona excelente resistência e durabilidade, enquanto a superfície de vidro agrega sofisticação e facilita a limpeza no dia a dia. A base estilo aberta em MDF de 15mm traz um visual contemporâneo e elegante, deixando o ambiente mais leve e moderno.<br>As 6 cadeiras possuem estrutura em MDF reforçado, pés de 25mm e encosto com apoio de mão em 40mm, garantindo maior conforto e estabilidade. O revestimento em tecido linho oferece um toque macio e sofisticado, ideal para compor ambientes aconchegantes.<br>Dimensões da Mesa<br>Comprimento: 1,60m<br>Largura: 80cm<br>Altura: 77,5cm<br>Diferenciais<br>Superfície com vidro<br>Tampo em MDF 25mm<br>Base estilo aberta em MDF 15mm<br>Cadeiras com estrutura reforçada<br>Pés de 25mm<br>Encosto com apoio de mão 40mm<br>Revestimento em tecido linho<br>Design moderno e sofisticado<br>Ideal para salas de jantar elegantes e funcionais<br>Um conjunto pensado para unir beleza, conforto e durabilidade no seu dia a dia.	2599.00 BRL	1799.00 BRL	Móveis Morante	new		unisex				no	10	Furniture
43022015-34a6-4d2e-8a99-0c159d2a07d0	Armário Aéreo 1,20 3 Portas	Armário aéreo, 3 portas, montagem incluida, MDP.<br>Dimensões: L120cm x P31,5cm x A60cm.	https://moveismorante.com.br/produto/armario-aereo-120-3-portas	https://pub-389127050a434f568c29dc66bdce2567.r2.dev/1786329586702-1786329586702.jpg	https://pub-389127050a434f568c29dc66bdce2567.r2.dev/1786329596997-1786329596997.jpg,https://pub-389127050a434f568c29dc66bdce2567.r2.dev/1786329592119-1786329592119.jpg	in stock	Armário aéreo, 3 portas, montagem incluida, MDP.<br>Dimensões: L120cm x P31,5cm x A60cm.	349.00 BRL	299.00 BRL	Móveis Morante	new		unisex				no	10	Furniture
base-box-de-solteiro-para-colchao-88-preto	Base Box de Solteiro para Colchão 88	Base box de solteiro para colchão de 88 de largura, estrutura em eucalipto tecido suede, novo<br>Dimensões: 27x88x188	https://moveismorante.com.br/produto/base-box-de-solteiro-para-colchao-88?var=85d13e87-bc7a-454c-9a40-369a38bb72a5	https://pub-389127050a434f568c29dc66bdce2567.r2.dev/1786470194433-1786470194431.jpg	https://pub-389127050a434f568c29dc66bdce2567.r2.dev/1786470198082-1786470198081.jpg,https://pub-389127050a434f568c29dc66bdce2567.r2.dev/1786470201231-1786470201230.jpg	in stock	Base box de solteiro para colchão de 88 de largura, estrutura em eucalipto tecido suede, novo<br>Dimensões: 27x88x188	299.00 BRL		Móveis Morante	new	Preto	unisex				no	999	Furniture
base-box-de-solteiro-para-colchao-88-marrom	Base Box de Solteiro para Colchão 88	Base box de solteiro para colchão de 88 de largura, estrutura em eucalipto tecido suede, novo<br>Dimensões: 27x88x188	https://moveismorante.com.br/produto/base-box-de-solteiro-para-colchao-88?var=007ed18d-8130-4022-aa13-9bc481b09068	https://pub-389127050a434f568c29dc66bdce2567.r2.dev/1786470070452-1786470070450.jpg	https://pub-389127050a434f568c29dc66bdce2567.r2.dev/1786470073039-1786470073039.jpg,https://pub-389127050a434f568c29dc66bdce2567.r2.dev/1786470076186-1786470076186.jpg	in stock	Base box de solteiro para colchão de 88 de largura, estrutura em eucalipto tecido suede, novo<br>Dimensões: 27x88x188	299.00 BRL		Móveis Morante	new	Marrom	unisex				no	999	Furniture
comoda-texas-4-gavetas-2-portas-moval-branco	Cômoda Texas 4 Gavetas 2 Portas Moval	A cômoda Texas é um móvel versátil e elegante, oferecendo características que combinam organização e design ao seu ambiente.<br> <br>Características:<br>Estrutura em MDP<br>4 Gavetas 2 Portas<br>2 Portas<br>Corrediças telescópicas,<br>Dobradiças 35mm com amortecedor,<br>Portas com detalhes ripados,<br>Pés em pvc<br>Puxadores usinados.<br>Gaveta suporta peso de até 8kg cada<br>Prateleira suporta peso de até 6kg cada<br> <br> <br>Dimensões:<br>Altura: 105 cm<br>Largura: 147 cm<br>Profundidade: 47 cm<br>Peso: 58,80 kg	https://moveismorante.com.br/produto/comoda-texas-4-gavetas-2-portas-moval?var=7eda63e7-a662-4b56-9bac-9332edac4c29	https://pub-389127050a434f568c29dc66bdce2567.r2.dev/1786498782444-1786498782444.jpg	https://pub-389127050a434f568c29dc66bdce2567.r2.dev/1786498826691-1786498826691.jpg,https://pub-389127050a434f568c29dc66bdce2567.r2.dev/1786498807648-1786498807648.jpg,https://pub-389127050a434f568c29dc66bdce2567.r2.dev/1786498812918-1786498812918.jpg,https://pub-389127050a434f568c29dc66bdce2567.r2.dev/1786498815910-1786498815910.jpg	in stock	A cômoda Texas é um móvel versátil e elegante, oferecendo características que combinam organização e design ao seu ambiente.<br> <br>Características:<br>Estrutura em MDP<br>4 Gavetas 2 Portas<br>2 Portas<br>Corrediças telescópicas,<br>Dobradiças 35mm com amortecedor,<br>Portas com detalhes ripados,<br>Pés em pvc<br>Puxadores usinados.<br>Gaveta suporta peso de até 8kg cada<br>Prateleira suporta peso de até 6kg cada<br> <br> <br>Dimensões:<br>Altura: 105 cm<br>Largura: 147 cm<br>Profundidade: 47 cm<br>Peso: 58,80 kg	949.00 BRL		Móveis Morante	new	Branco	unisex				no	999	Furniture
comoda-texas-4-gavetas-2-portas-moval-freijooffwhite	Cômoda Texas 4 Gavetas 2 Portas Moval	A cômoda Texas é um móvel versátil e elegante, oferecendo características que combinam organização e design ao seu ambiente.<br> <br>Características:<br>Estrutura em MDP<br>4 Gavetas 2 Portas<br>2 Portas<br>Corrediças telescópicas,<br>Dobradiças 35mm com amortecedor,<br>Portas com detalhes ripados,<br>Pés em pvc<br>Puxadores usinados.<br>Gaveta suporta peso de até 8kg cada<br>Prateleira suporta peso de até 6kg cada<br> <br> <br>Dimensões:<br>Altura: 105 cm<br>Largura: 147 cm<br>Profundidade: 47 cm<br>Peso: 58,80 kg	https://moveismorante.com.br/produto/comoda-texas-4-gavetas-2-portas-moval?var=4025d3a3-7943-49a1-901d-2133efbe4308	https://pub-389127050a434f568c29dc66bdce2567.r2.dev/1786498784987-1786498784987.jpg	https://pub-389127050a434f568c29dc66bdce2567.r2.dev/1786498790996-1786498790996.jpg,https://pub-389127050a434f568c29dc66bdce2567.r2.dev/1786498800158-1786498800158.jpg,https://pub-389127050a434f568c29dc66bdce2567.r2.dev/1786498794393-1786498794393.jpg,https://pub-389127050a434f568c29dc66bdce2567.r2.dev/1786498807648-1786498807648.jpg	in stock	A cômoda Texas é um móvel versátil e elegante, oferecendo características que combinam organização e design ao seu ambiente.<br> <br>Características:<br>Estrutura em MDP<br>4 Gavetas 2 Portas<br>2 Portas<br>Corrediças telescópicas,<br>Dobradiças 35mm com amortecedor,<br>Portas com detalhes ripados,<br>Pés em pvc<br>Puxadores usinados.<br>Gaveta suporta peso de até 8kg cada<br>Prateleira suporta peso de até 6kg cada<br> <br> <br>Dimensões:<br>Altura: 105 cm<br>Largura: 147 cm<br>Profundidade: 47 cm<br>Peso: 58,80 kg	949.00 BRL		Móveis Morante	new	Freijó/Off White	unisex				no	999	Furniture
balcao-para-pia-de-120m-pop-darmovel-freijomattareia	Balcão para Pia de 1,20m Pop Darmovel	Balcão para pia POP, DARMOVEL, MDP, dobradiças metálicas e corrediças metálicas, pés de plástico<br>Largura: 120<br>Profundidade:51<br>altura: 81,5	https://moveismorante.com.br/produto/balcao-para-pia-de-120m-pop-darmovel?var=76a3315e-588b-49a0-b0da-f022c542ca9e	https://pub-389127050a434f568c29dc66bdce2567.r2.dev/1785434012843-1785434012841.jpg	https://pub-389127050a434f568c29dc66bdce2567.r2.dev/1785434019171-1785434019171.jpg,https://pub-389127050a434f568c29dc66bdce2567.r2.dev/1785434023894-1785434023893.jpg,https://pub-389127050a434f568c29dc66bdce2567.r2.dev/1785434036172-1785434036172.jpg	in stock	Balcão para pia POP, DARMOVEL, MDP, dobradiças metálicas e corrediças metálicas, pés de plástico<br>Largura: 120<br>Profundidade:51<br>altura: 81,5	349.00 BRL		Móveis Morante	new	Freijó Matt/Areia	unisex				no	999	Furniture
balcao-para-pia-de-120m-pop-darmovel-branco	Balcão para Pia de 1,20m Pop Darmovel	Balcão para pia POP, DARMOVEL, MDP, dobradiças metálicas e corrediças metálicas, pés de plástico<br>Largura: 120<br>Profundidade:51<br>altura: 81,5	https://moveismorante.com.br/produto/balcao-para-pia-de-120m-pop-darmovel?var=72f626a5-7239-4ab4-839b-ef3129f07759	https://pub-389127050a434f568c29dc66bdce2567.r2.dev/1785434040196-1785434040196.jpg	https://pub-389127050a434f568c29dc66bdce2567.r2.dev/1785434036172-1785434036172.jpg,https://pub-389127050a434f568c29dc66bdce2567.r2.dev/1785434032525-1785434032525.jpg,https://pub-389127050a434f568c29dc66bdce2567.r2.dev/1785434028971-1785434028970.jpg	in stock	Balcão para pia POP, DARMOVEL, MDP, dobradiças metálicas e corrediças metálicas, pés de plástico<br>Largura: 120<br>Profundidade:51<br>altura: 81,5	349.00 BRL		Móveis Morante	new	Branco	unisex				no	999	Furniture
f1d68820-a9c7-4e70-94e0-87e563dc60ab	Sofá 3 Lugares Veludo 180cm Vicente Viero Móveis	Se você busca por um móvel para transformar sua sala de estar, vai se apaixonar pelo Sofá Vicente Viero. Com 3 lugares, ele é aconchegante e possui um visual que vai elevar a decoração do espaço para outro nível. Estrutura em eucalipto, proporcionando durabilidade e resistência. Conta com espuma D23, garantindo conforto e suporte adequado. Cada assento suporta 90 kg, possui uma mola para maior sustentação e durabilidade. O Sofá Vicente Viero é a escolha ideal para quem deseja combinar conforto, estilo e qualidade em um só móvel, transformando a sala de estar em um espaço ainda mais convidativo e elegante.<br>Características:<br>3 Lugares<br>Acompanha 2 almofadas<br>Encosto fixo<br>Estrutura em Eucalipto<br>Almofadas 100% fibra siliconada<br>5 pés de madeira<br>Possui percinta elástica<br>Revestimento em tecido veludo<br>Assento espuma D23<br>Suporta até 90 kg por assento<br>1 mola por assento<br>Dimensões:<br>Altura: 86,5 cm<br>Largura: 180 cm<br>Profundidade: 78 cm<br>Peso: 44,00 kg	https://moveismorante.com.br/produto/sofa-3-lugares-veludo-180cm-vicente-viero-moveis	https://pub-389127050a434f568c29dc66bdce2567.r2.dev/1785439479104-1785439479102.jpg	https://pub-389127050a434f568c29dc66bdce2567.r2.dev/1785439482776-1785439482775.jpg,https://pub-389127050a434f568c29dc66bdce2567.r2.dev/1785439486293-1785439486292.jpg,https://pub-389127050a434f568c29dc66bdce2567.r2.dev/1785439489645-1785439489645.jpg	in stock	Se você busca por um móvel para transformar sua sala de estar, vai se apaixonar pelo Sofá Vicente Viero. Com 3 lugares, ele é aconchegante e possui um visual que vai elevar a decoração do espaço para outro nível. Estrutura em eucalipto, proporcionando durabilidade e resistência. Conta com espuma D23, garantindo conforto e suporte adequado. Cada assento suporta 90 kg, possui uma mola para maior sustentação e durabilidade. O Sofá Vicente Viero é a escolha ideal para quem deseja combinar conforto, estilo e qualidade em um só móvel, transformando a sala de estar em um espaço ainda mais convidativo e elegante.<br>Características:<br>3 Lugares<br>Acompanha 2 almofadas<br>Encosto fixo<br>Estrutura em Eucalipto<br>Almofadas 100% fibra siliconada<br>5 pés de madeira<br>Possui percinta elástica<br>Revestimento em tecido veludo<br>Assento espuma D23<br>Suporta até 90 kg por assento<br>1 mola por assento<br>Dimensões:<br>Altura: 86,5 cm<br>Largura: 180 cm<br>Profundidade: 78 cm<br>Peso: 44,00 kg	1249.00 BRL	899.00 BRL	Móveis Morante	new		unisex				no	10	Furniture
da424efe-36d5-4124-8f4b-a4a86f80698e	Guarda Roupa Califórnia 4 Portas com Espelho 1,75m	Guarda Roupa Casal Espelho 4P 176 cm California Freijo Off White Moval<br>O Guarda-Roupa Casal Califórnia é a escolha ideal para quem busca praticidade sem abrir mão do design moderno. Estrutura em MDP (15/12 mm) e acabamento em pintura UV. Composto por portas com dobradiças metálicas (detalhe frisado nas laterais e espelho nas centrais), prateleiras internas, cabideiro interno (alumínio) e gavetas com corrediças metálicas. Produto com dupla opção de montagem: pés em PVC ou sapatas plásticas (2 mm), conforme preferência do cliente. Este produto será entregue em 05 volumes.<br>Dimensões<br>Altura (com pés): 230 cm<br>Altura (sem pés): 225 cm<br>Largura: 176 cm<br>Profundidade: 52 cm<br>Especificações Técnicas<br>Modelo: Califórnia<br>Materiais: MDP, MDF, alumínio<br>Estilo: Moderno<br>Ambiente: Quarto<br>Peso máximo suportado: 78 kg distribuídos	https://moveismorante.com.br/produto/guarda-roupa-california-4-portas-com-espelho-175m	https://pub-389127050a434f568c29dc66bdce2567.r2.dev/1786471669943-1786471669943.jpg	https://pub-389127050a434f568c29dc66bdce2567.r2.dev/1786471673056-1786471673055.jpg,https://pub-389127050a434f568c29dc66bdce2567.r2.dev/1786471674883-1786471674883.jpg,https://pub-389127050a434f568c29dc66bdce2567.r2.dev/1786471679457-1786471679457.jpg,https://pub-389127050a434f568c29dc66bdce2567.r2.dev/1786471681331-1786471681331.jpg,https://pub-389127050a434f568c29dc66bdce2567.r2.dev/1786471684048-1786471684048.jpg,https://pub-389127050a434f568c29dc66bdce2567.r2.dev/1786471686777-1786471686777.jpg	in stock	Guarda Roupa Casal Espelho 4P 176 cm California Freijo Off White Moval<br>O Guarda-Roupa Casal Califórnia é a escolha ideal para quem busca praticidade sem abrir mão do design moderno. Estrutura em MDP (15/12 mm) e acabamento em pintura UV. Composto por portas com dobradiças metálicas (detalhe frisado nas laterais e espelho nas centrais), prateleiras internas, cabideiro interno (alumínio) e gavetas com corrediças metálicas. Produto com dupla opção de montagem: pés em PVC ou sapatas plásticas (2 mm), conforme preferência do cliente. Este produto será entregue em 05 volumes.<br>Dimensões<br>Altura (com pés): 230 cm<br>Altura (sem pés): 225 cm<br>Largura: 176 cm<br>Profundidade: 52 cm<br>Especificações Técnicas<br>Modelo: Califórnia<br>Materiais: MDP, MDF, alumínio<br>Estilo: Moderno<br>Ambiente: Quarto<br>Peso máximo suportado: 78 kg distribuídos	2199.00 BRL	1999.00 BRL	Móveis Morante	new		unisex				no	10	Furniture
guarda-roupa-monza-4-portas-c-pes-branco	Guarda Roupa Monza 4 Portas c/ Pés	Guarda-Roupa Monza 4 Portas 2 Gavetas<br>O Guarda-Roupa Monza é a escolha ideal para quem busca praticidade, organização e um design moderno para o quarto. Com estrutura resistente e ótimo aproveitamento do espaço interno, ele oferece compartimentos bem distribuídos para roupas, calçados e acessórios.<br>Características do produto<br>Produto novo<br>4 portas<br>2 gavetas com corrediças metálicas<br>Portas, gavetas e divisórias em MDP de 15 mm<br>Pintura UV com acabamento Touch, proporcionando maior resistência e um toque sofisticado<br>Excelente espaço interno para organização do dia a dia<br>Dimensões<br>Altura: 2,04 m<br>Largura: 1,12 m<br>Profundidade: 0,45 m	https://moveismorante.com.br/produto/guarda-roupa-monza-4-portas-c-pes?var=fd900c82-4663-4c7e-9edb-2715be3344e4	https://pub-389127050a434f568c29dc66bdce2567.r2.dev/1785165669762-1785165669761.jpg	https://pub-389127050a434f568c29dc66bdce2567.r2.dev/1785165690597-1785165690597.jpg,https://pub-389127050a434f568c29dc66bdce2567.r2.dev/1785165681388-1785165681387.jpg,https://pub-389127050a434f568c29dc66bdce2567.r2.dev/1785165687443-1785165687443.jpg	in stock	Guarda-Roupa Monza 4 Portas 2 Gavetas<br>O Guarda-Roupa Monza é a escolha ideal para quem busca praticidade, organização e um design moderno para o quarto. Com estrutura resistente e ótimo aproveitamento do espaço interno, ele oferece compartimentos bem distribuídos para roupas, calçados e acessórios.<br>Características do produto<br>Produto novo<br>4 portas<br>2 gavetas com corrediças metálicas<br>Portas, gavetas e divisórias em MDP de 15 mm<br>Pintura UV com acabamento Touch, proporcionando maior resistência e um toque sofisticado<br>Excelente espaço interno para organização do dia a dia<br>Dimensões<br>Altura: 2,04 m<br>Largura: 1,12 m<br>Profundidade: 0,45 m	799.00 BRL		Móveis Morante	new	Branco	unisex				no	999	Furniture
guarda-roupa-monza-4-portas-c-pes-freijografite	Guarda Roupa Monza 4 Portas c/ Pés	Guarda-Roupa Monza 4 Portas 2 Gavetas<br>O Guarda-Roupa Monza é a escolha ideal para quem busca praticidade, organização e um design moderno para o quarto. Com estrutura resistente e ótimo aproveitamento do espaço interno, ele oferece compartimentos bem distribuídos para roupas, calçados e acessórios.<br>Características do produto<br>Produto novo<br>4 portas<br>2 gavetas com corrediças metálicas<br>Portas, gavetas e divisórias em MDP de 15 mm<br>Pintura UV com acabamento Touch, proporcionando maior resistência e um toque sofisticado<br>Excelente espaço interno para organização do dia a dia<br>Dimensões<br>Altura: 2,04 m<br>Largura: 1,12 m<br>Profundidade: 0,45 m	https://moveismorante.com.br/produto/guarda-roupa-monza-4-portas-c-pes?var=66b2f662-d2bb-4f8b-ba48-4b1dfa347d0f	https://pub-389127050a434f568c29dc66bdce2567.r2.dev/1785165697961-1785165697960.jpg	https://pub-389127050a434f568c29dc66bdce2567.r2.dev/1785165701559-1785165701558.jpg,https://pub-389127050a434f568c29dc66bdce2567.r2.dev/1785165704702-1785165704702.jpg,https://pub-389127050a434f568c29dc66bdce2567.r2.dev/1785165708735-1785165708735.jpg	in stock	Guarda-Roupa Monza 4 Portas 2 Gavetas<br>O Guarda-Roupa Monza é a escolha ideal para quem busca praticidade, organização e um design moderno para o quarto. Com estrutura resistente e ótimo aproveitamento do espaço interno, ele oferece compartimentos bem distribuídos para roupas, calçados e acessórios.<br>Características do produto<br>Produto novo<br>4 portas<br>2 gavetas com corrediças metálicas<br>Portas, gavetas e divisórias em MDP de 15 mm<br>Pintura UV com acabamento Touch, proporcionando maior resistência e um toque sofisticado<br>Excelente espaço interno para organização do dia a dia<br>Dimensões<br>Altura: 2,04 m<br>Largura: 1,12 m<br>Profundidade: 0,45 m	799.00 BRL		Móveis Morante	new	Freijó/Grafite	unisex				no	999	Furniture
guarda-roupa-monza-4-portas-c-pes-freijooffwhite	Guarda Roupa Monza 4 Portas c/ Pés	Guarda-Roupa Monza 4 Portas 2 Gavetas<br>O Guarda-Roupa Monza é a escolha ideal para quem busca praticidade, organização e um design moderno para o quarto. Com estrutura resistente e ótimo aproveitamento do espaço interno, ele oferece compartimentos bem distribuídos para roupas, calçados e acessórios.<br>Características do produto<br>Produto novo<br>4 portas<br>2 gavetas com corrediças metálicas<br>Portas, gavetas e divisórias em MDP de 15 mm<br>Pintura UV com acabamento Touch, proporcionando maior resistência e um toque sofisticado<br>Excelente espaço interno para organização do dia a dia<br>Dimensões<br>Altura: 2,04 m<br>Largura: 1,12 m<br>Profundidade: 0,45 m	https://moveismorante.com.br/produto/guarda-roupa-monza-4-portas-c-pes?var=7bd9dfaa-d08d-4de4-a3ab-e1f8611a6b77	https://pub-389127050a434f568c29dc66bdce2567.r2.dev/1785165712391-1785165712390.jpg	https://pub-389127050a434f568c29dc66bdce2567.r2.dev/1785165718752-1785165718751.jpg,https://pub-389127050a434f568c29dc66bdce2567.r2.dev/1785165715429-1785165715428.jpg	in stock	Guarda-Roupa Monza 4 Portas 2 Gavetas<br>O Guarda-Roupa Monza é a escolha ideal para quem busca praticidade, organização e um design moderno para o quarto. Com estrutura resistente e ótimo aproveitamento do espaço interno, ele oferece compartimentos bem distribuídos para roupas, calçados e acessórios.<br>Características do produto<br>Produto novo<br>4 portas<br>2 gavetas com corrediças metálicas<br>Portas, gavetas e divisórias em MDP de 15 mm<br>Pintura UV com acabamento Touch, proporcionando maior resistência e um toque sofisticado<br>Excelente espaço interno para organização do dia a dia<br>Dimensões<br>Altura: 2,04 m<br>Largura: 1,12 m<br>Profundidade: 0,45 m	799.00 BRL		Móveis Morante	new	Freijó/Off White	unisex				no	999	Furniture
a846c89e-1b6d-4f41-8142-34a97b0c9d17	Cama Box Conjugado Solteiro 88cm D28 Cristalflex	A Cama Box Conjugado Solteiro 88cm Multi Cristalflex é uma excelente opção para quem busca conforto e sofisticação. Essa cama é ideal para quem deseja um produto que combine beleza, conforto e durabilidade. Com um revestimento Tecido 100% poliéster tanto no tampo quanto nas faixas laterais, proporcionando maciez ao toque.<br>Características:<br>Lamina Convencional Densidade 28Kg/m3<br>Tecidos em Poliéster<br>Composição dos Componentes Internos<br>1 Estrutura de Madeira Eucalipto<br>1 Chapa de Compensado<br>1 Lamina Convencional Densidade 28Kg/m3<br>Composição do Revestimento:<br>Face Superior:<br>Tecido Plano Simples - 100% Poliéster<br>Gramatura 69,01g/m2<br>Manta de Fibra Siliconada, Gramatura 180g/m2<br>Lamina Convencional Densidade 20Kg/m3<br>Tecido Não Tecido - Gramatura 15g/m2<br>Faixa: Tecido Plano Simples - 100% Poliéster - Gramatura 98g/m2<br>Tecido Plano Simples - 100% Poliéster - Gramatura 75g/m2<br>Manta de Fibra Siliconada - Gramatura 120g/m2<br>Face Inferior: Tecido Não Tecido 100% Polipropileno - Gramatura 100g/m2<br>Altura Dos Pés: 12cm<br>Certificação do Inmetro: 08471-15/2021<br>Dimensões:<br>Altura: 43 cm<br>Largura: 88 cm<br>Profundidade: 188 cm<br>Peso: 25,00 kg	https://moveismorante.com.br/produto/cama-box-conjugado-solteiro-88cm-d28-cristalflex	https://pub-389127050a434f568c29dc66bdce2567.r2.dev/1785093808445-1785093808445.jpg	https://pub-389127050a434f568c29dc66bdce2567.r2.dev/1785093812441-1785093812441.jpg,https://pub-389127050a434f568c29dc66bdce2567.r2.dev/1785093817542-1785093817542.jpg	in stock	A Cama Box Conjugado Solteiro 88cm Multi Cristalflex é uma excelente opção para quem busca conforto e sofisticação. Essa cama é ideal para quem deseja um produto que combine beleza, conforto e durabilidade. Com um revestimento Tecido 100% poliéster tanto no tampo quanto nas faixas laterais, proporcionando maciez ao toque.<br>Características:<br>Lamina Convencional Densidade 28Kg/m3<br>Tecidos em Poliéster<br>Composição dos Componentes Internos<br>1 Estrutura de Madeira Eucalipto<br>1 Chapa de Compensado<br>1 Lamina Convencional Densidade 28Kg/m3<br>Composição do Revestimento:<br>Face Superior:<br>Tecido Plano Simples - 100% Poliéster<br>Gramatura 69,01g/m2<br>Manta de Fibra Siliconada, Gramatura 180g/m2<br>Lamina Convencional Densidade 20Kg/m3<br>Tecido Não Tecido - Gramatura 15g/m2<br>Faixa: Tecido Plano Simples - 100% Poliéster - Gramatura 98g/m2<br>Tecido Plano Simples - 100% Poliéster - Gramatura 75g/m2<br>Manta de Fibra Siliconada - Gramatura 120g/m2<br>Face Inferior: Tecido Não Tecido 100% Polipropileno - Gramatura 100g/m2<br>Altura Dos Pés: 12cm<br>Certificação do Inmetro: 08471-15/2021<br>Dimensões:<br>Altura: 43 cm<br>Largura: 88 cm<br>Profundidade: 188 cm<br>Peso: 25,00 kg	499.00 BRL	399.00 BRL	Móveis Morante	new		unisex				no	10	Furniture
armario-aereo-80cm-2-portas-100-mdf-florenca-angelin	Armário Aéreo 80cm 2 Portas 100% MDF Florença	Este armário aéreo da linha Florença combina estilo, organização e resistência. Fabricado em 100% MDF com pintura UV, ele oferece um acabamento sofisticado e durável que ilumina e sofisticada qualquer ambiente. Com 80 cm de largura, o armário é ideal para quem busca otimizar espaços sem abrir mão da estética. A presença de duas portas de abertura convencional mantém seu visual limpo e funcional. Internamente, uma prateleira em MDF de 15 mm oferece espaço versátil para louças, alimentos ou objetos do dia a dia.<br>INFORMAÇÕES TÉCNICAS<br>Produzido em 100% MDF, com acabamento em pintura UV, o armário oferece durabilidade e um visual sofisticado que mantém sua beleza por mais tempo<br>Conta com uma prateleira interna em MDF de 15 mm, proporcionando espaço suficiente para organizar utensílios e mantimentos com praticidade<br>Possui duas portas convencionais com puxadores tipo passante, conferindo um visual clean e moderno<br>Utilize pano macio, seco ou levemente umedecido com água. Evite produtos abrasivos para preservar o acabamento<br>Produto: Armário Aéreo<br>Marca: Móveis Sul<br>Modelo: Florença<br>MEDIDAS DO PRODUTO<br>Largura: 80 cm<br>Altura: 61 cm<br>Profundidade: 32 cm	https://moveismorante.com.br/produto/armario-aereo-80cm-2-portas-100-mdf-florenca?var=3d11e1a4-6e42-4fe1-8dad-09233fac2939	https://pub-389127050a434f568c29dc66bdce2567.r2.dev/1785434668956-1785434668956.jpg	https://pub-389127050a434f568c29dc66bdce2567.r2.dev/1785434676265-1785434676265.jpg,https://pub-389127050a434f568c29dc66bdce2567.r2.dev/1785434680950-1785434680950.jpg	in stock	Este armário aéreo da linha Florença combina estilo, organização e resistência. Fabricado em 100% MDF com pintura UV, ele oferece um acabamento sofisticado e durável que ilumina e sofisticada qualquer ambiente. Com 80 cm de largura, o armário é ideal para quem busca otimizar espaços sem abrir mão da estética. A presença de duas portas de abertura convencional mantém seu visual limpo e funcional. Internamente, uma prateleira em MDF de 15 mm oferece espaço versátil para louças, alimentos ou objetos do dia a dia.<br>INFORMAÇÕES TÉCNICAS<br>Produzido em 100% MDF, com acabamento em pintura UV, o armário oferece durabilidade e um visual sofisticado que mantém sua beleza por mais tempo<br>Conta com uma prateleira interna em MDF de 15 mm, proporcionando espaço suficiente para organizar utensílios e mantimentos com praticidade<br>Possui duas portas convencionais com puxadores tipo passante, conferindo um visual clean e moderno<br>Utilize pano macio, seco ou levemente umedecido com água. Evite produtos abrasivos para preservar o acabamento<br>Produto: Armário Aéreo<br>Marca: Móveis Sul<br>Modelo: Florença<br>MEDIDAS DO PRODUTO<br>Largura: 80 cm<br>Altura: 61 cm<br>Profundidade: 32 cm	279.00 BRL		Móveis Morante	new	Angelin	unisex				no	999	Furniture
armario-aereo-80cm-2-portas-100-mdf-florenca-canary	Armário Aéreo 80cm 2 Portas 100% MDF Florença	Este armário aéreo da linha Florença combina estilo, organização e resistência. Fabricado em 100% MDF com pintura UV, ele oferece um acabamento sofisticado e durável que ilumina e sofisticada qualquer ambiente. Com 80 cm de largura, o armário é ideal para quem busca otimizar espaços sem abrir mão da estética. A presença de duas portas de abertura convencional mantém seu visual limpo e funcional. Internamente, uma prateleira em MDF de 15 mm oferece espaço versátil para louças, alimentos ou objetos do dia a dia.<br>INFORMAÇÕES TÉCNICAS<br>Produzido em 100% MDF, com acabamento em pintura UV, o armário oferece durabilidade e um visual sofisticado que mantém sua beleza por mais tempo<br>Conta com uma prateleira interna em MDF de 15 mm, proporcionando espaço suficiente para organizar utensílios e mantimentos com praticidade<br>Possui duas portas convencionais com puxadores tipo passante, conferindo um visual clean e moderno<br>Utilize pano macio, seco ou levemente umedecido com água. Evite produtos abrasivos para preservar o acabamento<br>Produto: Armário Aéreo<br>Marca: Móveis Sul<br>Modelo: Florença<br>MEDIDAS DO PRODUTO<br>Largura: 80 cm<br>Altura: 61 cm<br>Profundidade: 32 cm	https://moveismorante.com.br/produto/armario-aereo-80cm-2-portas-100-mdf-florenca?var=449952c9-3c9a-49b2-82fb-4c4ab36d15d0	https://pub-389127050a434f568c29dc66bdce2567.r2.dev/1785434685840-1785434685839.jpg	https://pub-389127050a434f568c29dc66bdce2567.r2.dev/1785434690357-1785434690357.jpg,https://pub-389127050a434f568c29dc66bdce2567.r2.dev/1785434694269-1785434694268.jpg	in stock	Este armário aéreo da linha Florença combina estilo, organização e resistência. Fabricado em 100% MDF com pintura UV, ele oferece um acabamento sofisticado e durável que ilumina e sofisticada qualquer ambiente. Com 80 cm de largura, o armário é ideal para quem busca otimizar espaços sem abrir mão da estética. A presença de duas portas de abertura convencional mantém seu visual limpo e funcional. Internamente, uma prateleira em MDF de 15 mm oferece espaço versátil para louças, alimentos ou objetos do dia a dia.<br>INFORMAÇÕES TÉCNICAS<br>Produzido em 100% MDF, com acabamento em pintura UV, o armário oferece durabilidade e um visual sofisticado que mantém sua beleza por mais tempo<br>Conta com uma prateleira interna em MDF de 15 mm, proporcionando espaço suficiente para organizar utensílios e mantimentos com praticidade<br>Possui duas portas convencionais com puxadores tipo passante, conferindo um visual clean e moderno<br>Utilize pano macio, seco ou levemente umedecido com água. Evite produtos abrasivos para preservar o acabamento<br>Produto: Armário Aéreo<br>Marca: Móveis Sul<br>Modelo: Florença<br>MEDIDAS DO PRODUTO<br>Largura: 80 cm<br>Altura: 61 cm<br>Profundidade: 32 cm	279.00 BRL		Móveis Morante	new	Canary	unisex				no	999	Furniture
base-box-adf-casal-138-marrom	Base Box ADF Casal 138	Base box Adf para colchão de 138x188, estrutura em eucaliptos, 6 pés de madeira, nova.<br>Dimensoes: 138x188x27	https://moveismorante.com.br/produto/base-box-adf-casal-138?var=fc9cbefc-6a06-4ec4-84e9-da7af7e51a0e	https://pub-389127050a434f568c29dc66bdce2567.r2.dev/1786470344779-1786470344778.jpg	https://pub-389127050a434f568c29dc66bdce2567.r2.dev/1786470347640-1786470347640.jpg	in stock	Base box Adf para colchão de 138x188, estrutura em eucaliptos, 6 pés de madeira, nova.<br>Dimensoes: 138x188x27	349.00 BRL		Móveis Morante	new	Marrom	unisex				no	999	Furniture
base-box-adf-casal-138-preto	Base Box ADF Casal 138	Base box Adf para colchão de 138x188, estrutura em eucaliptos, 6 pés de madeira, nova.<br>Dimensoes: 138x188x27	https://moveismorante.com.br/produto/base-box-adf-casal-138?var=30fba712-e593-4e25-847a-585dd3348e76	https://pub-389127050a434f568c29dc66bdce2567.r2.dev/1786470407836-1786470407836.jpg	https://pub-389127050a434f568c29dc66bdce2567.r2.dev/1786470411296-1786470411296.jpg,https://pub-389127050a434f568c29dc66bdce2567.r2.dev/1786470413458-1786470413458.jpg	in stock	Base box Adf para colchão de 138x188, estrutura em eucaliptos, 6 pés de madeira, nova.<br>Dimensoes: 138x188x27	349.00 BRL		Móveis Morante	new	Preto	unisex				no	999	Furniture
1d9c1f9f-5cce-4da7-8119-1b6c0404c0a7	Sofá Melanino 1,90 Retrátil e Reclinável	Sofá Melanino, estrutura em eucalipto, retrátil e reclinável, tecido veludo marrom escuro<br>Largura: 193<br>Profundidade:104 (127 aberto)<br>Altura:1,00 (45 até o acento)	https://moveismorante.com.br/produto/sofa-melanino-190-retratil-e-reclinavel	https://pub-389127050a434f568c29dc66bdce2567.r2.dev/1785438196185-1785438196185.jpg	https://pub-389127050a434f568c29dc66bdce2567.r2.dev/1785438199472-1785438199471.jpg,https://pub-389127050a434f568c29dc66bdce2567.r2.dev/1785438202145-1785438202144.jpg,https://pub-389127050a434f568c29dc66bdce2567.r2.dev/1785438204849-1785438204849.jpg,https://pub-389127050a434f568c29dc66bdce2567.r2.dev/1785438211151-1785438211150.jpg	in stock	Sofá Melanino, estrutura em eucalipto, retrátil e reclinável, tecido veludo marrom escuro<br>Largura: 193<br>Profundidade:104 (127 aberto)<br>Altura:1,00 (45 até o acento)	1799.00 BRL	1599.00 BRL	Móveis Morante	new		unisex				no	10	Furniture
guarda-roupa-161-6-portas-pequim-castro-branco	Guarda Roupa 1,61 6 Portas Pequim Castro	Guarda-Roupa 1,61m 6 Portas 2 Gavetas Pequim<br>O Guarda-Roupa Pequim é a escolha ideal para quem busca praticidade, organização e um visual moderno. Seu design compacto aproveita bem o espaço, sendo perfeito para quartos de diferentes tamanhos.<br>Produzido em MDP, oferece boa resistência para o uso diário. Possui 6 portas e 2 gavetas com corrediças metálicas, proporcionando abertura suave e maior durabilidade. Os puxadores em MDF complementam o acabamento com um toque de elegância.<br>Seu amplo espaço interno conta com prateleiras e cabideiro que facilitam a organização de roupas, calçados, acessórios e objetos pessoais, mantendo tudo sempre ao alcance.<br>Características<br>- Estrutura em MDP.<br>- 6 portas.<br>- 2 gavetas com corrediças metálicas.<br>- Puxadores em MDF.<br>- Amplo espaço interno para melhor organização.<br>- Design moderno e funcional.<br>Dimensões do Produto<br>- Altura: 182,5 cm<br>- Largura: 161,7 cm<br>- Profundidade: 47 cm<br>Peso Máximo Suportado<br>- Prateleiras: até 5 kg cada.	https://moveismorante.com.br/produto/guarda-roupa-161-6-portas-pequim-castro?var=9b91d1a1-46f8-4f8e-bc1e-106c8b40a748	https://pub-389127050a434f568c29dc66bdce2567.r2.dev/1785528173161-1785528173157.jpg	https://pub-389127050a434f568c29dc66bdce2567.r2.dev/1785528175033-1785528175032.jpg,https://pub-389127050a434f568c29dc66bdce2567.r2.dev/1785528176442-1785528176441.jpg,https://pub-389127050a434f568c29dc66bdce2567.r2.dev/1785528180400-1785528180399.jpg	out of stock	Guarda-Roupa 1,61m 6 Portas 2 Gavetas Pequim<br>O Guarda-Roupa Pequim é a escolha ideal para quem busca praticidade, organização e um visual moderno. Seu design compacto aproveita bem o espaço, sendo perfeito para quartos de diferentes tamanhos.<br>Produzido em MDP, oferece boa resistência para o uso diário. Possui 6 portas e 2 gavetas com corrediças metálicas, proporcionando abertura suave e maior durabilidade. Os puxadores em MDF complementam o acabamento com um toque de elegância.<br>Seu amplo espaço interno conta com prateleiras e cabideiro que facilitam a organização de roupas, calçados, acessórios e objetos pessoais, mantendo tudo sempre ao alcance.<br>Características<br>- Estrutura em MDP.<br>- 6 portas.<br>- 2 gavetas com corrediças metálicas.<br>- Puxadores em MDF.<br>- Amplo espaço interno para melhor organização.<br>- Design moderno e funcional.<br>Dimensões do Produto<br>- Altura: 182,5 cm<br>- Largura: 161,7 cm<br>- Profundidade: 47 cm<br>Peso Máximo Suportado<br>- Prateleiras: até 5 kg cada.	949.00 BRL		Móveis Morante	new	Branco	unisex				no	0	Furniture
guarda-roupa-161-6-portas-pequim-castro-cedrooffwhite	Guarda Roupa 1,61 6 Portas Pequim Castro	Guarda-Roupa 1,61m 6 Portas 2 Gavetas Pequim<br>O Guarda-Roupa Pequim é a escolha ideal para quem busca praticidade, organização e um visual moderno. Seu design compacto aproveita bem o espaço, sendo perfeito para quartos de diferentes tamanhos.<br>Produzido em MDP, oferece boa resistência para o uso diário. Possui 6 portas e 2 gavetas com corrediças metálicas, proporcionando abertura suave e maior durabilidade. Os puxadores em MDF complementam o acabamento com um toque de elegância.<br>Seu amplo espaço interno conta com prateleiras e cabideiro que facilitam a organização de roupas, calçados, acessórios e objetos pessoais, mantendo tudo sempre ao alcance.<br>Características<br>- Estrutura em MDP.<br>- 6 portas.<br>- 2 gavetas com corrediças metálicas.<br>- Puxadores em MDF.<br>- Amplo espaço interno para melhor organização.<br>- Design moderno e funcional.<br>Dimensões do Produto<br>- Altura: 182,5 cm<br>- Largura: 161,7 cm<br>- Profundidade: 47 cm<br>Peso Máximo Suportado<br>- Prateleiras: até 5 kg cada.	https://moveismorante.com.br/produto/guarda-roupa-161-6-portas-pequim-castro?var=23018dd9-6c4e-47ff-ba73-d1a0dc53b6f3	https://pub-389127050a434f568c29dc66bdce2567.r2.dev/1785528178923-1785528178922.jpg	https://pub-389127050a434f568c29dc66bdce2567.r2.dev/1785528182113-1785528182113.jpg,https://pub-389127050a434f568c29dc66bdce2567.r2.dev/1785528176442-1785528176441.jpg,https://pub-389127050a434f568c29dc66bdce2567.r2.dev/1785528177690-1785528177689.jpg	in stock	Guarda-Roupa 1,61m 6 Portas 2 Gavetas Pequim<br>O Guarda-Roupa Pequim é a escolha ideal para quem busca praticidade, organização e um visual moderno. Seu design compacto aproveita bem o espaço, sendo perfeito para quartos de diferentes tamanhos.<br>Produzido em MDP, oferece boa resistência para o uso diário. Possui 6 portas e 2 gavetas com corrediças metálicas, proporcionando abertura suave e maior durabilidade. Os puxadores em MDF complementam o acabamento com um toque de elegância.<br>Seu amplo espaço interno conta com prateleiras e cabideiro que facilitam a organização de roupas, calçados, acessórios e objetos pessoais, mantendo tudo sempre ao alcance.<br>Características<br>- Estrutura em MDP.<br>- 6 portas.<br>- 2 gavetas com corrediças metálicas.<br>- Puxadores em MDF.<br>- Amplo espaço interno para melhor organização.<br>- Design moderno e funcional.<br>Dimensões do Produto<br>- Altura: 182,5 cm<br>- Largura: 161,7 cm<br>- Profundidade: 47 cm<br>Peso Máximo Suportado<br>- Prateleiras: até 5 kg cada.	949.00 BRL		Móveis Morante	new	Cedro/Off White	unisex				no	999	Furniture
a7dc0700-d67d-4be5-889e-9f6703335c46	Colchão Solteiro 88 Vennti Espuma com Mola Ensacada	Colchão Solteiro Vennti Espuma com Molas Ensacadas<br>O Colchão Vennti Solteiro foi desenvolvido para oferecer conforto, suporte e maior durabilidade. Seu sistema de molas ensacadas individualmente proporciona melhor adaptação ao corpo, reduzindo a transferência de movimentos, garantindo noites de sono mais tranquilas.<br>A estrutura conta com camadas de espumas de alta qualidade, incluindo espuma D20 e espuma D28, que oferecem um equilíbrio ideal entre maciez e sustentação. A borda perimetral em espuma D28 proporciona maior firmeza nas extremidades, aumentando a estabilidade e a vida útil do colchão.<br>O revestimento em tecido de malha 100% poliéster oferece toque macio e agradável, enquanto a lâmina de feltro isolante contribui para maior resistência e proteção da estrutura interna.<br>Características do produto:<br>Molas ensacadas individualmente.<br>Espuma convencional D20 e D28.<br>Borda perimetral reforçada em espuma D28.<br>Lâmina de feltro isolante.<br>Revestimento superior em tecido de malha 100% poliéster.<br>Faixa lateral em poliéster.<br>Excelente distribuição do peso e redução da transferência de movimentos.<br>Ideal para cama de solteiro.<br>Composição interna:<br>1 lâmina de espuma D20 (4 cm).<br>Molejo estrutural com molas ensacadas individualmente (159 molas/m²).<br>1 lâmina de feltro isolante.<br>1 lâmina de espuma D28 (3 cm).<br>Borda perimetral em espuma D28.<br>Capa com espuma D20 (2 cm).<br>Medidas:<br>25x188x88<br>Um colchão que combina conforto, suporte e estabilidade para proporcionar noites de sono mais confortáveis e revigorantes.	https://moveismorante.com.br/produto/colchao-solteiro-88-vennti-espuma-com-mola-ensacada	https://pub-389127050a434f568c29dc66bdce2567.r2.dev/1785171237239-1785171237235.jpg	https://pub-389127050a434f568c29dc66bdce2567.r2.dev/1785171238873-1785171238872.jpg,https://pub-389127050a434f568c29dc66bdce2567.r2.dev/1785171240315-1785171240314.jpg,https://pub-389127050a434f568c29dc66bdce2567.r2.dev/1785171241833-1785171241832.jpg	in stock	Colchão Solteiro Vennti Espuma com Molas Ensacadas<br>O Colchão Vennti Solteiro foi desenvolvido para oferecer conforto, suporte e maior durabilidade. Seu sistema de molas ensacadas individualmente proporciona melhor adaptação ao corpo, reduzindo a transferência de movimentos, garantindo noites de sono mais tranquilas.<br>A estrutura conta com camadas de espumas de alta qualidade, incluindo espuma D20 e espuma D28, que oferecem um equilíbrio ideal entre maciez e sustentação. A borda perimetral em espuma D28 proporciona maior firmeza nas extremidades, aumentando a estabilidade e a vida útil do colchão.<br>O revestimento em tecido de malha 100% poliéster oferece toque macio e agradável, enquanto a lâmina de feltro isolante contribui para maior resistência e proteção da estrutura interna.<br>Características do produto:<br>Molas ensacadas individualmente.<br>Espuma convencional D20 e D28.<br>Borda perimetral reforçada em espuma D28.<br>Lâmina de feltro isolante.<br>Revestimento superior em tecido de malha 100% poliéster.<br>Faixa lateral em poliéster.<br>Excelente distribuição do peso e redução da transferência de movimentos.<br>Ideal para cama de solteiro.<br>Composição interna:<br>1 lâmina de espuma D20 (4 cm).<br>Molejo estrutural com molas ensacadas individualmente (159 molas/m²).<br>1 lâmina de feltro isolante.<br>1 lâmina de espuma D28 (3 cm).<br>Borda perimetral em espuma D28.<br>Capa com espuma D20 (2 cm).<br>Medidas:<br>25x188x88<br>Um colchão que combina conforto, suporte e estabilidade para proporcionar noites de sono mais confortáveis e revigorantes.	649.00 BRL		Móveis Morante	new		unisex				no	10	Furniture
f832c0f2-6cd7-4088-a76b-652b7fa0d000	Poltrona Viero Viana Veludo 82cm	Poltrona Veludo 82cm Viena Viero<br>Descubra a Poltrona Viana, a escolha perfeita para elevar o conforto e o estilo da sua sala de estar! Com um design aconchegante e visual envolvente, esta poltrona é a peça ideal para transformar a decoração do seu espaço, elevando-o a um patamar de sofisticação e elegância incomparáveis.<br>Características:<br>Estrutura em MDP<br>Pés de Madeira<br>Assento com mola bonnel<br>Espuma D23<br>Encosto fixo<br>Almofada solta de fibra siliconada 100<br>Suporta até 110kg<br>Revestimento em tecido veludo<br>Dimensões:<br>Altura: 86 cm<br>Largura: 82 cm<br>Profundidade: 77 cm<br>Peso: 20,00 kg	https://moveismorante.com.br/produto/poltrona-viero-viana-veludo-82cm	https://pub-389127050a434f568c29dc66bdce2567.r2.dev/1785438554897-1785438554897.jpg	https://pub-389127050a434f568c29dc66bdce2567.r2.dev/1785438593414-1785438593413.jpg,https://pub-389127050a434f568c29dc66bdce2567.r2.dev/1785438595943-1785438595942.jpg,https://pub-389127050a434f568c29dc66bdce2567.r2.dev/1785438598605-1785438598604.jpg	in stock	Poltrona Veludo 82cm Viena Viero<br>Descubra a Poltrona Viana, a escolha perfeita para elevar o conforto e o estilo da sua sala de estar! Com um design aconchegante e visual envolvente, esta poltrona é a peça ideal para transformar a decoração do seu espaço, elevando-o a um patamar de sofisticação e elegância incomparáveis.<br>Características:<br>Estrutura em MDP<br>Pés de Madeira<br>Assento com mola bonnel<br>Espuma D23<br>Encosto fixo<br>Almofada solta de fibra siliconada 100<br>Suporta até 110kg<br>Revestimento em tecido veludo<br>Dimensões:<br>Altura: 86 cm<br>Largura: 82 cm<br>Profundidade: 77 cm<br>Peso: 20,00 kg	699.00 BRL	499.00 BRL	Móveis Morante	new		unisex				no	10	Furniture
comoda-grecia-4-gavetas-2-portas-mopar-freijooffwhite	Comoda Grecia 4 gavetas 2 Portas Mopar	cômoda grécia, com 2 portas, 2 prateleiras, 4 gavetas<br>📏 Dimensões: 1,20 x 0,41 x 0,92 ( L X P X A)	https://moveismorante.com.br/produto/comoda-grecia-4-gavetas-2-portas-mopar?var=e14d2929-9364-4a9b-a93f-35185365088e	https://pub-389127050a434f568c29dc66bdce2567.r2.dev/1785256694773-1785256694773.jpg	https://pub-389127050a434f568c29dc66bdce2567.r2.dev/1785256697864-1785256697863.jpg,https://pub-389127050a434f568c29dc66bdce2567.r2.dev/1785256711151-1785256711151.jpg,https://pub-389127050a434f568c29dc66bdce2567.r2.dev/1785256715888-1785256715888.jpg	out of stock	cômoda grécia, com 2 portas, 2 prateleiras, 4 gavetas<br>📏 Dimensões: 1,20 x 0,41 x 0,92 ( L X P X A)	599.00 BRL		Móveis Morante	new	Freijó/Off White	unisex				no	0	Furniture
comoda-grecia-4-gavetas-2-portas-mopar-freijografite	Comoda Grecia 4 gavetas 2 Portas Mopar	cômoda grécia, com 2 portas, 2 prateleiras, 4 gavetas<br>📏 Dimensões: 1,20 x 0,41 x 0,92 ( L X P X A)	https://moveismorante.com.br/produto/comoda-grecia-4-gavetas-2-portas-mopar?var=c7048af5-882a-40ef-a778-2153ea75c0c7	https://pub-389127050a434f568c29dc66bdce2567.r2.dev/1785256720166-1785256720166.jpg	https://pub-389127050a434f568c29dc66bdce2567.r2.dev/1785256726655-1785256726654.jpg,https://pub-389127050a434f568c29dc66bdce2567.r2.dev/1785256730296-1785256730295.jpg,https://pub-389127050a434f568c29dc66bdce2567.r2.dev/1785256745268-1785256745268.jpg	out of stock	cômoda grécia, com 2 portas, 2 prateleiras, 4 gavetas<br>📏 Dimensões: 1,20 x 0,41 x 0,92 ( L X P X A)	599.00 BRL		Móveis Morante	new	Freijó/Grafite	unisex				no	0	Furniture
balcao-fruteira-dulce-2-cestos-de-metal-branco	Balcão Fruteira Dulce 2 Cestos de Metal	Fruteira Dulce - Darmóvel Móveis<br>A linha de Cozinha da Darmóvel Móveis possui excelente acabamento de pintura, agregando valor ao ambiente, produtos com altíssima qualidade.<br>Características da Fruteira Dulce Darmóvel:<br>- Produzida em MDP/MDF de alta qualidade;<br>- Acabamento de pintura texturizada padrão fosco;<br>- 3 suportes metálicos para frutas;<br>- Ótimo espaço para bebedouro;<br>- Cor Castanho com Tampo cor Alicante<br>Dimensões da Fruteira Darmóvel:<br>- Altura externa: 90 cm<br>- Largura externa: 35 cm<br>- Profundidade externa: 35 cm	https://moveismorante.com.br/produto/balcao-fruteira-dulce-2-cestos-de-metal?var=86c15ee4-fb51-4008-948a-ebfb0739f5f6	https://pub-389127050a434f568c29dc66bdce2567.r2.dev/1785435145786-1785435145785.jpg	https://pub-389127050a434f568c29dc66bdce2567.r2.dev/1785435136238-1785435136238.jpg,https://pub-389127050a434f568c29dc66bdce2567.r2.dev/1785435142344-1785435142343.jpg	out of stock	Fruteira Dulce - Darmóvel Móveis<br>A linha de Cozinha da Darmóvel Móveis possui excelente acabamento de pintura, agregando valor ao ambiente, produtos com altíssima qualidade.<br>Características da Fruteira Dulce Darmóvel:<br>- Produzida em MDP/MDF de alta qualidade;<br>- Acabamento de pintura texturizada padrão fosco;<br>- 3 suportes metálicos para frutas;<br>- Ótimo espaço para bebedouro;<br>- Cor Castanho com Tampo cor Alicante<br>Dimensões da Fruteira Darmóvel:<br>- Altura externa: 90 cm<br>- Largura externa: 35 cm<br>- Profundidade externa: 35 cm	249.00 BRL		Móveis Morante	new	Branco	unisex				no	0	Furniture
balcao-fruteira-dulce-2-cestos-de-metal-freijomatt	Balcão Fruteira Dulce 2 Cestos de Metal	Fruteira Dulce - Darmóvel Móveis<br>A linha de Cozinha da Darmóvel Móveis possui excelente acabamento de pintura, agregando valor ao ambiente, produtos com altíssima qualidade.<br>Características da Fruteira Dulce Darmóvel:<br>- Produzida em MDP/MDF de alta qualidade;<br>- Acabamento de pintura texturizada padrão fosco;<br>- 3 suportes metálicos para frutas;<br>- Ótimo espaço para bebedouro;<br>- Cor Castanho com Tampo cor Alicante<br>Dimensões da Fruteira Darmóvel:<br>- Altura externa: 90 cm<br>- Largura externa: 35 cm<br>- Profundidade externa: 35 cm	https://moveismorante.com.br/produto/balcao-fruteira-dulce-2-cestos-de-metal?var=0321bd69-9d7c-4b91-a282-871e3330a8ca	https://pub-389127050a434f568c29dc66bdce2567.r2.dev/1785435149048-1785435149048.jpg	https://pub-389127050a434f568c29dc66bdce2567.r2.dev/1785435152287-1785435152286.jpg,https://pub-389127050a434f568c29dc66bdce2567.r2.dev/1785435156396-1785435156395.jpg	in stock	Fruteira Dulce - Darmóvel Móveis<br>A linha de Cozinha da Darmóvel Móveis possui excelente acabamento de pintura, agregando valor ao ambiente, produtos com altíssima qualidade.<br>Características da Fruteira Dulce Darmóvel:<br>- Produzida em MDP/MDF de alta qualidade;<br>- Acabamento de pintura texturizada padrão fosco;<br>- 3 suportes metálicos para frutas;<br>- Ótimo espaço para bebedouro;<br>- Cor Castanho com Tampo cor Alicante<br>Dimensões da Fruteira Darmóvel:<br>- Altura externa: 90 cm<br>- Largura externa: 35 cm<br>- Profundidade externa: 35 cm	249.00 BRL		Móveis Morante	new	Freijó Matt	unisex				no	999	Furniture
b2b3c104-f76f-4c1d-8b1e-606ac66ee75d	Cabeceira 140 Casal ADF Paris Veludo Terra Cota	Cabeceira estofada ADF Paris Casal, 140, tecido veludo terra cota, acompanha pá de chapas para fixação na base	https://moveismorante.com.br/produto/cabeceira-140-casal-adf-paris-veludo-terra-cota	https://pub-389127050a434f568c29dc66bdce2567.r2.dev/1786324505343-1786324505342.jpg	https://pub-389127050a434f568c29dc66bdce2567.r2.dev/1786324508405-1786324508405.jpg	in stock	Cabeceira estofada ADF Paris Casal, 140, tecido veludo terra cota, acompanha pá de chapas para fixação na base	349.00 BRL		Móveis Morante	new		unisex				no	10	Furniture
36733e9a-5bd8-46e3-88e1-659ac39cf946	Colchão de Espuma D28 Largura 88	Colchão de espuma D28, tamanho solteiro largura 88, Gazin, 100% poliéster.<br>12x88x188	https://moveismorante.com.br/produto/colchao-de-espuma-d28-largura-88	https://pub-389127050a434f568c29dc66bdce2567.r2.dev/1786498300393-1786498300393.jpg	https://pub-389127050a434f568c29dc66bdce2567.r2.dev/1786498303761-1786498303761.jpg,https://pub-389127050a434f568c29dc66bdce2567.r2.dev/1786498306893-1786498306893.jpg,https://pub-389127050a434f568c29dc66bdce2567.r2.dev/1786498313799-1786498313799.jpg,https://pub-389127050a434f568c29dc66bdce2567.r2.dev/1786498317454-1786498317454.jpg	in stock	Colchão de espuma D28, tamanho solteiro largura 88, Gazin, 100% poliéster.<br>12x88x188	499.00 BRL		Móveis Morante	new		unisex				no	10	Furniture
11e8c6a5-1aea-4757-bbb5-272086e33d48	Cristaleira Tiffany Com Espelho Pés Palitos	Cristaleira Tifanny Off White - Imcal Móveis<br>A Cristaleira Tifanny - Imcal Móveis além de portas, laterais e prateleiras de vidro temperado, possui lindos pés com estilo retrô que garantem um charme a mais na peça. Charmosa e funcional, acomoda todos os seus objetos mais estimados.<br>Dimensões do Produto Montado:<br>Altura: 179 cm<br>Largura: 75,5 cm<br>Profundidade: 38 cm<br>Observações:<br>- Portas, prateleiras e laterais em vidro temperado;<br>- Puxadores de alumínio polido;<br>- Espelho no fundo de 3mm;<br>- Luminária LED (Bivolt);<br>- 4 pés com estilo Retrô em madeira maciça;<br>- Pintura Ultravioleta com acabamento brilho.	https://moveismorante.com.br/produto/cristaleira-tiffany-com-espelho-pes-palitos	https://pub-389127050a434f568c29dc66bdce2567.r2.dev/1785337736722-1785337736721.jpg	https://pub-389127050a434f568c29dc66bdce2567.r2.dev/1785337738479-1785337738478.jpg,https://pub-389127050a434f568c29dc66bdce2567.r2.dev/1785337739861-1785337739861.jpg,https://pub-389127050a434f568c29dc66bdce2567.r2.dev/1785337741231-1785337741230.jpg,https://pub-389127050a434f568c29dc66bdce2567.r2.dev/1785337742547-1785337742546.jpg,https://pub-389127050a434f568c29dc66bdce2567.r2.dev/1785337743880-1785337743880.jpg,https://pub-389127050a434f568c29dc66bdce2567.r2.dev/1785337745307-1785337745306.jpg	in stock	Cristaleira Tifanny Off White - Imcal Móveis<br>A Cristaleira Tifanny - Imcal Móveis além de portas, laterais e prateleiras de vidro temperado, possui lindos pés com estilo retrô que garantem um charme a mais na peça. Charmosa e funcional, acomoda todos os seus objetos mais estimados.<br>Dimensões do Produto Montado:<br>Altura: 179 cm<br>Largura: 75,5 cm<br>Profundidade: 38 cm<br>Observações:<br>- Portas, prateleiras e laterais em vidro temperado;<br>- Puxadores de alumínio polido;<br>- Espelho no fundo de 3mm;<br>- Luminária LED (Bivolt);<br>- 4 pés com estilo Retrô em madeira maciça;<br>- Pintura Ultravioleta com acabamento brilho.	1499.00 BRL	1199.00 BRL	Móveis Morante	new		unisex				no	10	Furniture
balcao-para-pia-120-3-gavetas-100-mdf-darmovel-branco	Balcão para Pia 1,20 3 Gavetas 100% MDF Darmovel	Balcão para pia 3 Gavetas, estrutura 100% MDF, pés de plástico, puxadores em MDF, dobradiças e corrediças metálicas, regulagem nos pés<br>120 x 81,5 x 51 ( L x A x P)	https://moveismorante.com.br/produto/balcao-para-pia-120-3-gavetas-100-mdf-darmovel?var=db03cb94-ceba-4c31-8085-49d8de01ffa2	https://pub-389127050a434f568c29dc66bdce2567.r2.dev/1785867143103-1785867143102.jpg	https://pub-389127050a434f568c29dc66bdce2567.r2.dev/1785867152460-1785867152459.jpg,https://pub-389127050a434f568c29dc66bdce2567.r2.dev/1785867160448-1785867160448.jpg,https://pub-389127050a434f568c29dc66bdce2567.r2.dev/1785867177512-1785867177511.jpg	in stock	Balcão para pia 3 Gavetas, estrutura 100% MDF, pés de plástico, puxadores em MDF, dobradiças e corrediças metálicas, regulagem nos pés<br>120 x 81,5 x 51 ( L x A x P)	479.00 BRL		Móveis Morante	new	Branco	unisex				no	999	Furniture
balcao-para-pia-120-3-gavetas-100-mdf-darmovel-freijomattareia	Balcão para Pia 1,20 3 Gavetas 100% MDF Darmovel	Balcão para pia 3 Gavetas, estrutura 100% MDF, pés de plástico, puxadores em MDF, dobradiças e corrediças metálicas, regulagem nos pés<br>120 x 81,5 x 51 ( L x A x P)	https://moveismorante.com.br/produto/balcao-para-pia-120-3-gavetas-100-mdf-darmovel?var=b7048f06-f01f-414f-8da4-e23aaa012a68	https://pub-389127050a434f568c29dc66bdce2567.r2.dev/1785867147373-1785867147373.jpg	https://pub-389127050a434f568c29dc66bdce2567.r2.dev/1785867149840-1785867149840.jpg,https://pub-389127050a434f568c29dc66bdce2567.r2.dev/1785867163865-1785867163865.jpg,https://pub-389127050a434f568c29dc66bdce2567.r2.dev/1785867155674-1785867155673.jpg	in stock	Balcão para pia 3 Gavetas, estrutura 100% MDF, pés de plástico, puxadores em MDF, dobradiças e corrediças metálicas, regulagem nos pés<br>120 x 81,5 x 51 ( L x A x P)	479.00 BRL		Móveis Morante	new	Freijó Matt/Areia	unisex				no	999	Furniture
df6f6415-185a-41ad-ac6a-1e2124670793	Armário Torre Paneleiro 2 portas Tela Sul	PANELEIRO TELASUL LUMINA 70CM 2PT Cinza/Cinza<br>Medidas externas do produto:<br>700mm (L) X 2400mm (A) X 511mm (PROF)<br>Informações técnicas:<br>Material: MDP<br>Cores: Cinza Supremo	https://moveismorante.com.br/produto/armario-torre-paneleiro-2-portas-tela-sul	https://pub-389127050a434f568c29dc66bdce2567.r2.dev/1786471894830-1786471894827.jpg	https://pub-389127050a434f568c29dc66bdce2567.r2.dev/1786471898613-1786471898613.jpg,https://pub-389127050a434f568c29dc66bdce2567.r2.dev/1786471901236-1786471901235.jpg,https://pub-389127050a434f568c29dc66bdce2567.r2.dev/1786471904096-1786471904096.jpg,https://pub-389127050a434f568c29dc66bdce2567.r2.dev/1786471909305-1786471909304.jpg,https://pub-389127050a434f568c29dc66bdce2567.r2.dev/1786471912350-1786471912350.jpg,https://pub-389127050a434f568c29dc66bdce2567.r2.dev/1786471914076-1786471914075.jpg,https://pub-389127050a434f568c29dc66bdce2567.r2.dev/1786471917372-1786471917371.jpg,https://pub-389127050a434f568c29dc66bdce2567.r2.dev/1786471919665-1786471919663.jpg	in stock	PANELEIRO TELASUL LUMINA 70CM 2PT Cinza/Cinza<br>Medidas externas do produto:<br>700mm (L) X 2400mm (A) X 511mm (PROF)<br>Informações técnicas:<br>Material: MDP<br>Cores: Cinza Supremo	999.00 BRL	599.00 BRL	Móveis Morante	new		unisex				no	10	Furniture
ccd24699-628e-4e03-b20c-a6c9f28d6ce6	Conjunto de Mesa Mônaco 1,37 m com Vidro e 6 Poltronas	Conjunto Sala de Jantar Mesa Mônaco 137cm 6 Poltronas Grécia Madetal<br>Conjunto de Sala de Jantar Madetal Mônaco Mesa com Tampo de Vidro e Poltronas Grécia madeira maciça<br>Transforme sua sala de jantar em um ambiente moderno, elegante e acolhedor com o Conjunto de Sala de Jantar Madetal Mônaco. Com design contemporâneo e acabamento sofisticado, a mesa e as poltronas oferecem conforto, estilo e praticidade para o dia a dia.<br>A Mesa Mônaco é produzida em MDP e madeira maciça com acabamento PU, garantindo resistência, durabilidade e fácil manutenção. O tampo em vidro confere sofisticação e modernidade, além de facilitar a limpeza. Com formato aconchegante, acomoda confortavelmente até 6 pessoas. Sua altura de 82 cm proporciona ergonomia e conforto durante as refeições.<br>As poltronas Grécia complementam o conjunto com charme e conforto, produzidas em madeira maciça de eucalipto e assento estofado com espuma D40, oferecendo maciez e firmeza. O encosto traz um toque de elegância e tendência de decoração, enquanto o revestimento em tecido linho facilita a limpeza, sendo ideal para uso diário. Cada poltrona suporta até 120 kg e já é enviada montada.<br>Características da Mesa Mônaco<br>Material da Estrutura: MDP e madeira maciça<br>Tampo com Vidro colado<br>Acabamento: PU<br>Características das Poltronas Grécia<br>Material: Madeira maciça de eucalipto<br>Assento: Estofado com espuma D40<br>Revestimento: Tecido linho<br>Capacidade por poltrona: 120 kg<br>Dimensões da mesa:<br>Altura: 82 cm<br>Largura: 137 cm<br>Profundidade: 137 cm<br>Dimensões da Poltrona:<br>Altura 83 cm<br>Largura 42 cm<br>Profundidade 54 cm	https://moveismorante.com.br/produto/conjunto-de-mesa-monaco-137-m-com-vidro-e-6-poltronas	https://pub-389127050a434f568c29dc66bdce2567.r2.dev/1785437917873-1785437917872.jpg	https://pub-389127050a434f568c29dc66bdce2567.r2.dev/1785437928322-1785437928322.jpg,https://pub-389127050a434f568c29dc66bdce2567.r2.dev/1785437932230-1785437932229.jpg,https://pub-389127050a434f568c29dc66bdce2567.r2.dev/1785437935431-1785437935430.jpg,https://pub-389127050a434f568c29dc66bdce2567.r2.dev/1785437939998-1785437939997.jpg,https://pub-389127050a434f568c29dc66bdce2567.r2.dev/1785437947263-1785437947263.jpg,https://pub-389127050a434f568c29dc66bdce2567.r2.dev/1785437949883-1785437949881.jpg,https://pub-389127050a434f568c29dc66bdce2567.r2.dev/1785437952847-1785437952846.jpg,https://pub-389127050a434f568c29dc66bdce2567.r2.dev/1785437955968-1785437955967.jpg,https://pub-389127050a434f568c29dc66bdce2567.r2.dev/1785437959073-1785437959073.jpg	in stock	Conjunto Sala de Jantar Mesa Mônaco 137cm 6 Poltronas Grécia Madetal<br>Conjunto de Sala de Jantar Madetal Mônaco Mesa com Tampo de Vidro e Poltronas Grécia madeira maciça<br>Transforme sua sala de jantar em um ambiente moderno, elegante e acolhedor com o Conjunto de Sala de Jantar Madetal Mônaco. Com design contemporâneo e acabamento sofisticado, a mesa e as poltronas oferecem conforto, estilo e praticidade para o dia a dia.<br>A Mesa Mônaco é produzida em MDP e madeira maciça com acabamento PU, garantindo resistência, durabilidade e fácil manutenção. O tampo em vidro confere sofisticação e modernidade, além de facilitar a limpeza. Com formato aconchegante, acomoda confortavelmente até 6 pessoas. Sua altura de 82 cm proporciona ergonomia e conforto durante as refeições.<br>As poltronas Grécia complementam o conjunto com charme e conforto, produzidas em madeira maciça de eucalipto e assento estofado com espuma D40, oferecendo maciez e firmeza. O encosto traz um toque de elegância e tendência de decoração, enquanto o revestimento em tecido linho facilita a limpeza, sendo ideal para uso diário. Cada poltrona suporta até 120 kg e já é enviada montada.<br>Características da Mesa Mônaco<br>Material da Estrutura: MDP e madeira maciça<br>Tampo com Vidro colado<br>Acabamento: PU<br>Características das Poltronas Grécia<br>Material: Madeira maciça de eucalipto<br>Assento: Estofado com espuma D40<br>Revestimento: Tecido linho<br>Capacidade por poltrona: 120 kg<br>Dimensões da mesa:<br>Altura: 82 cm<br>Largura: 137 cm<br>Profundidade: 137 cm<br>Dimensões da Poltrona:<br>Altura 83 cm<br>Largura 42 cm<br>Profundidade 54 cm	2999.00 BRL	2499.00 BRL	Móveis Morante	new		unisex				no	10	Furniture
575afc18-cc9a-468b-abe6-783d9d0a93a0	Cabeceira 140 Casal ADF Letícia Veludo	Cabeceira estofada ADF Casal, 140, tecido veludo grafite, acompanha pá chapas de fixação na base	https://moveismorante.com.br/produto/cabeceira-140-casal-adf-leticia-veludo	https://pub-389127050a434f568c29dc66bdce2567.r2.dev/1786325045513-1786325045513.jpg	https://pub-389127050a434f568c29dc66bdce2567.r2.dev/1786325048873-1786325048873.jpg	in stock	Cabeceira estofada ADF Casal, 140, tecido veludo grafite, acompanha pá chapas de fixação na base	349.00 BRL		Móveis Morante	new		unisex				no	10	Furniture
c0cda89f-8971-4146-bce7-0c4ead887f24	Guarda Roupa 2,37 Casal 8 Portas Paris QUEIMA DOS SALVADOS	O Guarda Roupa Casal 8 Portas Paris Maxel Móveis, é ideal para quem busca funcionalidade e organização. Com ótimas divisões, varões de aluminio e gavetas para auxiliar acomodação de pequenos objetos. Oferece beleza e modernidade a mais no produto. Possui quatro gavetas, amplo espaço interno com divisões ele/ela, para cabideiros, prateleiras e calçados, seu designer interno possibilita organizar todas as roupas e acessórios.<br>Características:<br>Estrutura em MDP<br>8 Portas<br>4 Gavetas<br>8 Prateleiras<br>2 Cabideiros em madeira<br>Corrediças metálicas<br>Acabamento externo com pintura texturizada e aplicação de verniz fosco<br>Acabamento interno na tonalidade linho<br>Puxadores em MDF<br>Gavetas suporta até 3kg<br>Prateleiras suporta até 5kg<br>Dimensões:<br>Altura: 200 cm<br>Largura: 237 cm<br>Profundidade: 47 cm<br>Peso: 128,00 kg	https://moveismorante.com.br/produto/guarda-roupa-237-casal-8-portas-paris-queima-dos-salvados	https://pub-389127050a434f568c29dc66bdce2567.r2.dev/1785600533448-1785600533444.jpg	https://pub-389127050a434f568c29dc66bdce2567.r2.dev/1785600535856-1785600535855.jpg,https://pub-389127050a434f568c29dc66bdce2567.r2.dev/1785600537617-1785600537617.jpg,https://pub-389127050a434f568c29dc66bdce2567.r2.dev/1785600539976-1785600539976.jpg,https://pub-389127050a434f568c29dc66bdce2567.r2.dev/1785600541370-1785600541369.jpg,https://pub-389127050a434f568c29dc66bdce2567.r2.dev/1785600542818-1785600542818.jpg,https://pub-389127050a434f568c29dc66bdce2567.r2.dev/1785600544256-1785600544255.jpg,https://pub-389127050a434f568c29dc66bdce2567.r2.dev/1785600546288-1785600546287.jpg,https://pub-389127050a434f568c29dc66bdce2567.r2.dev/1785600547631-1785600547629.jpg,https://pub-389127050a434f568c29dc66bdce2567.r2.dev/1785600550106-1785600550105.jpg,https://pub-389127050a434f568c29dc66bdce2567.r2.dev/1785600553209-1785600553208.jpg	in stock	O Guarda Roupa Casal 8 Portas Paris Maxel Móveis, é ideal para quem busca funcionalidade e organização. Com ótimas divisões, varões de aluminio e gavetas para auxiliar acomodação de pequenos objetos. Oferece beleza e modernidade a mais no produto. Possui quatro gavetas, amplo espaço interno com divisões ele/ela, para cabideiros, prateleiras e calçados, seu designer interno possibilita organizar todas as roupas e acessórios.<br>Características:<br>Estrutura em MDP<br>8 Portas<br>4 Gavetas<br>8 Prateleiras<br>2 Cabideiros em madeira<br>Corrediças metálicas<br>Acabamento externo com pintura texturizada e aplicação de verniz fosco<br>Acabamento interno na tonalidade linho<br>Puxadores em MDF<br>Gavetas suporta até 3kg<br>Prateleiras suporta até 5kg<br>Dimensões:<br>Altura: 200 cm<br>Largura: 237 cm<br>Profundidade: 47 cm<br>Peso: 128,00 kg	1499.00 BRL	1099.00 BRL	Móveis Morante	new		unisex				no	10	Furniture
849625c4-2015-4574-a28e-d61d6fd83786	Cômoda 5 Gavetas 1 Porta com Vidro Aramóveis	Características do Produto<br>A Cômoda 1 porta e 5 gavetas da Aramóveis é produzida com material de qualidade e contém design funcional e sofisticado. Dispõe de amplo espaço para armazenamento de pertences. Seu tampo em vidro confere elegância à peça e torna visível o porta joias presente na primeira gaveta, proporcionando um toque de sofisticação.<br>Características:<br>Estrutura em MDP 12mm e 15mm de espessura<br>Tampo de vidro<br>1 Porta<br>Dobradiças metálicas<br>1 Prateleira<br>5 Gavetas<br>Corrediças telescópicas<br>Porta jóias na primeira gaveta<br>Puxadores em ABS<br>Acabamento em verniz alto brilho<br>Dimensões:<br>Altura: 97,3 cm<br>Largura: 110,4 cm<br>Profundidade: 46,8 cm<br>Peso: 53,60 kg	https://moveismorante.com.br/produto/comoda-5-gavetas-1-porta-com-vidro-aramoveis	https://pub-389127050a434f568c29dc66bdce2567.r2.dev/1785521089878-1785521089878.jpg	https://pub-389127050a434f568c29dc66bdce2567.r2.dev/1785521091401-1785521091400.jpg,https://pub-389127050a434f568c29dc66bdce2567.r2.dev/1785521092711-1785521092710.jpg,https://pub-389127050a434f568c29dc66bdce2567.r2.dev/1785521094085-1785521094085.jpg,https://pub-389127050a434f568c29dc66bdce2567.r2.dev/1785521095910-1785521095909.jpg,https://pub-389127050a434f568c29dc66bdce2567.r2.dev/1785521097501-1785521097500.jpg,https://pub-389127050a434f568c29dc66bdce2567.r2.dev/1785521099010-1785521099008.jpg,https://pub-389127050a434f568c29dc66bdce2567.r2.dev/1785521101220-1785521101220.jpg,https://pub-389127050a434f568c29dc66bdce2567.r2.dev/1785521102725-1785521102724.jpg	in stock	Características do Produto<br>A Cômoda 1 porta e 5 gavetas da Aramóveis é produzida com material de qualidade e contém design funcional e sofisticado. Dispõe de amplo espaço para armazenamento de pertences. Seu tampo em vidro confere elegância à peça e torna visível o porta joias presente na primeira gaveta, proporcionando um toque de sofisticação.<br>Características:<br>Estrutura em MDP 12mm e 15mm de espessura<br>Tampo de vidro<br>1 Porta<br>Dobradiças metálicas<br>1 Prateleira<br>5 Gavetas<br>Corrediças telescópicas<br>Porta jóias na primeira gaveta<br>Puxadores em ABS<br>Acabamento em verniz alto brilho<br>Dimensões:<br>Altura: 97,3 cm<br>Largura: 110,4 cm<br>Profundidade: 46,8 cm<br>Peso: 53,60 kg	799.00 BRL	599.00 BRL	Móveis Morante	new		unisex				no	10	Furniture
balcao-para-pia-de-120m-3-gaveta-branco	Balcão para Pia de 1,20m 3 Gaveta	Balcão para pia de 1,20m, 3 gaveta, modelo econômico, menos acabamento interno, pés de plástico, corrediças metálicas, dobradiças metálicas.<br>Largura: 119<br>Profundidade: 51,5<br>Altura:78	https://moveismorante.com.br/produto/balcao-para-pia-de-120m-3-gaveta?var=0bb9403e-0b43-4e12-88b5-b3510ac90e2d	https://pub-389127050a434f568c29dc66bdce2567.r2.dev/1785587618684-1785587618684.jpg	https://pub-389127050a434f568c29dc66bdce2567.r2.dev/1785587621777-1785587621776.jpg,https://pub-389127050a434f568c29dc66bdce2567.r2.dev/1785587624252-1785587624252.jpg,https://pub-389127050a434f568c29dc66bdce2567.r2.dev/1785587626945-1785587626944.jpg	in stock	Balcão para pia de 1,20m, 3 gaveta, modelo econômico, menos acabamento interno, pés de plástico, corrediças metálicas, dobradiças metálicas.<br>Largura: 119<br>Profundidade: 51,5<br>Altura:78	349.00 BRL	299.00 BRL	Móveis Morante	new	Branco	unisex				no	999	Furniture
balcao-para-pia-de-120m-3-gaveta-brancourano	Balcão para Pia de 1,20m 3 Gaveta	Balcão para pia de 1,20m, 3 gaveta, modelo econômico, menos acabamento interno, pés de plástico, corrediças metálicas, dobradiças metálicas.<br>Largura: 119<br>Profundidade: 51,5<br>Altura:78	https://moveismorante.com.br/produto/balcao-para-pia-de-120m-3-gaveta?var=964674bb-45ad-43a1-84e8-3592f6d93cea	https://pub-389127050a434f568c29dc66bdce2567.r2.dev/1785588075362-pasted_1785588075361.jpg	https://pub-389127050a434f568c29dc66bdce2567.r2.dev/1785588085392-pasted_1785588085392.jpg,https://pub-389127050a434f568c29dc66bdce2567.r2.dev/1785587626945-1785587626944.jpg	in stock	Balcão para pia de 1,20m, 3 gaveta, modelo econômico, menos acabamento interno, pés de plástico, corrediças metálicas, dobradiças metálicas.<br>Largura: 119<br>Profundidade: 51,5<br>Altura:78	349.00 BRL	299.00 BRL	Móveis Morante	new	Branco/Urano	unisex				no	999	Furniture
41be4929-7187-40bb-8fb6-09d4d7868849	Conjunto de Banheiro Veneza	O Conjunto para banheiro veneza da Fiorello Móveis ideal para quem procura otimizar o seu banheiro com um móvel multiuso, Este kit possui gabinete suspenso e espelheira com prateleira com acabamento em pintura ultravioleta, cuba de mármore sintético, suporte para toalha de rosto, uma porta basculante com amortecedor e uma gaveta espaçosa com corrediça metálica.<br>Diferenciais do Produto<br>- Gabinete para banheiro com cuba inclusa;<br>- Gabinete de banheiro com espelheira;<br>- Toalheiro incluso em ABS;<br>- Uma porta basculante com amortecedor a gás;<br>- Uma gaveta espaçosa com corrediças metálicas;<br>- Cuba elegante inclusa;<br>- Acompanha cuba confeccionada em mármore sintético;<br>- Porta e frente de gaveta em MDP de 15mm;<br>- Porta basculante com pistão a gás dobradiça metálica 26mm;<br>- Estrutura em MDP de 15mm e 12mm;<br>- Espelheira com Nichos laterais decorativos;<br>- Acabamento em UV na cor freijó com branco;<br>- Espelho com 3mm de espessura;<br>Medida Total do Produto<br>ESPELHEIRA<br>Altura: 0,57 m<br>Largura: 0,54 m<br>GABINETE<br>Altura: 0,54 m<br>Largura: 0,55 m<br>Profundidade: 0,31 m	https://moveismorante.com.br/produto/conjunto-de-banheiro-veneza	https://pub-389127050a434f568c29dc66bdce2567.r2.dev/1785086005970-1785086005970.jpg	https://pub-389127050a434f568c29dc66bdce2567.r2.dev/1785086010022-1785086010022.jpg,https://pub-389127050a434f568c29dc66bdce2567.r2.dev/1785086013409-1785086013409.jpg	in stock	O Conjunto para banheiro veneza da Fiorello Móveis ideal para quem procura otimizar o seu banheiro com um móvel multiuso, Este kit possui gabinete suspenso e espelheira com prateleira com acabamento em pintura ultravioleta, cuba de mármore sintético, suporte para toalha de rosto, uma porta basculante com amortecedor e uma gaveta espaçosa com corrediça metálica.<br>Diferenciais do Produto<br>- Gabinete para banheiro com cuba inclusa;<br>- Gabinete de banheiro com espelheira;<br>- Toalheiro incluso em ABS;<br>- Uma porta basculante com amortecedor a gás;<br>- Uma gaveta espaçosa com corrediças metálicas;<br>- Cuba elegante inclusa;<br>- Acompanha cuba confeccionada em mármore sintético;<br>- Porta e frente de gaveta em MDP de 15mm;<br>- Porta basculante com pistão a gás dobradiça metálica 26mm;<br>- Estrutura em MDP de 15mm e 12mm;<br>- Espelheira com Nichos laterais decorativos;<br>- Acabamento em UV na cor freijó com branco;<br>- Espelho com 3mm de espessura;<br>Medida Total do Produto<br>ESPELHEIRA<br>Altura: 0,57 m<br>Largura: 0,54 m<br>GABINETE<br>Altura: 0,54 m<br>Largura: 0,55 m<br>Profundidade: 0,31 m	499.00 BRL	399.00 BRL	Móveis Morante	new		unisex				no	10	Furniture
afd21b58-8f80-4869-9997-8fae7a1aa5fc	Jogo de Cozinha Modulado 4 Peças 2,00 m	Cozinha Modulada 5 Peças Star Indekes<br>A cozinha modulada Indekes reúne praticidade, funcionalidade e um design moderno que valoriza qualquer ambiente. Composta por 5 módulos independentes, oferece total liberdade de montagem, permitindo diversas combinações e adaptações conforme o espaço disponível. Compactos e versáteis, os módulos podem ser utilizados não apenas na cozinha, mas também em copa, espaço gourmet ou área de serviço. Seu visual de linhas delicadas combina facilmente com diferentes estilos de decoração, trazendo harmonia e sofisticação ao ambiente. O espaço interno é bem distribuído, contando com prateleiras e divisórias que facilitam a organização de utensílios, mantimentos e demais itens do dia a dia, garantindo mais praticidade na rotina.<br>Características:<br>Material em MDP<br>13 Portas<br>2 Gavetas<br>5 Prateleiras<br>Pés plásticos<br>Prateleira suporta peso de até 7kg<br>Gaveta suporta peso de até 5kg<br>Corrediça metálica<br>Espaço para eletro<br>Puxador em perfil<br>Dimensões:<br>Largura total: 200 cm<br>Profundidade total: 53 cm<br>Peso: 151,80 kg<br>Compõe a cozinha:<br>1 Armário aéreo 3 portas - 120cm<br>1 Armário aéreo 2 portas - 80cm<br>1 Balcão para pia 3 portas 2 gavetas (sem pia) 120cm<br>1 Balcão 2 portas - 80cm	https://moveismorante.com.br/produto/jogo-de-cozinha-modulado-4-pecas-200-m	https://pub-389127050a434f568c29dc66bdce2567.r2.dev/1785849165515-1785849165514.jpg	https://pub-389127050a434f568c29dc66bdce2567.r2.dev/1785849168868-1785849168868.jpg,https://pub-389127050a434f568c29dc66bdce2567.r2.dev/1785849192390-1785849192389.jpg,https://pub-389127050a434f568c29dc66bdce2567.r2.dev/1785849195511-1785849195511.jpg,https://pub-389127050a434f568c29dc66bdce2567.r2.dev/1785849198880-1785849198879.jpg,https://pub-389127050a434f568c29dc66bdce2567.r2.dev/1785849202204-1785849202204.jpg,https://pub-389127050a434f568c29dc66bdce2567.r2.dev/1785849206822-1785849206822.jpg,https://pub-389127050a434f568c29dc66bdce2567.r2.dev/1785849210060-1785849210060.jpg,https://pub-389127050a434f568c29dc66bdce2567.r2.dev/1785849212529-1785849212528.jpg,https://pub-389127050a434f568c29dc66bdce2567.r2.dev/1785849218146-1785849218146.jpg	in stock	Cozinha Modulada 5 Peças Star Indekes<br>A cozinha modulada Indekes reúne praticidade, funcionalidade e um design moderno que valoriza qualquer ambiente. Composta por 5 módulos independentes, oferece total liberdade de montagem, permitindo diversas combinações e adaptações conforme o espaço disponível. Compactos e versáteis, os módulos podem ser utilizados não apenas na cozinha, mas também em copa, espaço gourmet ou área de serviço. Seu visual de linhas delicadas combina facilmente com diferentes estilos de decoração, trazendo harmonia e sofisticação ao ambiente. O espaço interno é bem distribuído, contando com prateleiras e divisórias que facilitam a organização de utensílios, mantimentos e demais itens do dia a dia, garantindo mais praticidade na rotina.<br>Características:<br>Material em MDP<br>13 Portas<br>2 Gavetas<br>5 Prateleiras<br>Pés plásticos<br>Prateleira suporta peso de até 7kg<br>Gaveta suporta peso de até 5kg<br>Corrediça metálica<br>Espaço para eletro<br>Puxador em perfil<br>Dimensões:<br>Largura total: 200 cm<br>Profundidade total: 53 cm<br>Peso: 151,80 kg<br>Compõe a cozinha:<br>1 Armário aéreo 3 portas - 120cm<br>1 Armário aéreo 2 portas - 80cm<br>1 Balcão para pia 3 portas 2 gavetas (sem pia) 120cm<br>1 Balcão 2 portas - 80cm	1649.00 BRL	1249.00 BRL	Móveis Morante	new		unisex				no	10	Furniture
sapateira-ravenna-7-prateleiras-branco	Sapateira Ravenna 7 Prateleiras	A Sapateira Ravenna Branca possui 7 prateleira fixas, ideais para acondicionar e organizar calçados, indicada para compor ambientes em seu quarto ou closet. Produto em MDP com acabamento em Pintura UV.<br>Acabamento da Prateleira: Pintura UV<br>Composição: 100% MDP<br>Espessura do Material da Estrutura: 15 mm<br>Linha ou Coleção: Ravenna<br>Material da Prateleira: MDP<br>Material Principal: MDP<br>Peso: 22,78 kg<br>Peso Máximo por Prateleira: 5 kg<br>Largura<br>68,00 cm<br>Altura<br>138,50 cm<br>Profundidade<br>30,00 cm	https://moveismorante.com.br/produto/sapateira-ravenna-7-prateleiras?var=ff13f767-3b76-466a-b89e-af86bf62152a	https://pub-389127050a434f568c29dc66bdce2567.r2.dev/1786332490381-1786332490380.jpg	https://pub-389127050a434f568c29dc66bdce2567.r2.dev/1786332502408-1786332502408.jpg,https://pub-389127050a434f568c29dc66bdce2567.r2.dev/1786332505402-1786332505402.jpg,https://pub-389127050a434f568c29dc66bdce2567.r2.dev/1786332508738-1786332508737.jpg	out of stock	A Sapateira Ravenna Branca possui 7 prateleira fixas, ideais para acondicionar e organizar calçados, indicada para compor ambientes em seu quarto ou closet. Produto em MDP com acabamento em Pintura UV.<br>Acabamento da Prateleira: Pintura UV<br>Composição: 100% MDP<br>Espessura do Material da Estrutura: 15 mm<br>Linha ou Coleção: Ravenna<br>Material da Prateleira: MDP<br>Material Principal: MDP<br>Peso: 22,78 kg<br>Peso Máximo por Prateleira: 5 kg<br>Largura<br>68,00 cm<br>Altura<br>138,50 cm<br>Profundidade<br>30,00 cm	349.00 BRL		Móveis Morante	new	Branco	unisex				no	0	Furniture
sapateira-ravenna-7-prateleiras-tauari	Sapateira Ravenna 7 Prateleiras	A Sapateira Ravenna Branca possui 7 prateleira fixas, ideais para acondicionar e organizar calçados, indicada para compor ambientes em seu quarto ou closet. Produto em MDP com acabamento em Pintura UV.<br>Acabamento da Prateleira: Pintura UV<br>Composição: 100% MDP<br>Espessura do Material da Estrutura: 15 mm<br>Linha ou Coleção: Ravenna<br>Material da Prateleira: MDP<br>Material Principal: MDP<br>Peso: 22,78 kg<br>Peso Máximo por Prateleira: 5 kg<br>Largura<br>68,00 cm<br>Altura<br>138,50 cm<br>Profundidade<br>30,00 cm	https://moveismorante.com.br/produto/sapateira-ravenna-7-prateleiras?var=3366ad50-f4b7-40ea-8784-d599fa2a80f5	https://pub-389127050a434f568c29dc66bdce2567.r2.dev/1786332493327-1786332493327.jpg	https://pub-389127050a434f568c29dc66bdce2567.r2.dev/1786332496571-1786332496571.jpg,https://pub-389127050a434f568c29dc66bdce2567.r2.dev/1786332499483-1786332499483.jpg	out of stock	A Sapateira Ravenna Branca possui 7 prateleira fixas, ideais para acondicionar e organizar calçados, indicada para compor ambientes em seu quarto ou closet. Produto em MDP com acabamento em Pintura UV.<br>Acabamento da Prateleira: Pintura UV<br>Composição: 100% MDP<br>Espessura do Material da Estrutura: 15 mm<br>Linha ou Coleção: Ravenna<br>Material da Prateleira: MDP<br>Material Principal: MDP<br>Peso: 22,78 kg<br>Peso Máximo por Prateleira: 5 kg<br>Largura<br>68,00 cm<br>Altura<br>138,50 cm<br>Profundidade<br>30,00 cm	349.00 BRL		Móveis Morante	new	Tauari	unisex				no	0	Furniture
balcao-para-pia-de-160m-3-gavetas-darmovel-malbec	Balcão para Pia de 1,60m 3 Gavetas Darmovel	O Balcão para Pia Darmovel 1,60m é a escolha ideal para quem busca praticidade e organização na cozinha, sem abrir mão de um visual moderno.<br>Com estrutura resistente, o produto conta com 3 gavetas equipadas com corrediças metálicas, garantindo abertura suave e maior durabilidade no uso diário. As dobradiças metálicas reforçam a qualidade do conjunto, oferecendo mais firmeza nas portas.<br>Seus pés em plástico com regulagem de altura permitem melhor adaptação ao ambiente, facilitando o nivelamento mesmo em pisos irregulares.<br>Com dimensões de 160 cm de largura, 50,5 cm de profundidade e 78,5 cm de altura, o balcão oferece um ótimo espaço interno para organização de utensílios e mantimentos, sendo ideal para compor cozinhas funcionais e bem planejadas.<br>✔️ Estrutura resistente e funcional<br>✔️ 3 gavetas com corrediças metálicas<br>✔️ Dobradiças metálicas<br>✔️ Pés com regulagem de altura<br>✔️ Amplo espaço interno<br>Perfeito para deixar sua cozinha mais organizada, prática e bonita no dia a dia.	https://moveismorante.com.br/produto/balcao-para-pia-de-160m-3-gavetas-darmovel?var=b66724ef-0fa0-46da-81ee-d1a4ec556eaa	https://pub-389127050a434f568c29dc66bdce2567.r2.dev/1785867800304-1785867800304.jpg	https://pub-389127050a434f568c29dc66bdce2567.r2.dev/1785867805423-1785867805423.jpg,https://pub-389127050a434f568c29dc66bdce2567.r2.dev/1785867808504-1785867808503.jpg	in stock	O Balcão para Pia Darmovel 1,60m é a escolha ideal para quem busca praticidade e organização na cozinha, sem abrir mão de um visual moderno.<br>Com estrutura resistente, o produto conta com 3 gavetas equipadas com corrediças metálicas, garantindo abertura suave e maior durabilidade no uso diário. As dobradiças metálicas reforçam a qualidade do conjunto, oferecendo mais firmeza nas portas.<br>Seus pés em plástico com regulagem de altura permitem melhor adaptação ao ambiente, facilitando o nivelamento mesmo em pisos irregulares.<br>Com dimensões de 160 cm de largura, 50,5 cm de profundidade e 78,5 cm de altura, o balcão oferece um ótimo espaço interno para organização de utensílios e mantimentos, sendo ideal para compor cozinhas funcionais e bem planejadas.<br>✔️ Estrutura resistente e funcional<br>✔️ 3 gavetas com corrediças metálicas<br>✔️ Dobradiças metálicas<br>✔️ Pés com regulagem de altura<br>✔️ Amplo espaço interno<br>Perfeito para deixar sua cozinha mais organizada, prática e bonita no dia a dia.	549.00 BRL	499.00 BRL	Móveis Morante	new	Malbec	unisex				no	999	Furniture
balcao-para-pia-de-160m-3-gavetas-darmovel-castanhomalbec	Balcão para Pia de 1,60m 3 Gavetas Darmovel	O Balcão para Pia Darmovel 1,60m é a escolha ideal para quem busca praticidade e organização na cozinha, sem abrir mão de um visual moderno.<br>Com estrutura resistente, o produto conta com 3 gavetas equipadas com corrediças metálicas, garantindo abertura suave e maior durabilidade no uso diário. As dobradiças metálicas reforçam a qualidade do conjunto, oferecendo mais firmeza nas portas.<br>Seus pés em plástico com regulagem de altura permitem melhor adaptação ao ambiente, facilitando o nivelamento mesmo em pisos irregulares.<br>Com dimensões de 160 cm de largura, 50,5 cm de profundidade e 78,5 cm de altura, o balcão oferece um ótimo espaço interno para organização de utensílios e mantimentos, sendo ideal para compor cozinhas funcionais e bem planejadas.<br>✔️ Estrutura resistente e funcional<br>✔️ 3 gavetas com corrediças metálicas<br>✔️ Dobradiças metálicas<br>✔️ Pés com regulagem de altura<br>✔️ Amplo espaço interno<br>Perfeito para deixar sua cozinha mais organizada, prática e bonita no dia a dia.	https://moveismorante.com.br/produto/balcao-para-pia-de-160m-3-gavetas-darmovel?var=a3050440-6204-41e0-a444-52adbdbc3fe4	https://pub-389127050a434f568c29dc66bdce2567.r2.dev/1785867785869-1785867785868.jpg	https://pub-389127050a434f568c29dc66bdce2567.r2.dev/1785867788579-1785867788579.jpg,https://pub-389127050a434f568c29dc66bdce2567.r2.dev/1785867791209-1785867791208.jpg,https://pub-389127050a434f568c29dc66bdce2567.r2.dev/1785867796317-1785867796316.jpg	in stock	O Balcão para Pia Darmovel 1,60m é a escolha ideal para quem busca praticidade e organização na cozinha, sem abrir mão de um visual moderno.<br>Com estrutura resistente, o produto conta com 3 gavetas equipadas com corrediças metálicas, garantindo abertura suave e maior durabilidade no uso diário. As dobradiças metálicas reforçam a qualidade do conjunto, oferecendo mais firmeza nas portas.<br>Seus pés em plástico com regulagem de altura permitem melhor adaptação ao ambiente, facilitando o nivelamento mesmo em pisos irregulares.<br>Com dimensões de 160 cm de largura, 50,5 cm de profundidade e 78,5 cm de altura, o balcão oferece um ótimo espaço interno para organização de utensílios e mantimentos, sendo ideal para compor cozinhas funcionais e bem planejadas.<br>✔️ Estrutura resistente e funcional<br>✔️ 3 gavetas com corrediças metálicas<br>✔️ Dobradiças metálicas<br>✔️ Pés com regulagem de altura<br>✔️ Amplo espaço interno<br>Perfeito para deixar sua cozinha mais organizada, prática e bonita no dia a dia.	549.00 BRL	499.00 BRL	Móveis Morante	new	Castanho/Malbec	unisex				no	999	Furniture
77044a13-9ca2-4ac3-9a22-79fc8ca75cf8	Sofá Ibiza Retrátil e Reclinável 3 metros Veludo Tabaco	Sofá Ibiza, tabaco veludo, retrátil e reclinável, com espumas D28, novo<br>Dimensões: 3,00 x 1,07 x 1,10 ( L x P x A )<br>Com o acento esticado: Profundidade 1,53	https://moveismorante.com.br/produto/sofa-ibiza-retratil-e-reclinavel-3-metros-veludo-tabaco	https://pub-389127050a434f568c29dc66bdce2567.r2.dev/1786472376707-1786472376706.jpg	https://pub-389127050a434f568c29dc66bdce2567.r2.dev/1786472380269-1786472380269.jpg,https://pub-389127050a434f568c29dc66bdce2567.r2.dev/1786472383177-1786472383177.jpg,https://pub-389127050a434f568c29dc66bdce2567.r2.dev/1786472386118-1786472386117.jpg	in stock	Sofá Ibiza, tabaco veludo, retrátil e reclinável, com espumas D28, novo<br>Dimensões: 3,00 x 1,07 x 1,10 ( L x P x A )<br>Com o acento esticado: Profundidade 1,53	3599.00 BRL	2999.00 BRL	Móveis Morante	new		unisex				no	10	Furniture
armario-torre-para-forno-65cm-genova-damovel-freijomattareia	Armário Torre para Forno 65cm Genova Damovel	Armário Torre para Forno 0,65 Gênova, dobradiças metálicas, em MDP<br>Altura: 210<br>Largura: 61<br>Profundidade: 50	https://moveismorante.com.br/produto/armario-torre-para-forno-65cm-genova-damovel?var=aa13dbbe-fa70-48e4-a577-a60bb1bce44a	https://pub-389127050a434f568c29dc66bdce2567.r2.dev/1785850579092-pasted_1785850579091.jpg	https://pub-389127050a434f568c29dc66bdce2567.r2.dev/1785850586020-pasted_1785850586020.jpg,https://pub-389127050a434f568c29dc66bdce2567.r2.dev/1785850595459-pasted_1785850595458.jpg,https://pub-389127050a434f568c29dc66bdce2567.r2.dev/1785850603091-pasted_1785850603091.jpg	in stock	Armário Torre para Forno 0,65 Gênova, dobradiças metálicas, em MDP<br>Altura: 210<br>Largura: 61<br>Profundidade: 50	599.00 BRL		Móveis Morante	new	Freijó Matt/Areia	unisex				no	999	Furniture
armario-torre-para-forno-65cm-genova-damovel-branco	Armário Torre para Forno 65cm Genova Damovel	Armário Torre para Forno 0,65 Gênova, dobradiças metálicas, em MDP<br>Altura: 210<br>Largura: 61<br>Profundidade: 50	https://moveismorante.com.br/produto/armario-torre-para-forno-65cm-genova-damovel?var=dcb43d4d-599e-42f4-880d-66247c856b7d	https://pub-389127050a434f568c29dc66bdce2567.r2.dev/1785850267008-1785850267008.jpg	https://pub-389127050a434f568c29dc66bdce2567.r2.dev/1785850269790-1785850269790.jpg,https://pub-389127050a434f568c29dc66bdce2567.r2.dev/1785850277957-1785850277956.jpg,https://pub-389127050a434f568c29dc66bdce2567.r2.dev/1785850272236-1785850272235.jpg	in stock	Armário Torre para Forno 0,65 Gênova, dobradiças metálicas, em MDP<br>Altura: 210<br>Largura: 61<br>Profundidade: 50	599.00 BRL		Móveis Morante	new	Branco	unisex				no	999	Furniture
9769bc39-0014-413a-b051-fe321473d818	Sofá Living 3 Lugares Linho 180cm Vicente Viero Móveis	🚚📦 Entrega rápida (1 a 5 dias úteis) para Curitiba e Região, consulte conosco a disponibilidade e o valor do frete<br>💳 Pagamento parcelado nas bandeiras VISA, MASTER, MASTERCARD, MAESTRO, HIPERCARD, ELO, em até 10x sem juros no cartão de crédito<br> 🚨⚠️ Aceitamos Senff, com juros.<br>✅ À vista tem desconto no pix, débito ou dinheiro!<br>✅ Sem custo de frete para endereços com menos de 5km de distância<br>✅ Montagem por nossa conta - para a retirada ou entrega.<br>✅ Atendimento Via WhatsApp<br>https://wa.me/5541997493547<br>🛒 VEJA MAIS DOS NOSSOS PRODUTOS CLICANDO NO LINK ABAIXO:<br>https://moveismorante.com.br<br>___________________________________<br>Móveis Morante <br>▶ CNPJ: 44.512 248/0001-07<br>🕒 Aberto: Seg a Sex ( 9h às 18h ) e Sab ( 9h às 17h )<br>🗺📍Rua Cascavel, 306, Guaraituba, Colombo - PR<br>____________________________________<br>ℹ️Características<br>‼️ Móvel em última unidade do mostruário, do lote dos salvados, por isso contém machucados como mostrado nas últimas fotos e preço preto super reduzido. Aproveite!‼️<br>Se você busca por um móvel para transformar sua sala de estar, vai se apaixonar pelo Sofá Vicente. Com 3 lugares, ele é aconchegante e possui um visual que vai elevar a decoração do espaço para outro nível.<br>Características:<br>Estrutura em MDP<br>5 pés de madeira<br>1 mola bonnel por assento<br>Espuma D-23<br>Encosto 100% fibra siliconada<br>Dimensões:<br>Altura: 86,5 cm<br>Largura: 181 cm<br>Profundidade: 75 cm<br>Peso: 57,00 kg	https://moveismorante.com.br/produto/sofa-living-3-lugares-linho-180cm-vicente-viero-moveis	https://pub-389127050a434f568c29dc66bdce2567.r2.dev/1785857472640-1785857472635.jpg	https://pub-389127050a434f568c29dc66bdce2567.r2.dev/1785857474318-1785857474317.jpg,https://pub-389127050a434f568c29dc66bdce2567.r2.dev/1785857475551-1785857475551.jpg,https://pub-389127050a434f568c29dc66bdce2567.r2.dev/1785857476972-1785857476971.jpg,https://pub-389127050a434f568c29dc66bdce2567.r2.dev/1785857478385-1785857478384.jpg	in stock	🚚📦 Entrega rápida (1 a 5 dias úteis) para Curitiba e Região, consulte conosco a disponibilidade e o valor do frete<br>💳 Pagamento parcelado nas bandeiras VISA, MASTER, MASTERCARD, MAESTRO, HIPERCARD, ELO, em até 10x sem juros no cartão de crédito<br> 🚨⚠️ Aceitamos Senff, com juros.<br>✅ À vista tem desconto no pix, débito ou dinheiro!<br>✅ Sem custo de frete para endereços com menos de 5km de distância<br>✅ Montagem por nossa conta - para a retirada ou entrega.<br>✅ Atendimento Via WhatsApp<br>https://wa.me/5541997493547<br>🛒 VEJA MAIS DOS NOSSOS PRODUTOS CLICANDO NO LINK ABAIXO:<br>https://moveismorante.com.br<br>___________________________________<br>Móveis Morante <br>▶ CNPJ: 44.512 248/0001-07<br>🕒 Aberto: Seg a Sex ( 9h às 18h ) e Sab ( 9h às 17h )<br>🗺📍Rua Cascavel, 306, Guaraituba, Colombo - PR<br>____________________________________<br>ℹ️Características<br>‼️ Móvel em última unidade do mostruário, do lote dos salvados, por isso contém machucados como mostrado nas últimas fotos e preço preto super reduzido. Aproveite!‼️<br>Se você busca por um móvel para transformar sua sala de estar, vai se apaixonar pelo Sofá Vicente. Com 3 lugares, ele é aconchegante e possui um visual que vai elevar a decoração do espaço para outro nível.<br>Características:<br>Estrutura em MDP<br>5 pés de madeira<br>1 mola bonnel por assento<br>Espuma D-23<br>Encosto 100% fibra siliconada<br>Dimensões:<br>Altura: 86,5 cm<br>Largura: 181 cm<br>Profundidade: 75 cm<br>Peso: 57,00 kg	1249.00 BRL	899.00 BRL	Móveis Morante	new		unisex				no	10	Furniture
armario-multiuso-dubai-4-portas-7-prateleiras-freijomattareia	Armário Multiuso Dubai 4 Portas 7 Prateleiras	Multiuso Dubai 4 Portas com 7 Prateleiras – Organização e Versatilidade<br>O Multiuso Dubai é a escolha certa pra quem precisa de espaço e organização sem complicação. Com design simples e funcional, ele se adapta bem em cozinha, lavanderia, escritório ou qualquer ambiente que precise de praticidade.<br>Fabricado em MDP de 15mm, oferece boa resistência para o dia a dia, com estrutura firme e durável. Possui 4 portas e 7 prateleiras internas, ideais para armazenar desde mantimentos até produtos de limpeza ou objetos diversos, mantendo tudo bem organizado e fora de vista.<br>Seu tamanho é equilibrado: aproximadamente 182 cm de altura, 100 cm de largura e 38 cm de profundidade, garantindo ótima capacidade interna sem ocupar espaço exagerado no ambiente.<br>Diferenciais:<br>4 portas para melhor organização<br>7 prateleiras bem distribuídas<br>Estrutura em MDP 15mm<br>Ideal para múltiplos ambientes<br>Ótimo aproveitamento de espaço<br>Perfeito pra quem quer organizar sem gastar muito e sem frescura.	https://moveismorante.com.br/produto/armario-multiuso-dubai-4-portas-7-prateleiras?var=3b82a3f6-0a9c-4c34-bb9d-5b6ea83e0823	https://pub-389127050a434f568c29dc66bdce2567.r2.dev/1785870729303-1785870729303.jpg	https://pub-389127050a434f568c29dc66bdce2567.r2.dev/1785870747222-1785870747222.jpg,https://pub-389127050a434f568c29dc66bdce2567.r2.dev/1785870743821-1785870743821.jpg,https://pub-389127050a434f568c29dc66bdce2567.r2.dev/1785870740930-1785870740929.jpg	in stock	Multiuso Dubai 4 Portas com 7 Prateleiras – Organização e Versatilidade<br>O Multiuso Dubai é a escolha certa pra quem precisa de espaço e organização sem complicação. Com design simples e funcional, ele se adapta bem em cozinha, lavanderia, escritório ou qualquer ambiente que precise de praticidade.<br>Fabricado em MDP de 15mm, oferece boa resistência para o dia a dia, com estrutura firme e durável. Possui 4 portas e 7 prateleiras internas, ideais para armazenar desde mantimentos até produtos de limpeza ou objetos diversos, mantendo tudo bem organizado e fora de vista.<br>Seu tamanho é equilibrado: aproximadamente 182 cm de altura, 100 cm de largura e 38 cm de profundidade, garantindo ótima capacidade interna sem ocupar espaço exagerado no ambiente.<br>Diferenciais:<br>4 portas para melhor organização<br>7 prateleiras bem distribuídas<br>Estrutura em MDP 15mm<br>Ideal para múltiplos ambientes<br>Ótimo aproveitamento de espaço<br>Perfeito pra quem quer organizar sem gastar muito e sem frescura.	599.00 BRL		Móveis Morante	new	Freijó Matt/Areia	unisex				no	999	Furniture
armario-multiuso-dubai-4-portas-7-prateleiras-branco	Armário Multiuso Dubai 4 Portas 7 Prateleiras	Multiuso Dubai 4 Portas com 7 Prateleiras – Organização e Versatilidade<br>O Multiuso Dubai é a escolha certa pra quem precisa de espaço e organização sem complicação. Com design simples e funcional, ele se adapta bem em cozinha, lavanderia, escritório ou qualquer ambiente que precise de praticidade.<br>Fabricado em MDP de 15mm, oferece boa resistência para o dia a dia, com estrutura firme e durável. Possui 4 portas e 7 prateleiras internas, ideais para armazenar desde mantimentos até produtos de limpeza ou objetos diversos, mantendo tudo bem organizado e fora de vista.<br>Seu tamanho é equilibrado: aproximadamente 182 cm de altura, 100 cm de largura e 38 cm de profundidade, garantindo ótima capacidade interna sem ocupar espaço exagerado no ambiente.<br>Diferenciais:<br>4 portas para melhor organização<br>7 prateleiras bem distribuídas<br>Estrutura em MDP 15mm<br>Ideal para múltiplos ambientes<br>Ótimo aproveitamento de espaço<br>Perfeito pra quem quer organizar sem gastar muito e sem frescura.	https://moveismorante.com.br/produto/armario-multiuso-dubai-4-portas-7-prateleiras?var=acce9ccf-e978-4845-af2a-52fbb4c7bfbc	https://pub-389127050a434f568c29dc66bdce2567.r2.dev/1785870731873-1785870731873.jpg	https://pub-389127050a434f568c29dc66bdce2567.r2.dev/1785870740930-1785870740929.jpg,https://pub-389127050a434f568c29dc66bdce2567.r2.dev/1785870735278-1785870735278.jpg,https://pub-389127050a434f568c29dc66bdce2567.r2.dev/1785870738013-1785870738012.jpg	in stock	Multiuso Dubai 4 Portas com 7 Prateleiras – Organização e Versatilidade<br>O Multiuso Dubai é a escolha certa pra quem precisa de espaço e organização sem complicação. Com design simples e funcional, ele se adapta bem em cozinha, lavanderia, escritório ou qualquer ambiente que precise de praticidade.<br>Fabricado em MDP de 15mm, oferece boa resistência para o dia a dia, com estrutura firme e durável. Possui 4 portas e 7 prateleiras internas, ideais para armazenar desde mantimentos até produtos de limpeza ou objetos diversos, mantendo tudo bem organizado e fora de vista.<br>Seu tamanho é equilibrado: aproximadamente 182 cm de altura, 100 cm de largura e 38 cm de profundidade, garantindo ótima capacidade interna sem ocupar espaço exagerado no ambiente.<br>Diferenciais:<br>4 portas para melhor organização<br>7 prateleiras bem distribuídas<br>Estrutura em MDP 15mm<br>Ideal para múltiplos ambientes<br>Ótimo aproveitamento de espaço<br>Perfeito pra quem quer organizar sem gastar muito e sem frescura.	599.00 BRL		Móveis Morante	new	Branco	unisex				no	999	Furniture
colchao-de-espuma-supreme-para-solteiro-d20-gazin-solteiro78x188	Colchão de Espuma Supreme para Solteiro Larg 78 D20 Gazin	Colchão Gazin SUPREME Solteiro, densidade 20 kg/m², 100% poliéster.<br>188x78x12	https://moveismorante.com.br/produto/colchao-de-espuma-supreme-para-solteiro-d20-gazin?var=67e0821d-2d60-457f-acb7-abf271eed3a2	https://pub-389127050a434f568c29dc66bdce2567.r2.dev/1786472461275-1786472461274.jpg	https://pub-389127050a434f568c29dc66bdce2567.r2.dev/1786472463946-1786472463946.jpg,https://pub-389127050a434f568c29dc66bdce2567.r2.dev/1786472466580-1786472466579.jpg	in stock	Colchão Gazin SUPREME Solteiro, densidade 20 kg/m², 100% poliéster.<br>188x78x12	249.00 BRL		Móveis Morante	new		unisex		Solteiro 78x188		no	999	Furniture
colchao-de-espuma-supreme-para-solteiro-d20-gazin-solteiro88x188	Colchão de Espuma Supreme para Solteiro Larg 88 D20 Gazin	Colchão Gazin SUPREME Solteiro, densidade 20 kg/m², 100% poliéster.<br>188x78x12	https://moveismorante.com.br/produto/colchao-de-espuma-supreme-para-solteiro-d20-gazin?var=50f98caf-09ff-416b-a466-2f1b2d9805eb	https://pub-389127050a434f568c29dc66bdce2567.r2.dev/1786472461275-1786472461274.jpg	https://pub-389127050a434f568c29dc66bdce2567.r2.dev/1786472466580-1786472466579.jpg,https://pub-389127050a434f568c29dc66bdce2567.r2.dev/1786472463946-1786472463946.jpg	in stock	Colchão Gazin SUPREME Solteiro, densidade 20 kg/m², 100% poliéster.<br>188x78x12	299.00 BRL		Móveis Morante	new		unisex		Solteiro 88x188		no	999	Furniture
a7702fbe-0f84-4f37-903a-bdffe69cf4dc	Multiuso Jade para Lavandeira com Pés	Armário Multiuso com 2 Portas 70x170cm Jade Moval<br>Se você procura por um móvel funcional e prático o Armário Multiuso Jade da Moval é um produto perfeito para ser utilizado na lavanderia da sua casa. O armário conta com uma estrutura feita em MDP de alta qualidade e com com acabamento em impressão UV ele casa perfeitamente com a sua necessidade. No total são 6 nichos com 2 portas convencionais com 2 puxadores na cor bronze. Além disso conta com suporte para vassoura. Para a sustentação são 4 pés em PVC. Cada cantinho da sua casa merece uma atenção especial e esse móvel é daqueles que pode dar o toque especial!<br>Dimensões do Produto<br>Largura: 70cm Altura: 170cm Profundidade: 41cm	https://moveismorante.com.br/produto/multiuso-jade-para-lavandeira-com-pes	https://pub-389127050a434f568c29dc66bdce2567.r2.dev/1785868281965-1785868281965.jpg	https://pub-389127050a434f568c29dc66bdce2567.r2.dev/1785868285553-1785868285552.jpg,https://pub-389127050a434f568c29dc66bdce2567.r2.dev/1785868288717-1785868288716.jpg,https://pub-389127050a434f568c29dc66bdce2567.r2.dev/1785868292477-1785868292476.jpg	in stock	Armário Multiuso com 2 Portas 70x170cm Jade Moval<br>Se você procura por um móvel funcional e prático o Armário Multiuso Jade da Moval é um produto perfeito para ser utilizado na lavanderia da sua casa. O armário conta com uma estrutura feita em MDP de alta qualidade e com com acabamento em impressão UV ele casa perfeitamente com a sua necessidade. No total são 6 nichos com 2 portas convencionais com 2 puxadores na cor bronze. Além disso conta com suporte para vassoura. Para a sustentação são 4 pés em PVC. Cada cantinho da sua casa merece uma atenção especial e esse móvel é daqueles que pode dar o toque especial!<br>Dimensões do Produto<br>Largura: 70cm Altura: 170cm Profundidade: 41cm	459.00 BRL		Móveis Morante	new		unisex				no	10	Furniture
44133b5f-2d30-41b3-8b7a-73758d1691d0	Guarda Roupa Londres 6 Portas 2 Gavetas Castro	Guarda Roupa Londres 6 Portas 3 gavetas, MDP 15mm, corrediças telescópicas e dobradiças de metal,cabideiro de alumínio, com pés<br>Altura: 210<br>largura: 198<br>Profundidade: 47	https://moveismorante.com.br/produto/guarda-roupa-londres-6-portas-2-gavetas-castro	https://pub-389127050a434f568c29dc66bdce2567.r2.dev/1785851204749-1785851204749.jpg	https://pub-389127050a434f568c29dc66bdce2567.r2.dev/1785851208074-1785851208074.jpg,https://pub-389127050a434f568c29dc66bdce2567.r2.dev/1785851211900-1785851211899.jpg,https://pub-389127050a434f568c29dc66bdce2567.r2.dev/1785851214746-1785851214745.jpg	in stock	Guarda Roupa Londres 6 Portas 3 gavetas, MDP 15mm, corrediças telescópicas e dobradiças de metal,cabideiro de alumínio, com pés<br>Altura: 210<br>largura: 198<br>Profundidade: 47	1399.00 BRL		Móveis Morante	new		unisex				no	10	Furniture
087bb01e-812c-4040-b743-2aebc77f46e6	BALCÃO PARA PIA JK 1º LINHA 3 GAVETAS	‼️Não acompanha tampo/pia‼️<br>Balcão para pia 3g, estrutura em mdp 15mm, corrediças de metal, pés de plástico com regulagem, 2 opções de cores, para pia de 1,20m, novo<br>Dimensões:<br>1,19 x 0,52 x 0,81<br>L x P x A	https://moveismorante.com.br/produto/balcao-para-pia-jk-1-linha-3-gavetas	https://pub-389127050a434f568c29dc66bdce2567.r2.dev/1786473708753-1786473708751.jpg	https://pub-389127050a434f568c29dc66bdce2567.r2.dev/1786473724409-1786473724409.jpg,https://pub-389127050a434f568c29dc66bdce2567.r2.dev/1786473726592-1786473726591.jpg,https://pub-389127050a434f568c29dc66bdce2567.r2.dev/1786473733217-1786473733217.jpg	in stock	‼️Não acompanha tampo/pia‼️<br>Balcão para pia 3g, estrutura em mdp 15mm, corrediças de metal, pés de plástico com regulagem, 2 opções de cores, para pia de 1,20m, novo<br>Dimensões:<br>1,19 x 0,52 x 0,81<br>L x P x A	449.00 BRL	399.00 BRL	Móveis Morante	new		unisex				no	10	Furniture
balcao-068-com-tampo-cristal-2-portas-branco	Balcão 0,68 com Tampo Cristal 2 Portas	O Balcão multiuso Cristal é produzido com materiais de ótima qualidade, MDP 15mm, seu design oferece praticidade e facilidade de organização dos utensílios, além de um excelente espaço interno. Seu acabamento em pintura Ultra Violeta (UV) traz durabilidade e estilo ao produto.<br>Medidas:<br>Altura: 90cm<br>Largura: 68cm<br>Profundidade: 45cm	https://moveismorante.com.br/produto/balcao-068-com-tampo-cristal-2-portas?var=8844519b-96ac-4e39-8d81-05c6710bb543	https://pub-389127050a434f568c29dc66bdce2567.r2.dev/1785871069341-1785871069340.jpg	https://pub-389127050a434f568c29dc66bdce2567.r2.dev/1785871072694-1785871072694.jpg,https://pub-389127050a434f568c29dc66bdce2567.r2.dev/1785871075381-1785871075381.jpg,https://pub-389127050a434f568c29dc66bdce2567.r2.dev/1785871077719-1785871077719.jpg	in stock	O Balcão multiuso Cristal é produzido com materiais de ótima qualidade, MDP 15mm, seu design oferece praticidade e facilidade de organização dos utensílios, além de um excelente espaço interno. Seu acabamento em pintura Ultra Violeta (UV) traz durabilidade e estilo ao produto.<br>Medidas:<br>Altura: 90cm<br>Largura: 68cm<br>Profundidade: 45cm	279.00 BRL		Móveis Morante	new	Branco	unisex				no	999	Furniture
balcao-068-com-tampo-cristal-2-portas-freijomattareia	Balcão 0,68 com Tampo Cristal 2 Portas	O Balcão multiuso Cristal é produzido com materiais de ótima qualidade, MDP 15mm, seu design oferece praticidade e facilidade de organização dos utensílios, além de um excelente espaço interno. Seu acabamento em pintura Ultra Violeta (UV) traz durabilidade e estilo ao produto.<br>Medidas:<br>Altura: 90cm<br>Largura: 68cm<br>Profundidade: 45cm	https://moveismorante.com.br/produto/balcao-068-com-tampo-cristal-2-portas?var=435eafe9-c05e-430c-ba02-54a126870d92	https://pub-389127050a434f568c29dc66bdce2567.r2.dev/1785871097527-1785871097527.jpg	https://pub-389127050a434f568c29dc66bdce2567.r2.dev/1785871100769-1785871100769.jpg,https://pub-389127050a434f568c29dc66bdce2567.r2.dev/1785871103540-1785871103540.jpg,https://pub-389127050a434f568c29dc66bdce2567.r2.dev/1785871116403-1785871116403.jpg	in stock	O Balcão multiuso Cristal é produzido com materiais de ótima qualidade, MDP 15mm, seu design oferece praticidade e facilidade de organização dos utensílios, além de um excelente espaço interno. Seu acabamento em pintura Ultra Violeta (UV) traz durabilidade e estilo ao produto.<br>Medidas:<br>Altura: 90cm<br>Largura: 68cm<br>Profundidade: 45cm	279.00 BRL		Móveis Morante	new	Freijó Matt/Areia	unisex				no	999	Furniture
d1515942-aa91-43e8-8606-fac37af6135c	Cômoda Sapateira Vênus 4 Gavetas 1 Porta	Cômoda Sapateira Vênus 1 Porta e 4 Gavetas com Pés - Moval<br>Código hbad4c3g8c<br>Cômoda Sapateira Vênus 1 Porta e 4 Gavetas com Pés - Moval<br>A Cômoda Sapateira Vênus é uma peça que combina funcionalidade e elegância para o seu quarto. Com estrutura robusta em MDP e acabamento em pintura UV, ela oferece durabilidade e um visual sofisticado. A Cômoda Vênus conta com 1 porta equipada com dobradiças metálicas e uma prateleira interna que proporciona organização extra. Além disso, suas 4 gavetas com corrediças metálicas garantem um deslizar suave e armazenamento eficiente. Os puxadores em MDF adicionam um toque de charme, enquanto o tampo espaçoso oferece praticidade para você acomodar diversos objetos. A Cômoda Sapateira Vênus é a escolha perfeita para quem busca qualidade e estilo em um só móvel.<br>ESPECIFICAÇÕES:<br>Estrutura em MDP<br>Pintura UV<br>1 Porta<br>Dobradiças metálicas<br>Prateleira interna<br>4 Gavetas<br>Corrediças metálicas<br>Puxadores em MDF<br>Tampo com amplo espaço<br>Pés em PVC<br>Dimensões:<br>Tamanho do Produto (L x A x P): 97 x 100 x 47 cm	https://moveismorante.com.br/produto/comoda-sapateira-venus-4-gavetas-1-porta	https://pub-389127050a434f568c29dc66bdce2567.r2.dev/1785868428970-1785868428969.jpg	https://pub-389127050a434f568c29dc66bdce2567.r2.dev/1785868425737-1785868425736.jpg,https://pub-389127050a434f568c29dc66bdce2567.r2.dev/1785868432505-1785868432505.jpg	in stock	Cômoda Sapateira Vênus 1 Porta e 4 Gavetas com Pés - Moval<br>Código hbad4c3g8c<br>Cômoda Sapateira Vênus 1 Porta e 4 Gavetas com Pés - Moval<br>A Cômoda Sapateira Vênus é uma peça que combina funcionalidade e elegância para o seu quarto. Com estrutura robusta em MDP e acabamento em pintura UV, ela oferece durabilidade e um visual sofisticado. A Cômoda Vênus conta com 1 porta equipada com dobradiças metálicas e uma prateleira interna que proporciona organização extra. Além disso, suas 4 gavetas com corrediças metálicas garantem um deslizar suave e armazenamento eficiente. Os puxadores em MDF adicionam um toque de charme, enquanto o tampo espaçoso oferece praticidade para você acomodar diversos objetos. A Cômoda Sapateira Vênus é a escolha perfeita para quem busca qualidade e estilo em um só móvel.<br>ESPECIFICAÇÕES:<br>Estrutura em MDP<br>Pintura UV<br>1 Porta<br>Dobradiças metálicas<br>Prateleira interna<br>4 Gavetas<br>Corrediças metálicas<br>Puxadores em MDF<br>Tampo com amplo espaço<br>Pés em PVC<br>Dimensões:<br>Tamanho do Produto (L x A x P): 97 x 100 x 47 cm	549.00 BRL		Móveis Morante	new		unisex				no	10	Furniture
60992dff-3d24-4a3b-a325-16b52e47f5c1	Poltrona do Papai 80cm Noruega Berflex Estofados	A poltrona do Papai Noruega possui um mecanismo de encosto reclinável, permitindo ajustar o ângulo do encosto para maior conforto e relaxamento. O assento da poltrona é preenchido com espuma de densidade D-26Kgm³, oferecendo suporte e conforto adequados para quem utiliza a produto.<br>Características:<br>Mecanismo de Encosto Reclinável<br>Espuma Assento D-26Kgm³<br>Enchimento da Almofada Fibras e Flocos<br>4 Pés<br>Altura do chçao até o assento: 47cm<br>Dimensões:<br>Altura: 120 cm<br>Largura: 80 cm<br>Profundidade: 78 cm<br>Peso: 28,60 kg	https://moveismorante.com.br/produto/poltrona-do-papai-80cm-noruega-berflex-estofados	https://pub-389127050a434f568c29dc66bdce2567.r2.dev/1785866737844-1785866737840.jpg	https://pub-389127050a434f568c29dc66bdce2567.r2.dev/1785866739537-1785866739536.jpg,https://pub-389127050a434f568c29dc66bdce2567.r2.dev/1785866740831-1785866740830.jpg,https://pub-389127050a434f568c29dc66bdce2567.r2.dev/1785866742146-1785866742145.jpg	in stock	A poltrona do Papai Noruega possui um mecanismo de encosto reclinável, permitindo ajustar o ângulo do encosto para maior conforto e relaxamento. O assento da poltrona é preenchido com espuma de densidade D-26Kgm³, oferecendo suporte e conforto adequados para quem utiliza a produto.<br>Características:<br>Mecanismo de Encosto Reclinável<br>Espuma Assento D-26Kgm³<br>Enchimento da Almofada Fibras e Flocos<br>4 Pés<br>Altura do chçao até o assento: 47cm<br>Dimensões:<br>Altura: 120 cm<br>Largura: 80 cm<br>Profundidade: 78 cm<br>Peso: 28,60 kg	949.00 BRL	749.00 BRL	Móveis Morante	new		unisex				no	10	Furniture
738b26b2-b257-4ff0-a8c6-0aab14f60688	Berço Minicama em MDF Liza Permobili QUEIMA DOS SALVADOS	🚚📦 Entrega rápida (1 a 5 dias úteis) para Curitiba e Região, consulte conosco a disponibilidade e o valor do frete<br>💳 Pagamento parcelado nas bandeiras VISA, MASTER, MASTERCARD, MAESTRO, HIPERCARD, ELO, em até 10x sem juros no cartão de crédito<br> 🚨⚠️ Aceitamos Senff, com juros.<br>✅ À vista tem desconto no pix, débito ou dinheiro!<br>✅ Sem custo de frete para endereços com menos de 5km de distância<br>✅ Montagem por nossa conta - para a retirada ou entrega.<br>✅ Atendimento Via WhatsApp<br>https://wa.me/5541997493547<br>🛒 VEJA MAIS DOS NOSSOS PRODUTOS CLICANDO NO LINK ABAIXO:<br>https://moveismorante.com.br<br>___________________________________<br>Móveis Morante <br>▶ CNPJ: 44.512 248/0001-07<br>🕒 Aberto: Seg a Sex ( 9h às 18h ) e Sab ( 9h às 17h )<br>🗺📍Rua Cascavel, 306, Guaraituba, Colombo - PR<br>____________________________________<br>ℹ️Características<br>‼️Móvel em última unidade do lote dos salvados, de mostruário, por isso contém imperfeicões, como mostrado nas últimas imagens. Preço super reduzido, aproveite!‼️<br>Características do Produto<br>Encante-se com a versatilidade e o charme do Berço Mini Cama Liza. Seu estrado ajustável em 2 alturas e as 2 grades fixas proporcionam conforto e proteção para o sono do seu pequeno. E tem mais: ele se transforma facilmente em uma mini cama, acompanhando o crescimento do seu filho e prolongando sua utilidade. Crie um ambiente seguro e aconchegante para seu filho com o Berço Mini Cama Liza.<br>Características:<br>Estrutura em MDF<br>Acabamento em Pintura UV<br>Tamanho do Colchão Indicado: 70x130 cm<br>Estrado Multi laminado pinho<br>Estrado removível e com regulagem de altura<br>Suporta até 25kg<br>Pés em MDF<br>Não acompanha colchão<br>Certificado Inmetro: 003161/2024<br>Dimensões:<br>Altura: 99 cm<br>Largura: 77,6 cm<br>Profundidade: 133 cm<br>Peso: 39,90 kg	https://moveismorante.com.br/produto/berco-minicama-em-mdf-liza-permobili-queima-dos-salvados	https://pub-389127050a434f568c29dc66bdce2567.r2.dev/1785951716813-1785951716812.jpg	https://pub-389127050a434f568c29dc66bdce2567.r2.dev/1785951718335-1785951718333.jpg,https://pub-389127050a434f568c29dc66bdce2567.r2.dev/1785951719313-1785951719312.jpg,https://pub-389127050a434f568c29dc66bdce2567.r2.dev/1785951720243-1785951720243.jpg,https://pub-389127050a434f568c29dc66bdce2567.r2.dev/1785951721313-1785951721312.jpg,https://pub-389127050a434f568c29dc66bdce2567.r2.dev/1785951722236-1785951722236.jpg,https://pub-389127050a434f568c29dc66bdce2567.r2.dev/1785951723494-1785951723493.jpg	in stock	🚚📦 Entrega rápida (1 a 5 dias úteis) para Curitiba e Região, consulte conosco a disponibilidade e o valor do frete<br>💳 Pagamento parcelado nas bandeiras VISA, MASTER, MASTERCARD, MAESTRO, HIPERCARD, ELO, em até 10x sem juros no cartão de crédito<br> 🚨⚠️ Aceitamos Senff, com juros.<br>✅ À vista tem desconto no pix, débito ou dinheiro!<br>✅ Sem custo de frete para endereços com menos de 5km de distância<br>✅ Montagem por nossa conta - para a retirada ou entrega.<br>✅ Atendimento Via WhatsApp<br>https://wa.me/5541997493547<br>🛒 VEJA MAIS DOS NOSSOS PRODUTOS CLICANDO NO LINK ABAIXO:<br>https://moveismorante.com.br<br>___________________________________<br>Móveis Morante <br>▶ CNPJ: 44.512 248/0001-07<br>🕒 Aberto: Seg a Sex ( 9h às 18h ) e Sab ( 9h às 17h )<br>🗺📍Rua Cascavel, 306, Guaraituba, Colombo - PR<br>____________________________________<br>ℹ️Características<br>‼️Móvel em última unidade do lote dos salvados, de mostruário, por isso contém imperfeicões, como mostrado nas últimas imagens. Preço super reduzido, aproveite!‼️<br>Características do Produto<br>Encante-se com a versatilidade e o charme do Berço Mini Cama Liza. Seu estrado ajustável em 2 alturas e as 2 grades fixas proporcionam conforto e proteção para o sono do seu pequeno. E tem mais: ele se transforma facilmente em uma mini cama, acompanhando o crescimento do seu filho e prolongando sua utilidade. Crie um ambiente seguro e aconchegante para seu filho com o Berço Mini Cama Liza.<br>Características:<br>Estrutura em MDF<br>Acabamento em Pintura UV<br>Tamanho do Colchão Indicado: 70x130 cm<br>Estrado Multi laminado pinho<br>Estrado removível e com regulagem de altura<br>Suporta até 25kg<br>Pés em MDF<br>Não acompanha colchão<br>Certificado Inmetro: 003161/2024<br>Dimensões:<br>Altura: 99 cm<br>Largura: 77,6 cm<br>Profundidade: 133 cm<br>Peso: 39,90 kg	899.00 BRL	599.00 BRL	Móveis Morante	new		unisex				no	10	Furniture
balcao-lucca-para-fornomicroondas-freijomattareia	Balcão Lucca Para Forno/Microondas	Balcão Lucca para Micro-ondas 2 Portas Darmóvel – Branco<br>Funcional e compacto, o Balcão Lucca é a escolha certa para otimizar o espaço da sua cozinha sem abrir mão de organização. Ideal para acomodar o micro-ondas, ele ainda oferece espaço interno com duas portas para guardar utensílios, mantimentos ou eletros menores.<br>Produzido em MDP de qualidade, com reforço na base e no tampo, garante mais resistência no uso diário. O acabamento em pintura UV proporciona melhor durabilidade e facilidade na limpeza. Os pés elevam o móvel do chão, ajudando na conservação e higiene do ambiente.<br>Destaques do produto:<br>Espaço ideal para micro-ondas<br>2 portas com bom aproveitamento interno<br>Estrutura reforçada (base e tampo em MDP 15mm)<br>Acabamento em pintura UV<br>Puxadores e pés em plástico<br>Dobradiças de pressão<br>Dimensões:<br>Altura: 122,2 cm<br>Largura: 69 cm<br>Profundidade: 45 cm<br>Informações adicionais:<br>Peso: 21 kg<br>Cor: Branco<br>Marca: Darmóvel Móveis<br>Boa opção pra quem quer algo simples, barato e funcional. Não espere acabamento premium — é móvel de linha econômica, mas entrega bem pelo custo.	https://moveismorante.com.br/produto/balcao-lucca-para-fornomicroondas?var=c8c53d11-2c0a-46cb-b801-ba8c980be9b3	https://pub-389127050a434f568c29dc66bdce2567.r2.dev/1785869155678-1785869155678.jpg	https://pub-389127050a434f568c29dc66bdce2567.r2.dev/1785869158233-1785869158232.jpg,https://pub-389127050a434f568c29dc66bdce2567.r2.dev/1785869161080-1785869161080.jpg,https://pub-389127050a434f568c29dc66bdce2567.r2.dev/1785869164005-1785869164004.jpg	in stock	Balcão Lucca para Micro-ondas 2 Portas Darmóvel – Branco<br>Funcional e compacto, o Balcão Lucca é a escolha certa para otimizar o espaço da sua cozinha sem abrir mão de organização. Ideal para acomodar o micro-ondas, ele ainda oferece espaço interno com duas portas para guardar utensílios, mantimentos ou eletros menores.<br>Produzido em MDP de qualidade, com reforço na base e no tampo, garante mais resistência no uso diário. O acabamento em pintura UV proporciona melhor durabilidade e facilidade na limpeza. Os pés elevam o móvel do chão, ajudando na conservação e higiene do ambiente.<br>Destaques do produto:<br>Espaço ideal para micro-ondas<br>2 portas com bom aproveitamento interno<br>Estrutura reforçada (base e tampo em MDP 15mm)<br>Acabamento em pintura UV<br>Puxadores e pés em plástico<br>Dobradiças de pressão<br>Dimensões:<br>Altura: 122,2 cm<br>Largura: 69 cm<br>Profundidade: 45 cm<br>Informações adicionais:<br>Peso: 21 kg<br>Cor: Branco<br>Marca: Darmóvel Móveis<br>Boa opção pra quem quer algo simples, barato e funcional. Não espere acabamento premium — é móvel de linha econômica, mas entrega bem pelo custo.	299.00 BRL		Móveis Morante	new	Freijó Matt/Areia	unisex				no	999	Furniture
balcao-lucca-para-fornomicroondas-branco	Balcão Lucca Para Forno/Microondas	Balcão Lucca para Micro-ondas 2 Portas Darmóvel – Branco<br>Funcional e compacto, o Balcão Lucca é a escolha certa para otimizar o espaço da sua cozinha sem abrir mão de organização. Ideal para acomodar o micro-ondas, ele ainda oferece espaço interno com duas portas para guardar utensílios, mantimentos ou eletros menores.<br>Produzido em MDP de qualidade, com reforço na base e no tampo, garante mais resistência no uso diário. O acabamento em pintura UV proporciona melhor durabilidade e facilidade na limpeza. Os pés elevam o móvel do chão, ajudando na conservação e higiene do ambiente.<br>Destaques do produto:<br>Espaço ideal para micro-ondas<br>2 portas com bom aproveitamento interno<br>Estrutura reforçada (base e tampo em MDP 15mm)<br>Acabamento em pintura UV<br>Puxadores e pés em plástico<br>Dobradiças de pressão<br>Dimensões:<br>Altura: 122,2 cm<br>Largura: 69 cm<br>Profundidade: 45 cm<br>Informações adicionais:<br>Peso: 21 kg<br>Cor: Branco<br>Marca: Darmóvel Móveis<br>Boa opção pra quem quer algo simples, barato e funcional. Não espere acabamento premium — é móvel de linha econômica, mas entrega bem pelo custo.	https://moveismorante.com.br/produto/balcao-lucca-para-fornomicroondas?var=dce6bc42-20b3-4e33-8c8e-c512275eb448	https://pub-389127050a434f568c29dc66bdce2567.r2.dev/1785869144021-1785869144019.jpg	https://pub-389127050a434f568c29dc66bdce2567.r2.dev/1785869153094-1785869153093.jpg,https://pub-389127050a434f568c29dc66bdce2567.r2.dev/1785869150891-1785869150891.jpg,https://pub-389127050a434f568c29dc66bdce2567.r2.dev/1785869148385-1785869148384.jpg	out of stock	Balcão Lucca para Micro-ondas 2 Portas Darmóvel – Branco<br>Funcional e compacto, o Balcão Lucca é a escolha certa para otimizar o espaço da sua cozinha sem abrir mão de organização. Ideal para acomodar o micro-ondas, ele ainda oferece espaço interno com duas portas para guardar utensílios, mantimentos ou eletros menores.<br>Produzido em MDP de qualidade, com reforço na base e no tampo, garante mais resistência no uso diário. O acabamento em pintura UV proporciona melhor durabilidade e facilidade na limpeza. Os pés elevam o móvel do chão, ajudando na conservação e higiene do ambiente.<br>Destaques do produto:<br>Espaço ideal para micro-ondas<br>2 portas com bom aproveitamento interno<br>Estrutura reforçada (base e tampo em MDP 15mm)<br>Acabamento em pintura UV<br>Puxadores e pés em plástico<br>Dobradiças de pressão<br>Dimensões:<br>Altura: 122,2 cm<br>Largura: 69 cm<br>Profundidade: 45 cm<br>Informações adicionais:<br>Peso: 21 kg<br>Cor: Branco<br>Marca: Darmóvel Móveis<br>Boa opção pra quem quer algo simples, barato e funcional. Não espere acabamento premium — é móvel de linha econômica, mas entrega bem pelo custo.	299.00 BRL		Móveis Morante	new	Branco	unisex				no	0	Furniture
3a02df6a-66e2-40c9-9642-6b667128b3ce	Cabeceira 160 Queen ADF Letícia Suede	Cabeceira estofada ADF Leticia Queen, 160, tecido suede marrom escuro, acompanha pá chapas de fixação na base	https://moveismorante.com.br/produto/cabeceira-160-queen-adf-leticia-suede	https://pub-389127050a434f568c29dc66bdce2567.r2.dev/1786324174126-1786324174125.jpg	https://pub-389127050a434f568c29dc66bdce2567.r2.dev/1786324223320-1786324223320.jpg	in stock	Cabeceira estofada ADF Leticia Queen, 160, tecido suede marrom escuro, acompanha pá chapas de fixação na base	399.00 BRL		Móveis Morante	new		unisex				no	10	Furniture
999e41ef-8d32-4cc9-8cb4-e36cbc9e52fa	Cozinha Sophia para Pia/Tampo de 1,20	Cozinha Compacta Sophia – Design Inteligente para o Seu Dia a Dia<br>A Cozinha Sophia foi projetada para quem busca praticidade sem abrir mão do estilo. Com estrutura totalmente em MDP de 15 mm, oferece resistência e durabilidade para o uso diário.<br>Seu design compacto conta com portas embutidas, puxadores discretos em plástico e pés plásticos que facilitam o nivelamento. Os nichos bem distribuídos e o espaço dedicado ao micro-ondas garantem organização e funcionalidade até nos menores ambientes.<br>A combinação de cores Angelin com Grafite adiciona um toque moderno e elegante à sua cozinha.<br>Dimensões:<br>Largura: 123 cm<br>Altura: 190 cm<br>Profundidade: 50 cm<br>Destaques do Produto:<br>Estrutura 100% em MDP 15 mm<br>Portas embutidas com visual limpo<br>Corrediça metálica resistente<br>Puxadores e pés em plástico<br>Nichos funcionais e espaço para micro-ondas<br>Cor sofisticada: Angelin/Grafite<br>Compacta, bonita e eficiente — a Sophia é ideal para transformar pequenos espaços em grandes soluções.	https://moveismorante.com.br/produto/cozinha-sophia-para-piatampo-de-120	https://pub-389127050a434f568c29dc66bdce2567.r2.dev/1786462131792-1786462131790.jpg	https://pub-389127050a434f568c29dc66bdce2567.r2.dev/1786462139731-1786462139730.jpg,https://pub-389127050a434f568c29dc66bdce2567.r2.dev/1786462142623-1786462142623.jpg	in stock	Cozinha Compacta Sophia – Design Inteligente para o Seu Dia a Dia<br>A Cozinha Sophia foi projetada para quem busca praticidade sem abrir mão do estilo. Com estrutura totalmente em MDP de 15 mm, oferece resistência e durabilidade para o uso diário.<br>Seu design compacto conta com portas embutidas, puxadores discretos em plástico e pés plásticos que facilitam o nivelamento. Os nichos bem distribuídos e o espaço dedicado ao micro-ondas garantem organização e funcionalidade até nos menores ambientes.<br>A combinação de cores Angelin com Grafite adiciona um toque moderno e elegante à sua cozinha.<br>Dimensões:<br>Largura: 123 cm<br>Altura: 190 cm<br>Profundidade: 50 cm<br>Destaques do Produto:<br>Estrutura 100% em MDP 15 mm<br>Portas embutidas com visual limpo<br>Corrediça metálica resistente<br>Puxadores e pés em plástico<br>Nichos funcionais e espaço para micro-ondas<br>Cor sofisticada: Angelin/Grafite<br>Compacta, bonita e eficiente — a Sophia é ideal para transformar pequenos espaços em grandes soluções.	649.00 BRL	100.00 BRL	Móveis Morante	new		unisex				no	10	Furniture
beliche-milao-para-colchao-78-solteiro-madeira-macica-mel	Beliche Milão para Colchão 78 Solteiro Madeira Maciça	Beliche Torneada 6 Milão com Grade e Escada em Madeira Maciça Imbuia<br>A Linha Milão traz uma série de soluções que transformam e aproveitam cada centímetro livre do quarto de crianças e adolescentes em ambientes multifuncionais. Disponível em uma cartela de cores variadas, está beliche é desenvolvida em madeira maciça reflorestada eucalipto, material que atesta sua resistência e durabilidade. Perfeita para compor quartos com visual urbano, ele pode ser uma boa opção para receber seus hóspedes confortavelmente. Além disso, possui sistema de montagem que permite a instalação da escada e grade de proteção.<br>Especificações Técnicas do Produto<br>Altura Total: 155,00 (cm)<br>Altura da Cama 01: 38,00 (cm)<br>Altura da Cama 02: 115,00 (cm)<br>Largura: 82,00 (cm)<br>Profundidade: 192,00 (cm)<br>Largura de colchão recomendado: 78cm<br>Possuí Escada: Sim<br>Possuí Grade de Proteção: Sim<br>Material da Estrutura: Madeira Maciça<br>Acabamento: Verniz PU<br>Resistência: Aproximadamente 100,00 (Kg) por cama;<br>Peso Unitário: 50,00 (Kg)	https://moveismorante.com.br/produto/beliche-milao-para-colchao-78-solteiro-madeira-macica?var=f2ea76b3-28fa-42bf-9e4b-36bbb8740501	https://pub-389127050a434f568c29dc66bdce2567.r2.dev/1786330242458-1786330242458.jpg	https://pub-389127050a434f568c29dc66bdce2567.r2.dev/1786330251313-1786330251312.jpg,https://pub-389127050a434f568c29dc66bdce2567.r2.dev/1786330255008-1786330255008.jpg,https://pub-389127050a434f568c29dc66bdce2567.r2.dev/1786330262161-1786330262161.jpg	in stock	Beliche Torneada 6 Milão com Grade e Escada em Madeira Maciça Imbuia<br>A Linha Milão traz uma série de soluções que transformam e aproveitam cada centímetro livre do quarto de crianças e adolescentes em ambientes multifuncionais. Disponível em uma cartela de cores variadas, está beliche é desenvolvida em madeira maciça reflorestada eucalipto, material que atesta sua resistência e durabilidade. Perfeita para compor quartos com visual urbano, ele pode ser uma boa opção para receber seus hóspedes confortavelmente. Além disso, possui sistema de montagem que permite a instalação da escada e grade de proteção.<br>Especificações Técnicas do Produto<br>Altura Total: 155,00 (cm)<br>Altura da Cama 01: 38,00 (cm)<br>Altura da Cama 02: 115,00 (cm)<br>Largura: 82,00 (cm)<br>Profundidade: 192,00 (cm)<br>Largura de colchão recomendado: 78cm<br>Possuí Escada: Sim<br>Possuí Grade de Proteção: Sim<br>Material da Estrutura: Madeira Maciça<br>Acabamento: Verniz PU<br>Resistência: Aproximadamente 100,00 (Kg) por cama;<br>Peso Unitário: 50,00 (Kg)	549.00 BRL		Móveis Morante	new	Mel	unisex				no	999	Furniture
beliche-milao-para-colchao-78-solteiro-madeira-macica-imbuia	Beliche Milão para Colchão 78 Solteiro Madeira Maciça	Beliche Torneada 6 Milão com Grade e Escada em Madeira Maciça Imbuia<br>A Linha Milão traz uma série de soluções que transformam e aproveitam cada centímetro livre do quarto de crianças e adolescentes em ambientes multifuncionais. Disponível em uma cartela de cores variadas, está beliche é desenvolvida em madeira maciça reflorestada eucalipto, material que atesta sua resistência e durabilidade. Perfeita para compor quartos com visual urbano, ele pode ser uma boa opção para receber seus hóspedes confortavelmente. Além disso, possui sistema de montagem que permite a instalação da escada e grade de proteção.<br>Especificações Técnicas do Produto<br>Altura Total: 155,00 (cm)<br>Altura da Cama 01: 38,00 (cm)<br>Altura da Cama 02: 115,00 (cm)<br>Largura: 82,00 (cm)<br>Profundidade: 192,00 (cm)<br>Largura de colchão recomendado: 78cm<br>Possuí Escada: Sim<br>Possuí Grade de Proteção: Sim<br>Material da Estrutura: Madeira Maciça<br>Acabamento: Verniz PU<br>Resistência: Aproximadamente 100,00 (Kg) por cama;<br>Peso Unitário: 50,00 (Kg)	https://moveismorante.com.br/produto/beliche-milao-para-colchao-78-solteiro-madeira-macica?var=52b3ded3-7d33-4b98-8bc9-7e2347ee68de	https://pub-389127050a434f568c29dc66bdce2567.r2.dev/1786330232415-1786330232415.jpg	https://pub-389127050a434f568c29dc66bdce2567.r2.dev/1786330275409-1786330275409.jpg	in stock	Beliche Torneada 6 Milão com Grade e Escada em Madeira Maciça Imbuia<br>A Linha Milão traz uma série de soluções que transformam e aproveitam cada centímetro livre do quarto de crianças e adolescentes em ambientes multifuncionais. Disponível em uma cartela de cores variadas, está beliche é desenvolvida em madeira maciça reflorestada eucalipto, material que atesta sua resistência e durabilidade. Perfeita para compor quartos com visual urbano, ele pode ser uma boa opção para receber seus hóspedes confortavelmente. Além disso, possui sistema de montagem que permite a instalação da escada e grade de proteção.<br>Especificações Técnicas do Produto<br>Altura Total: 155,00 (cm)<br>Altura da Cama 01: 38,00 (cm)<br>Altura da Cama 02: 115,00 (cm)<br>Largura: 82,00 (cm)<br>Profundidade: 192,00 (cm)<br>Largura de colchão recomendado: 78cm<br>Possuí Escada: Sim<br>Possuí Grade de Proteção: Sim<br>Material da Estrutura: Madeira Maciça<br>Acabamento: Verniz PU<br>Resistência: Aproximadamente 100,00 (Kg) por cama;<br>Peso Unitário: 50,00 (Kg)	549.00 BRL		Móveis Morante	new	Imbuia	unisex				no	999	Furniture
beliche-milao-para-colchao-78-solteiro-madeira-macica-preto	Beliche Milão para Colchão 78 Solteiro Madeira Maciça	Beliche Torneada 6 Milão com Grade e Escada em Madeira Maciça Imbuia<br>A Linha Milão traz uma série de soluções que transformam e aproveitam cada centímetro livre do quarto de crianças e adolescentes em ambientes multifuncionais. Disponível em uma cartela de cores variadas, está beliche é desenvolvida em madeira maciça reflorestada eucalipto, material que atesta sua resistência e durabilidade. Perfeita para compor quartos com visual urbano, ele pode ser uma boa opção para receber seus hóspedes confortavelmente. Além disso, possui sistema de montagem que permite a instalação da escada e grade de proteção.<br>Especificações Técnicas do Produto<br>Altura Total: 155,00 (cm)<br>Altura da Cama 01: 38,00 (cm)<br>Altura da Cama 02: 115,00 (cm)<br>Largura: 82,00 (cm)<br>Profundidade: 192,00 (cm)<br>Largura de colchão recomendado: 78cm<br>Possuí Escada: Sim<br>Possuí Grade de Proteção: Sim<br>Material da Estrutura: Madeira Maciça<br>Acabamento: Verniz PU<br>Resistência: Aproximadamente 100,00 (Kg) por cama;<br>Peso Unitário: 50,00 (Kg)	https://moveismorante.com.br/produto/beliche-milao-para-colchao-78-solteiro-madeira-macica?var=d7d0956a-93b5-4057-85fd-c4de137967ca	https://pub-389127050a434f568c29dc66bdce2567.r2.dev/1786330239356-1786330239356.jpg	https://pub-389127050a434f568c29dc66bdce2567.r2.dev/1786330265377-1786330265377.jpg	in stock	Beliche Torneada 6 Milão com Grade e Escada em Madeira Maciça Imbuia<br>A Linha Milão traz uma série de soluções que transformam e aproveitam cada centímetro livre do quarto de crianças e adolescentes em ambientes multifuncionais. Disponível em uma cartela de cores variadas, está beliche é desenvolvida em madeira maciça reflorestada eucalipto, material que atesta sua resistência e durabilidade. Perfeita para compor quartos com visual urbano, ele pode ser uma boa opção para receber seus hóspedes confortavelmente. Além disso, possui sistema de montagem que permite a instalação da escada e grade de proteção.<br>Especificações Técnicas do Produto<br>Altura Total: 155,00 (cm)<br>Altura da Cama 01: 38,00 (cm)<br>Altura da Cama 02: 115,00 (cm)<br>Largura: 82,00 (cm)<br>Profundidade: 192,00 (cm)<br>Largura de colchão recomendado: 78cm<br>Possuí Escada: Sim<br>Possuí Grade de Proteção: Sim<br>Material da Estrutura: Madeira Maciça<br>Acabamento: Verniz PU<br>Resistência: Aproximadamente 100,00 (Kg) por cama;<br>Peso Unitário: 50,00 (Kg)	549.00 BRL		Móveis Morante	new	Preto	unisex				no	999	Furniture
4ad056b6-80bc-4f4c-97ab-3bdf0a53a2ea	Armario Aereo Divina 120 cm com 2 Portas	Armario Aereo Divina 120 cm com 2 Portas<br>Transforme sua experiência culinária com esta cozinha encantadora, equipada com elegantes armários de madeira.<br>O design atemporal dos armários não só oferece amplo espaço de armazenamento, mas também adiciona um toque de sofisticação ao seu lar.<br>Não perca a oportunidade de criar memórias inesquecíveis em um ambiente que combina estilo e praticidade.<br>Modelo: Armário Aéreo Divina 120 cm;<br>Material da estrutura: Tampos e Laterais em MDF 15mm; Prateleira e portas em MDF 12mm com ripado em MDF em 6mm;<br>Dimensões: 120 cm(L) x 90 cm(A) x 32 cm(P);<br>Quantidade de portas: 02 (dobradiças metálicas com fechamento soft close);<br>Com puxador: sim, plástico;<br>Quantidade prateleiras: 04;<br>Quantidade de nicho: 02;<br>Peso suportado: até 10 kg distribuídos.	https://moveismorante.com.br/produto/armario-aereo-divina-120-cm-com-2-portas	https://pub-389127050a434f568c29dc66bdce2567.r2.dev/1786326655790-1786326655790.jpg	https://pub-389127050a434f568c29dc66bdce2567.r2.dev/1786326674210-1786326674210.jpg,https://pub-389127050a434f568c29dc66bdce2567.r2.dev/1786326678850-1786326678850.jpg,https://pub-389127050a434f568c29dc66bdce2567.r2.dev/1786326682609-1786326682609.jpg,https://pub-389127050a434f568c29dc66bdce2567.r2.dev/1786326688332-1786326688332.jpg,https://pub-389127050a434f568c29dc66bdce2567.r2.dev/1786326691202-1786326691202.jpg,https://pub-389127050a434f568c29dc66bdce2567.r2.dev/1786326694630-1786326694630.jpg	in stock	Armario Aereo Divina 120 cm com 2 Portas<br>Transforme sua experiência culinária com esta cozinha encantadora, equipada com elegantes armários de madeira.<br>O design atemporal dos armários não só oferece amplo espaço de armazenamento, mas também adiciona um toque de sofisticação ao seu lar.<br>Não perca a oportunidade de criar memórias inesquecíveis em um ambiente que combina estilo e praticidade.<br>Modelo: Armário Aéreo Divina 120 cm;<br>Material da estrutura: Tampos e Laterais em MDF 15mm; Prateleira e portas em MDF 12mm com ripado em MDF em 6mm;<br>Dimensões: 120 cm(L) x 90 cm(A) x 32 cm(P);<br>Quantidade de portas: 02 (dobradiças metálicas com fechamento soft close);<br>Com puxador: sim, plástico;<br>Quantidade prateleiras: 04;<br>Quantidade de nicho: 02;<br>Peso suportado: até 10 kg distribuídos.	549.00 BRL	449.00 BRL	Móveis Morante	new		unisex				no	10	Furniture
220f7ee0-120f-42e4-ac89-a803080854a8	Colchão Solteiro de Espuma D65 Suporta até 120kg	Colchão Solteiro de Espuma Stratus D65<br>Desfrute de um sono reparador com o Colchão Solteiro de Espuma Stratus, projetado para oferecer conforto e suporte de alta qualidade. Com dimensões de 20 cm (altura) x 188 cm (comprimento) x 88 cm (largura), este colchão é ideal para quem busca praticidade e bem-estar em espaços compactos.<br>Características Principais:<br>- Espuma D65: Com densidade nominal de 65 kg/m³, proporciona firmeza ideal e excelente adaptação ao corpo, garantindo conforto e suporte adequados.<br>- Suporte de Peso: Suporta até 120 kg, oferecendo durabilidade e resistência para uso diário.<br>- Revestimento 100% Poliéster: Tecido macio, resistente e de fácil manutenção, promovendo um toque agradável e maior durabilidade.<br>- Altura de 20 cm: Estrutura compacta e elegante, perfeita para diversos tipos de camas e ambientes.<br>- Conforto e Praticidade: Design otimizado para quartos menores, mantendo a qualidade do sono com uma espuma de alta performance.<br>O Colchão Solteiro de Espuma Stratus D65 é a escolha perfeita para quem valoriza conforto, durabilidade e um sono de qualidade. Adquira o seu e transforme suas noites em momentos de puro relaxamento!	https://moveismorante.com.br/produto/colchao-solteiro-de-espuma-d65-suporta-ate-120kg	https://pub-389127050a434f568c29dc66bdce2567.r2.dev/1786470724517-1786470724514.jpg	https://pub-389127050a434f568c29dc66bdce2567.r2.dev/1786470726659-1786470726658.jpg,https://pub-389127050a434f568c29dc66bdce2567.r2.dev/1786470728865-1786470728864.jpg	in stock	Colchão Solteiro de Espuma Stratus D65<br>Desfrute de um sono reparador com o Colchão Solteiro de Espuma Stratus, projetado para oferecer conforto e suporte de alta qualidade. Com dimensões de 20 cm (altura) x 188 cm (comprimento) x 88 cm (largura), este colchão é ideal para quem busca praticidade e bem-estar em espaços compactos.<br>Características Principais:<br>- Espuma D65: Com densidade nominal de 65 kg/m³, proporciona firmeza ideal e excelente adaptação ao corpo, garantindo conforto e suporte adequados.<br>- Suporte de Peso: Suporta até 120 kg, oferecendo durabilidade e resistência para uso diário.<br>- Revestimento 100% Poliéster: Tecido macio, resistente e de fácil manutenção, promovendo um toque agradável e maior durabilidade.<br>- Altura de 20 cm: Estrutura compacta e elegante, perfeita para diversos tipos de camas e ambientes.<br>- Conforto e Praticidade: Design otimizado para quartos menores, mantendo a qualidade do sono com uma espuma de alta performance.<br>O Colchão Solteiro de Espuma Stratus D65 é a escolha perfeita para quem valoriza conforto, durabilidade e um sono de qualidade. Adquira o seu e transforme suas noites em momentos de puro relaxamento!	499.00 BRL		Móveis Morante	new		unisex				no	10	Furniture
armario-multiuso-2315-briz-castro-branco	Armário Multiuso 2315 Briz Castro	Com design funcional e elegante, o Multiuso Briz é ideal para complementar e valorizar o acabamento de ambientes. Com diversas prateleiras, oferece praticidade na organização e um toque moderno à composição. Uma escolha versátil que une estética e utilidade em cada detalhe. Seu grande diferencial está na capacidade de unir beleza, praticidade e alto desempenho em um único móvel.<br>Altura (cm): 183, Largura (cm): 55, Profundidade (cm): 33.5	https://moveismorante.com.br/produto/armario-multiuso-2315-briz-castro?var=fde61b27-fce1-4267-8900-f432db8183b2	https://pub-389127050a434f568c29dc66bdce2567.r2.dev/1786332813001-1786332813000.jpg	https://pub-389127050a434f568c29dc66bdce2567.r2.dev/1786332824995-1786332824995.jpg,https://pub-389127050a434f568c29dc66bdce2567.r2.dev/1786332828691-1786332828691.jpg,https://pub-389127050a434f568c29dc66bdce2567.r2.dev/1786332831814-1786332831814.jpg,https://pub-389127050a434f568c29dc66bdce2567.r2.dev/1786332836148-1786332836148.jpg	out of stock	Com design funcional e elegante, o Multiuso Briz é ideal para complementar e valorizar o acabamento de ambientes. Com diversas prateleiras, oferece praticidade na organização e um toque moderno à composição. Uma escolha versátil que une estética e utilidade em cada detalhe. Seu grande diferencial está na capacidade de unir beleza, praticidade e alto desempenho em um único móvel.<br>Altura (cm): 183, Largura (cm): 55, Profundidade (cm): 33.5	299.00 BRL		Móveis Morante	new	Branco	unisex				no	0	Furniture
armario-multiuso-2315-briz-castro-angelin	Armário Multiuso 2315 Briz Castro	Com design funcional e elegante, o Multiuso Briz é ideal para complementar e valorizar o acabamento de ambientes. Com diversas prateleiras, oferece praticidade na organização e um toque moderno à composição. Uma escolha versátil que une estética e utilidade em cada detalhe. Seu grande diferencial está na capacidade de unir beleza, praticidade e alto desempenho em um único móvel.<br>Altura (cm): 183, Largura (cm): 55, Profundidade (cm): 33.5	https://moveismorante.com.br/produto/armario-multiuso-2315-briz-castro?var=5c1dc636-33bc-4482-8c19-7c0e4d6f02d1	https://pub-389127050a434f568c29dc66bdce2567.r2.dev/1786332818716-1786332818716.jpg	https://pub-389127050a434f568c29dc66bdce2567.r2.dev/1786332821919-1786332821919.jpg,https://pub-389127050a434f568c29dc66bdce2567.r2.dev/1786332836148-1786332836148.jpg,https://pub-389127050a434f568c29dc66bdce2567.r2.dev/1786332831814-1786332831814.jpg,https://pub-389127050a434f568c29dc66bdce2567.r2.dev/1786332828691-1786332828691.jpg	out of stock	Com design funcional e elegante, o Multiuso Briz é ideal para complementar e valorizar o acabamento de ambientes. Com diversas prateleiras, oferece praticidade na organização e um toque moderno à composição. Uma escolha versátil que une estética e utilidade em cada detalhe. Seu grande diferencial está na capacidade de unir beleza, praticidade e alto desempenho em um único móvel.<br>Altura (cm): 183, Largura (cm): 55, Profundidade (cm): 33.5	299.00 BRL		Móveis Morante	new	Angelin	unisex				no	0	Furniture
estante-multiuso-montreal-branco	Estante Multiuso Montreal	Um produto ideal para compor com a decoração de diversos cômodos, levando funcionalidade e otimização dos espaços. Com a estante Montreal você poderá organizar livros, porta-retratos e objetos decorativos.<br>Características:<br>Fabricado MDP de 15 mm,<br>Acabamento em pintura UV.<br>4 Prateleiras<br>Pés plásticos.<br>Dimensões:<br>Altura: 185,5 cm<br>Largura: 57 cm<br>Profundidade: 30 cm<br>Peso: 22,42 kg	https://moveismorante.com.br/produto/estante-multiuso-montreal?var=abb19217-354d-4a8b-95eb-168df21924ce	https://pub-389127050a434f568c29dc66bdce2567.r2.dev/1786474188517-1786474188516.jpg	https://pub-389127050a434f568c29dc66bdce2567.r2.dev/1786474191321-1786474191320.jpg,https://pub-389127050a434f568c29dc66bdce2567.r2.dev/1786474194172-1786474194171.jpg	in stock	Um produto ideal para compor com a decoração de diversos cômodos, levando funcionalidade e otimização dos espaços. Com a estante Montreal você poderá organizar livros, porta-retratos e objetos decorativos.<br>Características:<br>Fabricado MDP de 15 mm,<br>Acabamento em pintura UV.<br>4 Prateleiras<br>Pés plásticos.<br>Dimensões:<br>Altura: 185,5 cm<br>Largura: 57 cm<br>Profundidade: 30 cm<br>Peso: 22,42 kg	349.00 BRL		Móveis Morante	new	Branco	unisex				no	999	Furniture
estante-multiuso-montreal-tauari	Estante Multiuso Montreal	Um produto ideal para compor com a decoração de diversos cômodos, levando funcionalidade e otimização dos espaços. Com a estante Montreal você poderá organizar livros, porta-retratos e objetos decorativos.<br>Características:<br>Fabricado MDP de 15 mm,<br>Acabamento em pintura UV.<br>4 Prateleiras<br>Pés plásticos.<br>Dimensões:<br>Altura: 185,5 cm<br>Largura: 57 cm<br>Profundidade: 30 cm<br>Peso: 22,42 kg	https://moveismorante.com.br/produto/estante-multiuso-montreal?var=5604999a-f940-4f74-b1c0-75028a4707ae	https://pub-389127050a434f568c29dc66bdce2567.r2.dev/1786474200474-1786474200473.jpg	https://pub-389127050a434f568c29dc66bdce2567.r2.dev/1786474196701-1786474196701.jpg,https://pub-389127050a434f568c29dc66bdce2567.r2.dev/1786474202891-1786474202890.jpg	in stock	Um produto ideal para compor com a decoração de diversos cômodos, levando funcionalidade e otimização dos espaços. Com a estante Montreal você poderá organizar livros, porta-retratos e objetos decorativos.<br>Características:<br>Fabricado MDP de 15 mm,<br>Acabamento em pintura UV.<br>4 Prateleiras<br>Pés plásticos.<br>Dimensões:<br>Altura: 185,5 cm<br>Largura: 57 cm<br>Profundidade: 30 cm<br>Peso: 22,42 kg	349.00 BRL		Móveis Morante	new	Tauari	unisex				no	999	Furniture
estante-multiuso-montreal-preto	Estante Multiuso Montreal	Um produto ideal para compor com a decoração de diversos cômodos, levando funcionalidade e otimização dos espaços. Com a estante Montreal você poderá organizar livros, porta-retratos e objetos decorativos.<br>Características:<br>Fabricado MDP de 15 mm,<br>Acabamento em pintura UV.<br>4 Prateleiras<br>Pés plásticos.<br>Dimensões:<br>Altura: 185,5 cm<br>Largura: 57 cm<br>Profundidade: 30 cm<br>Peso: 22,42 kg	https://moveismorante.com.br/produto/estante-multiuso-montreal?var=042fd1ae-72a3-4a59-84f6-d2acdfc6b6a6	https://pub-389127050a434f568c29dc66bdce2567.r2.dev/1786474160702-1786474160702.jpg	https://pub-389127050a434f568c29dc66bdce2567.r2.dev/1786474163714-1786474163713.jpg,https://pub-389127050a434f568c29dc66bdce2567.r2.dev/1786474166929-1786474166928.jpg	in stock	Um produto ideal para compor com a decoração de diversos cômodos, levando funcionalidade e otimização dos espaços. Com a estante Montreal você poderá organizar livros, porta-retratos e objetos decorativos.<br>Características:<br>Fabricado MDP de 15 mm,<br>Acabamento em pintura UV.<br>4 Prateleiras<br>Pés plásticos.<br>Dimensões:<br>Altura: 185,5 cm<br>Largura: 57 cm<br>Profundidade: 30 cm<br>Peso: 22,42 kg	349.00 BRL		Móveis Morante	new	Preto	unisex				no	999	Furniture
b379df0a-99af-46b3-a9aa-7b2ea140324a	Armário Aéreo 80cm 2 Portas Tela Sul	O Armário Aéreo 80cm 2 Portas Lumina Telasul é ideal para otimizar seu espaço com estilo e funcionalidade. Possui 2 portas com dobradiças metálicas e amortecimento, 2 prateleiras internas para melhor organização, estrutura em MDP revestido em FF e elegantes puxadores em alumínio. Perfeito para compor cozinhas modernas e funcionais.<br>Características:<br>2 Portas<br>2 Prateleiras internas<br>Dobradiças metálicas com amortecimento<br>Estrutura em MDP revestido em FF<br>Puxadores em alumínio<br>Prateleira suporta de 12 a 14kg<br>Dimensões:<br>Altura: 90 cm<br>Largura: 80 cm<br>Profundidade: 30,5 cm<br>Peso: 22,00 kg	https://moveismorante.com.br/produto/armario-aereo-80cm-2-portas-tela-sul	https://pub-389127050a434f568c29dc66bdce2567.r2.dev/1786325291541-1786325291541.jpg	https://pub-389127050a434f568c29dc66bdce2567.r2.dev/1786325297323-1786325297323.jpg,https://pub-389127050a434f568c29dc66bdce2567.r2.dev/1786325299849-1786325299849.jpg,https://pub-389127050a434f568c29dc66bdce2567.r2.dev/1786325302532-1786325302532.jpg	in stock	O Armário Aéreo 80cm 2 Portas Lumina Telasul é ideal para otimizar seu espaço com estilo e funcionalidade. Possui 2 portas com dobradiças metálicas e amortecimento, 2 prateleiras internas para melhor organização, estrutura em MDP revestido em FF e elegantes puxadores em alumínio. Perfeito para compor cozinhas modernas e funcionais.<br>Características:<br>2 Portas<br>2 Prateleiras internas<br>Dobradiças metálicas com amortecimento<br>Estrutura em MDP revestido em FF<br>Puxadores em alumínio<br>Prateleira suporta de 12 a 14kg<br>Dimensões:<br>Altura: 90 cm<br>Largura: 80 cm<br>Profundidade: 30,5 cm<br>Peso: 22,00 kg	329.00 BRL	289.00 BRL	Móveis Morante	new		unisex				no	10	Furniture
74d4aeb1-2132-44c6-b665-36bc4dfe0664	Poltrona Vênus Pés Palito Azul	Poltrona Vênus, pés palito de madeira maciça, cor azul, tecido sued<br>Dimensões: 63 x 62 x 86 ( L x P x A)<br>Altura do acento: 52cm	https://moveismorante.com.br/produto/poltrona-venus-pes-palito-azul	https://pub-389127050a434f568c29dc66bdce2567.r2.dev/1786499081359-1786499081359.jpg	https://pub-389127050a434f568c29dc66bdce2567.r2.dev/1786499084084-1786499084084.jpg,https://pub-389127050a434f568c29dc66bdce2567.r2.dev/1786499086736-1786499086736.jpg,https://pub-389127050a434f568c29dc66bdce2567.r2.dev/1786499089622-1786499089622.jpg,https://pub-389127050a434f568c29dc66bdce2567.r2.dev/1786499092916-1786499092916.jpg,https://pub-389127050a434f568c29dc66bdce2567.r2.dev/1786499097498-1786499097498.jpg	in stock	Poltrona Vênus, pés palito de madeira maciça, cor azul, tecido sued<br>Dimensões: 63 x 62 x 86 ( L x P x A)<br>Altura do acento: 52cm	349.00 BRL	299.00 BRL	Móveis Morante	new		unisex				no	10	Furniture
96953486-b51a-4081-a1c6-76dd0d5b3f23	Penteadeira Camarim Bella com Espelho	Penteadeira Camarim Bella vai deixar seu ambiente moderno e aconchegante. Ela conta com espelho, 3 spots de LED, uma porta e 2 gavetas. A Penteadeira Camarim Bella é ideal para você que gosta de manter seus pertences sempre em ordem com estilo e bom gosto.<br>Características:<br>Quantidade de Portas: 01<br>Quantidade de Gavetas: 02<br>Quantidade de Prateleiras: 00<br>Divisores na Gaveta maior<br>Possui LED: Sim<br>Puxadores na Cor Bronze: Sim<br>Material Principal: MDP<br>Chapas de 12 e 15 milímetros<br>Possui Pés: Não<br>Possui Espelho: Sim<br>Tipo de Porta: De Giro<br>Dimensões<br>Altura: 1,37 M<br>Largura: 1,10 M<br>Profundidade: 0,47 M	https://moveismorante.com.br/produto/penteadeira-camarim-bella-com-espelho	https://pub-389127050a434f568c29dc66bdce2567.r2.dev/1786472753848-1786472753848.jpg	https://pub-389127050a434f568c29dc66bdce2567.r2.dev/1786472756384-1786472756383.jpg,https://pub-389127050a434f568c29dc66bdce2567.r2.dev/1786472758975-1786472758973.jpg,https://pub-389127050a434f568c29dc66bdce2567.r2.dev/1786472761671-1786472761670.jpg,https://pub-389127050a434f568c29dc66bdce2567.r2.dev/1786472764225-1786472764225.jpg,https://pub-389127050a434f568c29dc66bdce2567.r2.dev/1786472769691-1786472769691.jpg	in stock	Penteadeira Camarim Bella vai deixar seu ambiente moderno e aconchegante. Ela conta com espelho, 3 spots de LED, uma porta e 2 gavetas. A Penteadeira Camarim Bella é ideal para você que gosta de manter seus pertences sempre em ordem com estilo e bom gosto.<br>Características:<br>Quantidade de Portas: 01<br>Quantidade de Gavetas: 02<br>Quantidade de Prateleiras: 00<br>Divisores na Gaveta maior<br>Possui LED: Sim<br>Puxadores na Cor Bronze: Sim<br>Material Principal: MDP<br>Chapas de 12 e 15 milímetros<br>Possui Pés: Não<br>Possui Espelho: Sim<br>Tipo de Porta: De Giro<br>Dimensões<br>Altura: 1,37 M<br>Largura: 1,10 M<br>Profundidade: 0,47 M	749.00 BRL		Móveis Morante	new		unisex				no	10	Furniture
68580f40-46b8-497e-b088-fa0ded340c8e	Armário Aéreo 1,20 3 Portas Veneza Última unidade	‼️Fazemos instalação do aéreo na parede por 50 reais‼️<br> <br>Armário aéreo, 3 portas, 3 opções de cores, MDP 15mm e 12mm, Suporte de Peso de até 5 kg, novo<br> <br>📏 Dimensões:<br>Altura: 54 cm | Largura: 120 cm | Profundidade: 29 cm	https://moveismorante.com.br/produto/armario-aereo-120-3-portas-veneza-ultima-unidade	https://pub-389127050a434f568c29dc66bdce2567.r2.dev/1786541746541-1786541746541.jpg	https://pub-389127050a434f568c29dc66bdce2567.r2.dev/1786541748895-1786541748895.jpg,https://pub-389127050a434f568c29dc66bdce2567.r2.dev/1786541751338-1786541751337.jpg	in stock	‼️Fazemos instalação do aéreo na parede por 50 reais‼️<br> <br>Armário aéreo, 3 portas, 3 opções de cores, MDP 15mm e 12mm, Suporte de Peso de até 5 kg, novo<br> <br>📏 Dimensões:<br>Altura: 54 cm | Largura: 120 cm | Profundidade: 29 cm	349.00 BRL	299.00 BRL	Móveis Morante	new		unisex				no	10	Furniture
bf3937ac-ccdd-44d9-ad10-a4b9f39a92cd	Balcão 1,60 com 4 Portas e Tampo	Balcão com tampo, 4 portas, em MDP 15mm, pés de plástico com regulagem, dobradiças metálicas.<br> <br>1,60 x 0,50 x 0,81	https://moveismorante.com.br/produto/balcao-160-com-4-portas-e-tampo	https://pub-389127050a434f568c29dc66bdce2567.r2.dev/1786474496168-1786474496168.jpg	https://pub-389127050a434f568c29dc66bdce2567.r2.dev/1786474498616-1786474498615.jpg,https://pub-389127050a434f568c29dc66bdce2567.r2.dev/1786474500892-1786474500891.jpg,https://pub-389127050a434f568c29dc66bdce2567.r2.dev/1786474509825-1786474509825.jpg,https://pub-389127050a434f568c29dc66bdce2567.r2.dev/1786474516322-1786474516322.jpg	in stock	Balcão com tampo, 4 portas, em MDP 15mm, pés de plástico com regulagem, dobradiças metálicas.<br> <br>1,60 x 0,50 x 0,81	549.00 BRL		Móveis Morante	new		unisex				no	10	Furniture
40f968c5-8390-48dc-8e06-90cc4c500033	Treliche Infantil Jade com Escada	A Treliche Infantil Jade com Escada da Mobikasa é uma peça funcional e versátil, ideal para otimizar espaços pequenos. Feita em MDP de 15 mm, oferece resistência e durabilidade, enquanto o estrado em MDF de 25 mm garante suporte para colchões de 88x1,88 metros. Suporta até 100 kg por cama e 80 kg nos degraus da escada, oferecendo segurança. Possui uma porta basculante com dobradiça curva para facilitar o acesso, e puxadores de madeira para um toque elegante. Com rodízios RB30, a movimentação e limpeza ficam mais fáceis.<br>Características:<br>Acabamento em FF<br>Estrutura MDP 15 mm<br>Estrutura Estrado MDF 25mm<br>Indicado para colchão de 88x1,88<br>O limite de peso permitido para ambas as camas é de 100kg<br>Peso suportado pelos degraus de 80kg<br>Porta basculante com dobradiça curva<br>Puxadores F14 em madeira<br>Rodizío RB30<br>Dimensões:<br>Altura: 177,6 cm<br>Largura: 96 cm<br>Profundidade: 241,4 cm<br>Peso: 165,30 kg	https://moveismorante.com.br/produto/treliche-infantil-jade-com-escada	https://pub-389127050a434f568c29dc66bdce2567.r2.dev/1786401173949-1786401173949.jpg	https://pub-389127050a434f568c29dc66bdce2567.r2.dev/1786401188489-1786401188488.jpg,https://pub-389127050a434f568c29dc66bdce2567.r2.dev/1786401542220-1786401542220.jpg,https://pub-389127050a434f568c29dc66bdce2567.r2.dev/1786401556536-1786401556536.jpg,https://pub-389127050a434f568c29dc66bdce2567.r2.dev/1786401571753-1786401571753.jpg,https://pub-389127050a434f568c29dc66bdce2567.r2.dev/1786401580870-1786401580870.jpg,https://pub-389127050a434f568c29dc66bdce2567.r2.dev/1786401585416-1786401585415.jpg,https://pub-389127050a434f568c29dc66bdce2567.r2.dev/1786401589242-1786401589242.jpg,https://pub-389127050a434f568c29dc66bdce2567.r2.dev/1786401593644-1786401593644.jpg,https://pub-389127050a434f568c29dc66bdce2567.r2.dev/1786401596849-1786401596849.jpg	in stock	A Treliche Infantil Jade com Escada da Mobikasa é uma peça funcional e versátil, ideal para otimizar espaços pequenos. Feita em MDP de 15 mm, oferece resistência e durabilidade, enquanto o estrado em MDF de 25 mm garante suporte para colchões de 88x1,88 metros. Suporta até 100 kg por cama e 80 kg nos degraus da escada, oferecendo segurança. Possui uma porta basculante com dobradiça curva para facilitar o acesso, e puxadores de madeira para um toque elegante. Com rodízios RB30, a movimentação e limpeza ficam mais fáceis.<br>Características:<br>Acabamento em FF<br>Estrutura MDP 15 mm<br>Estrutura Estrado MDF 25mm<br>Indicado para colchão de 88x1,88<br>O limite de peso permitido para ambas as camas é de 100kg<br>Peso suportado pelos degraus de 80kg<br>Porta basculante com dobradiça curva<br>Puxadores F14 em madeira<br>Rodizío RB30<br>Dimensões:<br>Altura: 177,6 cm<br>Largura: 96 cm<br>Profundidade: 241,4 cm<br>Peso: 165,30 kg	2199.00 BRL	1899.00 BRL	Móveis Morante	new		unisex				no	10	Furniture
1d987673-b9ae-47f4-8b28-ff051b0f9677	Pia de Marmore Sintético 1,20m	Pia de marmorite 1,20m, não acompanha válvula nem balcão.	https://moveismorante.com.br/produto/pia-de-marmore-sintetico-120m	https://pub-389127050a434f568c29dc66bdce2567.r2.dev/1786470037793-1786470037792.jpg	https://pub-389127050a434f568c29dc66bdce2567.r2.dev/1786462820573-1786462820572.jpg,https://pub-389127050a434f568c29dc66bdce2567.r2.dev/1786462823420-1786462823420.jpg,https://pub-389127050a434f568c29dc66bdce2567.r2.dev/1786462826450-1786462826449.jpg,https://pub-389127050a434f568c29dc66bdce2567.r2.dev/1786462830324-1786462830324.jpg	in stock	Pia de marmorite 1,20m, não acompanha válvula nem balcão.	229.00 BRL		Móveis Morante	new		unisex				no	10	Furniture
cozinha-modulada-florenca-6-pecas-100-mdf-canaryoffwhite	Cozinha Modulada Florença 6 Peças 100% MDF	Cozinha Modulada 6 Peças sem Tampo Florença Móveis Sul <br>A Cozinha Modulada 6 Peças Florença da Móveis Sul combina funcionalidade e estilo. Composta por módulos bem distribuídos, oferece amplo espaço de armazenamento e organização. Seu design moderno e acabamento elegante se destacam, tornando-a uma escolha ideal para quem busca praticidade sem abrir mão da estética na cozinha.<br>Layout inteligente, ideal para otimizar o espaço e garantir organização no dia a dia.<br>Características:<br>Estrutura em MDF<br>14 Portas<br>3 Gavetas<br>Acabamento Pintura UV<br>Corrediças telescópicas<br>Pés com regulagem de altura<br>Prateleiras<br>Porta com vidro transparente<br>Puxador em aluminio<br>Sem tampo de 120cm ou pia<br>Compõe a cozinha:<br>1 Paneleiro torre quente 4 Portas 70cm<br>1 Armário Aéreo 3 Portas 120cm<br>1 Armário 1 Porta basculante 80cm<br>1 Paneleiro 2 Portas com vidro 50cm<br>1 Balcão para pia 2 Portas 3 gavetas 120cm, sem tampo e sem pia<br>1 Balcão 2 Portas 80cm<br>Dimensões:<br>Altura: 220 cm<br>Largura: 320 cm<br>Profundidade: 53 cm	https://moveismorante.com.br/produto/cozinha-modulada-florenca-6-pecas-100-mdf?var=b976c283-6642-499c-9413-7e531609d9fd	https://pub-389127050a434f568c29dc66bdce2567.r2.dev/1786475893779-1786475893779.jpg	https://pub-389127050a434f568c29dc66bdce2567.r2.dev/1786475895752-1786475895751.jpg,https://pub-389127050a434f568c29dc66bdce2567.r2.dev/1786475902971-1786475902971.jpg,https://pub-389127050a434f568c29dc66bdce2567.r2.dev/1786475905813-1786475905812.jpg	in stock	Cozinha Modulada 6 Peças sem Tampo Florença Móveis Sul <br>A Cozinha Modulada 6 Peças Florença da Móveis Sul combina funcionalidade e estilo. Composta por módulos bem distribuídos, oferece amplo espaço de armazenamento e organização. Seu design moderno e acabamento elegante se destacam, tornando-a uma escolha ideal para quem busca praticidade sem abrir mão da estética na cozinha.<br>Layout inteligente, ideal para otimizar o espaço e garantir organização no dia a dia.<br>Características:<br>Estrutura em MDF<br>14 Portas<br>3 Gavetas<br>Acabamento Pintura UV<br>Corrediças telescópicas<br>Pés com regulagem de altura<br>Prateleiras<br>Porta com vidro transparente<br>Puxador em aluminio<br>Sem tampo de 120cm ou pia<br>Compõe a cozinha:<br>1 Paneleiro torre quente 4 Portas 70cm<br>1 Armário Aéreo 3 Portas 120cm<br>1 Armário 1 Porta basculante 80cm<br>1 Paneleiro 2 Portas com vidro 50cm<br>1 Balcão para pia 2 Portas 3 gavetas 120cm, sem tampo e sem pia<br>1 Balcão 2 Portas 80cm<br>Dimensões:<br>Altura: 220 cm<br>Largura: 320 cm<br>Profundidade: 53 cm	3294.00 BRL		Móveis Morante	new	Canary/Off White	unisex				no	999	Furniture
cozinha-modulada-florenca-6-pecas-100-mdf-angelincinza	Cozinha Modulada Florença 6 Peças 100% MDF	Cozinha Modulada 6 Peças sem Tampo Florença Móveis Sul <br>A Cozinha Modulada 6 Peças Florença da Móveis Sul combina funcionalidade e estilo. Composta por módulos bem distribuídos, oferece amplo espaço de armazenamento e organização. Seu design moderno e acabamento elegante se destacam, tornando-a uma escolha ideal para quem busca praticidade sem abrir mão da estética na cozinha.<br>Layout inteligente, ideal para otimizar o espaço e garantir organização no dia a dia.<br>Características:<br>Estrutura em MDF<br>14 Portas<br>3 Gavetas<br>Acabamento Pintura UV<br>Corrediças telescópicas<br>Pés com regulagem de altura<br>Prateleiras<br>Porta com vidro transparente<br>Puxador em aluminio<br>Sem tampo de 120cm ou pia<br>Compõe a cozinha:<br>1 Paneleiro torre quente 4 Portas 70cm<br>1 Armário Aéreo 3 Portas 120cm<br>1 Armário 1 Porta basculante 80cm<br>1 Paneleiro 2 Portas com vidro 50cm<br>1 Balcão para pia 2 Portas 3 gavetas 120cm, sem tampo e sem pia<br>1 Balcão 2 Portas 80cm<br>Dimensões:<br>Altura: 220 cm<br>Largura: 320 cm<br>Profundidade: 53 cm	https://moveismorante.com.br/produto/cozinha-modulada-florenca-6-pecas-100-mdf?var=b9708a74-0b4f-4e5a-9425-6a462e7d3de0	https://pub-389127050a434f568c29dc66bdce2567.r2.dev/1786475908816-1786475908814.jpg	https://pub-389127050a434f568c29dc66bdce2567.r2.dev/1786475911466-1786475911466.jpg,https://pub-389127050a434f568c29dc66bdce2567.r2.dev/1786475914051-1786475914051.jpg	in stock	Cozinha Modulada 6 Peças sem Tampo Florença Móveis Sul <br>A Cozinha Modulada 6 Peças Florença da Móveis Sul combina funcionalidade e estilo. Composta por módulos bem distribuídos, oferece amplo espaço de armazenamento e organização. Seu design moderno e acabamento elegante se destacam, tornando-a uma escolha ideal para quem busca praticidade sem abrir mão da estética na cozinha.<br>Layout inteligente, ideal para otimizar o espaço e garantir organização no dia a dia.<br>Características:<br>Estrutura em MDF<br>14 Portas<br>3 Gavetas<br>Acabamento Pintura UV<br>Corrediças telescópicas<br>Pés com regulagem de altura<br>Prateleiras<br>Porta com vidro transparente<br>Puxador em aluminio<br>Sem tampo de 120cm ou pia<br>Compõe a cozinha:<br>1 Paneleiro torre quente 4 Portas 70cm<br>1 Armário Aéreo 3 Portas 120cm<br>1 Armário 1 Porta basculante 80cm<br>1 Paneleiro 2 Portas com vidro 50cm<br>1 Balcão para pia 2 Portas 3 gavetas 120cm, sem tampo e sem pia<br>1 Balcão 2 Portas 80cm<br>Dimensões:<br>Altura: 220 cm<br>Largura: 320 cm<br>Profundidade: 53 cm	3294.00 BRL		Móveis Morante	new	Angelin/Cinza	unisex				no	999	Furniture
4b064f92-bf4b-4348-bf02-deaa35884a4e	Cômoda Geórgia 8 Gavetas	A Cômoda Georgia é um móvel espaçoso e funcional, oferecendo ampla capacidade de armazenamento. Possui um total de oito gavetas, As corrediças telescópicas permitem um deslizamento suave e fácil das gavetas, proporcionando acesso conveniente e organização eficiente do conteúdo armazenado. Esta configuração é ideal para quem precisa de uma solução de armazenamento versátil e diversificada, permitindo a organização de uma variedade de itens, desde roupas a acessórios, de maneira prática e acessível.<br>Cracterísticas:<br>8 Gavetas<br>Corrediças telescópicas<br>Gavetas com puxadores usinados<br>Pés em pvc<br>Estrutura em MDP<br>Gaveta suporta 8kg cada<br>Dimensões:<br>Altura: 108 cm<br>Largura: 147 cm<br>Profundidade: 47 cm<br>Peso: 65,00 kg	https://moveismorante.com.br/produto/comoda-georgia-8-gavetas	https://pub-389127050a434f568c29dc66bdce2567.r2.dev/1786498653367-1786498653366.jpg	https://pub-389127050a434f568c29dc66bdce2567.r2.dev/1786498656185-1786498656185.jpg,https://pub-389127050a434f568c29dc66bdce2567.r2.dev/1786498659440-1786498659439.jpg,https://pub-389127050a434f568c29dc66bdce2567.r2.dev/1786498662830-1786498662830.jpg	in stock	A Cômoda Georgia é um móvel espaçoso e funcional, oferecendo ampla capacidade de armazenamento. Possui um total de oito gavetas, As corrediças telescópicas permitem um deslizamento suave e fácil das gavetas, proporcionando acesso conveniente e organização eficiente do conteúdo armazenado. Esta configuração é ideal para quem precisa de uma solução de armazenamento versátil e diversificada, permitindo a organização de uma variedade de itens, desde roupas a acessórios, de maneira prática e acessível.<br>Cracterísticas:<br>8 Gavetas<br>Corrediças telescópicas<br>Gavetas com puxadores usinados<br>Pés em pvc<br>Estrutura em MDP<br>Gaveta suporta 8kg cada<br>Dimensões:<br>Altura: 108 cm<br>Largura: 147 cm<br>Profundidade: 47 cm<br>Peso: 65,00 kg	999.00 BRL	749.00 BRL	Móveis Morante	new		unisex				no	10	Furniture
paneleiro-com-vidro-florenca-50cm-100-mdf-canaryoffwhite	Paneleiro com Vidro Florença 50cm 100% MDF	Paneleiro com Vidro 2 Portas Em MDF Florença Móveis sul<br>O Paneleiro com Vidro 2 Portas da linha Florença, da Móveis Sul, é fabricado em 100% MDF, oferecendo qualidade e durabilidade. Possui prateleiras internas que facilitam a organização dos utensílios e mantimentos. As portas com detalhe em vidro agregam sofisticação ao design, enquanto os pés com regulagem de altura garantem maior praticidade na instalação. O acabamento em pintura UV confere beleza, proteção e resistência ao móvel, tornando-o ideal para cozinhas modernas e funcionais.<br>Características:<br>Estrutura em MDF<br>2 Portas, sendo 1 com vidro<br>acabamento em pintura UV<br>Prateleiras<br>Pés reguláveis<br>Puxador Alumínio<br>Dimensões:<br>Altura: 220 cm<br>Largura: 50 cm<br>Profundidade: 52 cm<br>Peso: 52,80 kg	https://moveismorante.com.br/produto/paneleiro-com-vidro-florenca-50cm-100-mdf?var=b856ef5f-65d0-4c29-a6b3-bf04048d58ef	https://pub-389127050a434f568c29dc66bdce2567.r2.dev/1786478632978-1786478632978.jpg	https://pub-389127050a434f568c29dc66bdce2567.r2.dev/1786478638611-1786478638611.jpg,https://pub-389127050a434f568c29dc66bdce2567.r2.dev/1786478643830-1786478643829.jpg,https://pub-389127050a434f568c29dc66bdce2567.r2.dev/1786478650269-1786478650268.jpg	in stock	Paneleiro com Vidro 2 Portas Em MDF Florença Móveis sul<br>O Paneleiro com Vidro 2 Portas da linha Florença, da Móveis Sul, é fabricado em 100% MDF, oferecendo qualidade e durabilidade. Possui prateleiras internas que facilitam a organização dos utensílios e mantimentos. As portas com detalhe em vidro agregam sofisticação ao design, enquanto os pés com regulagem de altura garantem maior praticidade na instalação. O acabamento em pintura UV confere beleza, proteção e resistência ao móvel, tornando-o ideal para cozinhas modernas e funcionais.<br>Características:<br>Estrutura em MDF<br>2 Portas, sendo 1 com vidro<br>acabamento em pintura UV<br>Prateleiras<br>Pés reguláveis<br>Puxador Alumínio<br>Dimensões:<br>Altura: 220 cm<br>Largura: 50 cm<br>Profundidade: 52 cm<br>Peso: 52,80 kg	899.00 BRL		Móveis Morante	new	Canary/Off White	unisex				no	999	Furniture
paneleiro-com-vidro-florenca-50cm-100-mdf-angelincinza	Paneleiro com Vidro Florença 50cm 100% MDF	Paneleiro com Vidro 2 Portas Em MDF Florença Móveis sul<br>O Paneleiro com Vidro 2 Portas da linha Florença, da Móveis Sul, é fabricado em 100% MDF, oferecendo qualidade e durabilidade. Possui prateleiras internas que facilitam a organização dos utensílios e mantimentos. As portas com detalhe em vidro agregam sofisticação ao design, enquanto os pés com regulagem de altura garantem maior praticidade na instalação. O acabamento em pintura UV confere beleza, proteção e resistência ao móvel, tornando-o ideal para cozinhas modernas e funcionais.<br>Características:<br>Estrutura em MDF<br>2 Portas, sendo 1 com vidro<br>acabamento em pintura UV<br>Prateleiras<br>Pés reguláveis<br>Puxador Alumínio<br>Dimensões:<br>Altura: 220 cm<br>Largura: 50 cm<br>Profundidade: 52 cm<br>Peso: 52,80 kg	https://moveismorante.com.br/produto/paneleiro-com-vidro-florenca-50cm-100-mdf?var=3a043808-a725-436d-bcb0-c1dff919a643	https://pub-389127050a434f568c29dc66bdce2567.r2.dev/1786478636483-1786478636482.jpg	https://pub-389127050a434f568c29dc66bdce2567.r2.dev/1786478646807-1786478646806.jpg,https://pub-389127050a434f568c29dc66bdce2567.r2.dev/1786478641217-1786478641216.jpg	in stock	Paneleiro com Vidro 2 Portas Em MDF Florença Móveis sul<br>O Paneleiro com Vidro 2 Portas da linha Florença, da Móveis Sul, é fabricado em 100% MDF, oferecendo qualidade e durabilidade. Possui prateleiras internas que facilitam a organização dos utensílios e mantimentos. As portas com detalhe em vidro agregam sofisticação ao design, enquanto os pés com regulagem de altura garantem maior praticidade na instalação. O acabamento em pintura UV confere beleza, proteção e resistência ao móvel, tornando-o ideal para cozinhas modernas e funcionais.<br>Características:<br>Estrutura em MDF<br>2 Portas, sendo 1 com vidro<br>acabamento em pintura UV<br>Prateleiras<br>Pés reguláveis<br>Puxador Alumínio<br>Dimensões:<br>Altura: 220 cm<br>Largura: 50 cm<br>Profundidade: 52 cm<br>Peso: 52,80 kg	899.00 BRL		Móveis Morante	new	Angelin/Cinza	unisex				no	999	Furniture
1e66d8e5-b521-498e-bd98-99e82f90a6b6	Balcão para Pia de 1,60m 3 Gavetas 1° Linha	Balcão para pia 1° linha, MDP 15mm, corrediças metálicas, puxadores perfilados, novo<br>📏 Dimensões: 157 x 50 x 80 ( L X P X A)	https://moveismorante.com.br/produto/balcao-para-pia-de-160m-3-gavetas-1-linha	https://pub-389127050a434f568c29dc66bdce2567.r2.dev/1786470837218-1786470837216.jpg	https://pub-389127050a434f568c29dc66bdce2567.r2.dev/1786470839345-1786470839344.jpg,https://pub-389127050a434f568c29dc66bdce2567.r2.dev/1786470841422-1786470841421.jpg,https://pub-389127050a434f568c29dc66bdce2567.r2.dev/1786470844020-1786470844019.jpg	in stock	Balcão para pia 1° linha, MDP 15mm, corrediças metálicas, puxadores perfilados, novo<br>📏 Dimensões: 157 x 50 x 80 ( L X P X A)	549.00 BRL		Móveis Morante	new		unisex				no	10	Furniture
7c13e343-a15b-451f-9fbc-1f49bf22d864	Escrivaninha 2 Gavetas NT 2010 Notável	🚚📦 Entrega rápida (1 a 5 dias úteis) para Curitiba e Região, consulte conosco a disponibilidade e o valor do frete<br>💳 Pagamento parcelado nas bandeiras VISA, MASTER, MASTERCARD, MAESTRO, HIPERCARD, ELO, em até 10x sem juros no cartão de crédito<br> 🚨⚠️ Aceitamos Senff, com juros.<br>✅ À vista tem desconto no pix, débito ou dinheiro!<br>✅ Sem custo de frete para endereços com menos de 5km de distância<br>✅ Montagem por nossa conta - para a retirada ou entrega.<br>✅ Atendimento Via WhatsApp<br>https://wa.me/5541997493547<br>🛒 VEJA MAIS DOS NOSSOS PRODUTOS CLICANDO NO LINK ABAIXO:<br>https://moveismorante.com.br<br>___________________________________<br>Móveis Morante <br>▶ CNPJ: 44.512 248/0001-07<br>🕒 Aberto: Seg a Sex ( 9h às 18h ) e Sab ( 9h às 17h )<br>🗺📍Rua Cascavel, 306, Guaraituba, Colombo - PR<br>____________________________________<br>ℹ️Características<br>‼️Móvel em última unidade do mostruário, com imperfeições, como mostrado nas últimas imagens, e preço reduzido. Aproveite!‼️<br>Quer um ambiente organizado e pronto para você realizar as suas tarefas diárias? Então a Mesa NT 2010 é a opção que você procura! Ela pode ser posicionada no quarto, escritório ou outro espaço que quiser dedicar para o home office ou estudos. Enquanto o tampo acomoda o seu computador e demais objetos importantes, os nichos laterais permitem que outros objetos fiquem sempre a mão. Sem esquecer que ela possui ainda, 02 gavetas com puxadores em alumínio, para organizar demais objetos!<br>Características:<br>Puxadores em alumínio<br>2 Gavetas<br>Corrediças metálicas<br>Estrutura MDP<br>Dimensões:<br>Altura: 136,5 cm<br>Largura: 131,5 cm<br>Profundidade: 37,5 cm<br>Peso: 33,8 kg	https://moveismorante.com.br/produto/escrivaninha-2-gavetas-nt-2010-notavel	https://pub-389127050a434f568c29dc66bdce2567.r2.dev/1786393469852-1786393469848.jpg	https://pub-389127050a434f568c29dc66bdce2567.r2.dev/1786393472137-1786393472137.jpg,https://pub-389127050a434f568c29dc66bdce2567.r2.dev/1786393473612-1786393473611.jpg,https://pub-389127050a434f568c29dc66bdce2567.r2.dev/1786393474859-1786393474858.jpg,https://pub-389127050a434f568c29dc66bdce2567.r2.dev/1786393476178-1786393476177.jpg,https://pub-389127050a434f568c29dc66bdce2567.r2.dev/1786393477632-1786393477631.jpg,https://pub-389127050a434f568c29dc66bdce2567.r2.dev/1786393478873-1786393478872.jpg,https://pub-389127050a434f568c29dc66bdce2567.r2.dev/1786393480211-1786393480210.jpg,https://pub-389127050a434f568c29dc66bdce2567.r2.dev/1786393481575-1786393481575.jpg	in stock	🚚📦 Entrega rápida (1 a 5 dias úteis) para Curitiba e Região, consulte conosco a disponibilidade e o valor do frete<br>💳 Pagamento parcelado nas bandeiras VISA, MASTER, MASTERCARD, MAESTRO, HIPERCARD, ELO, em até 10x sem juros no cartão de crédito<br> 🚨⚠️ Aceitamos Senff, com juros.<br>✅ À vista tem desconto no pix, débito ou dinheiro!<br>✅ Sem custo de frete para endereços com menos de 5km de distância<br>✅ Montagem por nossa conta - para a retirada ou entrega.<br>✅ Atendimento Via WhatsApp<br>https://wa.me/5541997493547<br>🛒 VEJA MAIS DOS NOSSOS PRODUTOS CLICANDO NO LINK ABAIXO:<br>https://moveismorante.com.br<br>___________________________________<br>Móveis Morante <br>▶ CNPJ: 44.512 248/0001-07<br>🕒 Aberto: Seg a Sex ( 9h às 18h ) e Sab ( 9h às 17h )<br>🗺📍Rua Cascavel, 306, Guaraituba, Colombo - PR<br>____________________________________<br>ℹ️Características<br>‼️Móvel em última unidade do mostruário, com imperfeições, como mostrado nas últimas imagens, e preço reduzido. Aproveite!‼️<br>Quer um ambiente organizado e pronto para você realizar as suas tarefas diárias? Então a Mesa NT 2010 é a opção que você procura! Ela pode ser posicionada no quarto, escritório ou outro espaço que quiser dedicar para o home office ou estudos. Enquanto o tampo acomoda o seu computador e demais objetos importantes, os nichos laterais permitem que outros objetos fiquem sempre a mão. Sem esquecer que ela possui ainda, 02 gavetas com puxadores em alumínio, para organizar demais objetos!<br>Características:<br>Puxadores em alumínio<br>2 Gavetas<br>Corrediças metálicas<br>Estrutura MDP<br>Dimensões:<br>Altura: 136,5 cm<br>Largura: 131,5 cm<br>Profundidade: 37,5 cm<br>Peso: 33,8 kg	399.00 BRL	349.00 BRL	Móveis Morante	new		unisex				no	10	Furniture
mesa-para-escritorio-136-industrial-freijopreto	Mesa para Escritório 1,36 Industrial	Mesa De Escritório ou Escrivaninha Vintage em Aço Industrial – Canela/Branco: Seu Espaço de Trabalho, Mais Leve e Inspirador<br>Trabalhe com Estilo, Viva com Leveza<br>Que tal transformar seu home office em um ambiente que reflete a sua personalidade e te inspira a cada dia? A Mesa De Escritório ou Escrivaninha Vintage em Aço Industrial, na combinação de canela e branco, é mais do que um móvel: é um convite para você criar um espaço de trabalho mais leve, organizado e cheio de estilo. Com seus 136cm de largura, 60cm de profundidade e 76cm de altura, ela se adapta a diferentes ambientes, levando beleza e funcionalidade.<br>Um Refúgio de Criatividade e Produtividade<br>Imagine ter um espaço de trabalho onde você se sente bem, com tudo o que precisa ao seu alcance. Com esta mesa, você tem: uma ampla superfície para acomodar seu computador, livros e materiais; um design que combina o charme do vintage com a modernidade do industrial; e a combinação perfeita entre a leveza do branco e o aconchego da madeira no tom canela.<br>Feita para Durar, Pensada para Você<br>A estrutura metálica, com pintura PU que garante resistência e durabilidade, suporta até 60kg com total segurança. O tampo em MDP, com acabamento em pintura touch na cor canela, é fácil de limpar e resistente a riscos. Uma mesa que te acompanha por muitos anos, em todos os seus projetos.<br>Seu Novo Home Office<br>E para sua total tranquilidade, a montagem é simples, com sistema de parafusos Philips e instruções claras. E, claro, você conta com a garantia de 3 meses da Dkadi Decor e com nosso atendimento, sempre pronto para te ajudar. Invista no seu bem-estar e na sua produtividade: adquira agora a sua mesa e transforme seu espaço de trabalho!<br>Características:<br>Modelo: Mesa Secretária Linha Industrial<br>Estilo: Industrial, moderno, vintage<br>Cores Disponíveis: Canela/Branco, Freijó/Preto Fosco<br>Material: Estrutura em Aço, Tampo em MDP<br>Acabamento: Pintura Epóxi (estrutura metálica, resistente à umidade), Pintura Touch (tampo, 7 camadas, textura dos veios da madeira)<br>Dimensões: 76 cm (altura) x 136 cm (largura) x 60 cm (profundidade)<br>Peso Suportado: 60 kg<br>Pés: Metálicos	https://moveismorante.com.br/produto/mesa-para-escritorio-136-industrial?var=273a7a2c-a9e2-4dba-bce5-bc991211a63d	https://pub-389127050a434f568c29dc66bdce2567.r2.dev/1786480981141-1786480981140.jpg	https://pub-389127050a434f568c29dc66bdce2567.r2.dev/1786481003306-1786481003305.jpg,https://pub-389127050a434f568c29dc66bdce2567.r2.dev/1786481008206-1786481008205.jpg,https://pub-389127050a434f568c29dc66bdce2567.r2.dev/1786481011650-1786481011649.jpg,https://pub-389127050a434f568c29dc66bdce2567.r2.dev/1786481005108-1786481005107.jpg	in stock	Mesa De Escritório ou Escrivaninha Vintage em Aço Industrial – Canela/Branco: Seu Espaço de Trabalho, Mais Leve e Inspirador<br>Trabalhe com Estilo, Viva com Leveza<br>Que tal transformar seu home office em um ambiente que reflete a sua personalidade e te inspira a cada dia? A Mesa De Escritório ou Escrivaninha Vintage em Aço Industrial, na combinação de canela e branco, é mais do que um móvel: é um convite para você criar um espaço de trabalho mais leve, organizado e cheio de estilo. Com seus 136cm de largura, 60cm de profundidade e 76cm de altura, ela se adapta a diferentes ambientes, levando beleza e funcionalidade.<br>Um Refúgio de Criatividade e Produtividade<br>Imagine ter um espaço de trabalho onde você se sente bem, com tudo o que precisa ao seu alcance. Com esta mesa, você tem: uma ampla superfície para acomodar seu computador, livros e materiais; um design que combina o charme do vintage com a modernidade do industrial; e a combinação perfeita entre a leveza do branco e o aconchego da madeira no tom canela.<br>Feita para Durar, Pensada para Você<br>A estrutura metálica, com pintura PU que garante resistência e durabilidade, suporta até 60kg com total segurança. O tampo em MDP, com acabamento em pintura touch na cor canela, é fácil de limpar e resistente a riscos. Uma mesa que te acompanha por muitos anos, em todos os seus projetos.<br>Seu Novo Home Office<br>E para sua total tranquilidade, a montagem é simples, com sistema de parafusos Philips e instruções claras. E, claro, você conta com a garantia de 3 meses da Dkadi Decor e com nosso atendimento, sempre pronto para te ajudar. Invista no seu bem-estar e na sua produtividade: adquira agora a sua mesa e transforme seu espaço de trabalho!<br>Características:<br>Modelo: Mesa Secretária Linha Industrial<br>Estilo: Industrial, moderno, vintage<br>Cores Disponíveis: Canela/Branco, Freijó/Preto Fosco<br>Material: Estrutura em Aço, Tampo em MDP<br>Acabamento: Pintura Epóxi (estrutura metálica, resistente à umidade), Pintura Touch (tampo, 7 camadas, textura dos veios da madeira)<br>Dimensões: 76 cm (altura) x 136 cm (largura) x 60 cm (profundidade)<br>Peso Suportado: 60 kg<br>Pés: Metálicos	399.00 BRL		Móveis Morante	new	Freijó/Preto	unisex				no	999	Furniture
mesa-para-escritorio-136-industrial-canelabranco	Mesa para Escritório 1,36 Industrial	Mesa De Escritório ou Escrivaninha Vintage em Aço Industrial – Canela/Branco: Seu Espaço de Trabalho, Mais Leve e Inspirador<br>Trabalhe com Estilo, Viva com Leveza<br>Que tal transformar seu home office em um ambiente que reflete a sua personalidade e te inspira a cada dia? A Mesa De Escritório ou Escrivaninha Vintage em Aço Industrial, na combinação de canela e branco, é mais do que um móvel: é um convite para você criar um espaço de trabalho mais leve, organizado e cheio de estilo. Com seus 136cm de largura, 60cm de profundidade e 76cm de altura, ela se adapta a diferentes ambientes, levando beleza e funcionalidade.<br>Um Refúgio de Criatividade e Produtividade<br>Imagine ter um espaço de trabalho onde você se sente bem, com tudo o que precisa ao seu alcance. Com esta mesa, você tem: uma ampla superfície para acomodar seu computador, livros e materiais; um design que combina o charme do vintage com a modernidade do industrial; e a combinação perfeita entre a leveza do branco e o aconchego da madeira no tom canela.<br>Feita para Durar, Pensada para Você<br>A estrutura metálica, com pintura PU que garante resistência e durabilidade, suporta até 60kg com total segurança. O tampo em MDP, com acabamento em pintura touch na cor canela, é fácil de limpar e resistente a riscos. Uma mesa que te acompanha por muitos anos, em todos os seus projetos.<br>Seu Novo Home Office<br>E para sua total tranquilidade, a montagem é simples, com sistema de parafusos Philips e instruções claras. E, claro, você conta com a garantia de 3 meses da Dkadi Decor e com nosso atendimento, sempre pronto para te ajudar. Invista no seu bem-estar e na sua produtividade: adquira agora a sua mesa e transforme seu espaço de trabalho!<br>Características:<br>Modelo: Mesa Secretária Linha Industrial<br>Estilo: Industrial, moderno, vintage<br>Cores Disponíveis: Canela/Branco, Freijó/Preto Fosco<br>Material: Estrutura em Aço, Tampo em MDP<br>Acabamento: Pintura Epóxi (estrutura metálica, resistente à umidade), Pintura Touch (tampo, 7 camadas, textura dos veios da madeira)<br>Dimensões: 76 cm (altura) x 136 cm (largura) x 60 cm (profundidade)<br>Peso Suportado: 60 kg<br>Pés: Metálicos	https://moveismorante.com.br/produto/mesa-para-escritorio-136-industrial?var=5911bcfb-4aac-4639-b4ad-622b1a744150	https://pub-389127050a434f568c29dc66bdce2567.r2.dev/1786480985873-1786480985873.jpg	https://pub-389127050a434f568c29dc66bdce2567.r2.dev/1786480990199-1786480990198.jpg,https://pub-389127050a434f568c29dc66bdce2567.r2.dev/1786480992548-1786480992546.jpg,https://pub-389127050a434f568c29dc66bdce2567.r2.dev/1786480995720-1786480995720.jpg,https://pub-389127050a434f568c29dc66bdce2567.r2.dev/1786480998206-1786480998206.jpg,https://pub-389127050a434f568c29dc66bdce2567.r2.dev/1786481000393-1786481000392.jpg	in stock	Mesa De Escritório ou Escrivaninha Vintage em Aço Industrial – Canela/Branco: Seu Espaço de Trabalho, Mais Leve e Inspirador<br>Trabalhe com Estilo, Viva com Leveza<br>Que tal transformar seu home office em um ambiente que reflete a sua personalidade e te inspira a cada dia? A Mesa De Escritório ou Escrivaninha Vintage em Aço Industrial, na combinação de canela e branco, é mais do que um móvel: é um convite para você criar um espaço de trabalho mais leve, organizado e cheio de estilo. Com seus 136cm de largura, 60cm de profundidade e 76cm de altura, ela se adapta a diferentes ambientes, levando beleza e funcionalidade.<br>Um Refúgio de Criatividade e Produtividade<br>Imagine ter um espaço de trabalho onde você se sente bem, com tudo o que precisa ao seu alcance. Com esta mesa, você tem: uma ampla superfície para acomodar seu computador, livros e materiais; um design que combina o charme do vintage com a modernidade do industrial; e a combinação perfeita entre a leveza do branco e o aconchego da madeira no tom canela.<br>Feita para Durar, Pensada para Você<br>A estrutura metálica, com pintura PU que garante resistência e durabilidade, suporta até 60kg com total segurança. O tampo em MDP, com acabamento em pintura touch na cor canela, é fácil de limpar e resistente a riscos. Uma mesa que te acompanha por muitos anos, em todos os seus projetos.<br>Seu Novo Home Office<br>E para sua total tranquilidade, a montagem é simples, com sistema de parafusos Philips e instruções claras. E, claro, você conta com a garantia de 3 meses da Dkadi Decor e com nosso atendimento, sempre pronto para te ajudar. Invista no seu bem-estar e na sua produtividade: adquira agora a sua mesa e transforme seu espaço de trabalho!<br>Características:<br>Modelo: Mesa Secretária Linha Industrial<br>Estilo: Industrial, moderno, vintage<br>Cores Disponíveis: Canela/Branco, Freijó/Preto Fosco<br>Material: Estrutura em Aço, Tampo em MDP<br>Acabamento: Pintura Epóxi (estrutura metálica, resistente à umidade), Pintura Touch (tampo, 7 camadas, textura dos veios da madeira)<br>Dimensões: 76 cm (altura) x 136 cm (largura) x 60 cm (profundidade)<br>Peso Suportado: 60 kg<br>Pés: Metálicos	399.00 BRL		Móveis Morante	new	Canela/Branco	unisex				no	999	Furniture
estante-multiuso-open-branco	Estante Multiuso Open	Multiuso Estante Open, MDP 12mm, material MDP 12mm, novo.<br>Opções de cores: Branco e Nature.<br>📏 Dimensões:<br>1.73 x 0.56 x 0.30	https://moveismorante.com.br/produto/estante-multiuso-open?var=1fa5d433-b04c-40ac-912d-f632a770858f	https://pub-389127050a434f568c29dc66bdce2567.r2.dev/1786541930744-1786541930744.jpg	https://pub-389127050a434f568c29dc66bdce2567.r2.dev/1786541935497-1786541935497.jpg,https://pub-389127050a434f568c29dc66bdce2567.r2.dev/1786541963193-1786541963193.jpg	out of stock	Multiuso Estante Open, MDP 12mm, material MDP 12mm, novo.<br>Opções de cores: Branco e Nature.<br>📏 Dimensões:<br>1.73 x 0.56 x 0.30	299.00 BRL		Móveis Morante	new	Branco	unisex				no	0	Furniture
estante-multiuso-open-nature	Estante Multiuso Open	Multiuso Estante Open, MDP 12mm, material MDP 12mm, novo.<br>Opções de cores: Branco e Nature.<br>📏 Dimensões:<br>1.73 x 0.56 x 0.30	https://moveismorante.com.br/produto/estante-multiuso-open?var=a62d0df2-7ebd-4a68-a9f1-622fb9bc66be	https://pub-389127050a434f568c29dc66bdce2567.r2.dev/1786541932838-1786541932838.jpg	https://pub-389127050a434f568c29dc66bdce2567.r2.dev/1786541966246-1786541966246.jpg,https://pub-389127050a434f568c29dc66bdce2567.r2.dev/1786541938946-1786541938946.jpg	out of stock	Multiuso Estante Open, MDP 12mm, material MDP 12mm, novo.<br>Opções de cores: Branco e Nature.<br>📏 Dimensões:<br>1.73 x 0.56 x 0.30	299.00 BRL		Móveis Morante	new	Nature	unisex				no	0	Furniture
guarda-roupa-toquio-4-portas-2-gavetas-macadamia	Guarda Roupa Toquio 4 Portas 2 Gavetas	Roupeiro Tóquio 4400A 4 Portas e 2 Gavetas Castro, é uma declaração de estilo e qualidade. Sua estrutura resistente, acabamento de alta qualidade e design meticuloso se unem para criar uma peça que transformará qualquer espaço em um ambiente mais elegante e organizado.<br>Com um amplo espaço interno, contando com duas gavetas, com seis portas, o móvel é ideal para organizar suas roupas e acessórios. Este roupeiro é produzido com uma estrutura de MDP, oferecendo durabilidade excepcional para resistir ao teste do tempo. Os fundos em MDF de 3mm adicionam robustez à estrutura, garantindo que seu investimento seja seguro e duradouro<br>📏 Dimensões: 1,08x1,82x0,47 (L x A x P)	https://moveismorante.com.br/produto/guarda-roupa-toquio-4-portas-2-gavetas?var=8ef04424-af30-4d1b-826a-26e4e08471c5	https://pub-389127050a434f568c29dc66bdce2567.r2.dev/1786474706444-1786474706444.jpg	https://pub-389127050a434f568c29dc66bdce2567.r2.dev/1786474723393-1786474723393.jpg,https://pub-389127050a434f568c29dc66bdce2567.r2.dev/1786474713098-1786474713097.jpg,https://pub-389127050a434f568c29dc66bdce2567.r2.dev/1786474714684-1786474714683.jpg	in stock	Roupeiro Tóquio 4400A 4 Portas e 2 Gavetas Castro, é uma declaração de estilo e qualidade. Sua estrutura resistente, acabamento de alta qualidade e design meticuloso se unem para criar uma peça que transformará qualquer espaço em um ambiente mais elegante e organizado.<br>Com um amplo espaço interno, contando com duas gavetas, com seis portas, o móvel é ideal para organizar suas roupas e acessórios. Este roupeiro é produzido com uma estrutura de MDP, oferecendo durabilidade excepcional para resistir ao teste do tempo. Os fundos em MDF de 3mm adicionam robustez à estrutura, garantindo que seu investimento seja seguro e duradouro<br>📏 Dimensões: 1,08x1,82x0,47 (L x A x P)	699.00 BRL		Móveis Morante	new	Macadâmia	unisex				no	999	Furniture
guarda-roupa-toquio-4-portas-2-gavetas-macadamiablanc	Guarda Roupa Toquio 4 Portas 2 Gavetas	Roupeiro Tóquio 4400A 4 Portas e 2 Gavetas Castro, é uma declaração de estilo e qualidade. Sua estrutura resistente, acabamento de alta qualidade e design meticuloso se unem para criar uma peça que transformará qualquer espaço em um ambiente mais elegante e organizado.<br>Com um amplo espaço interno, contando com duas gavetas, com seis portas, o móvel é ideal para organizar suas roupas e acessórios. Este roupeiro é produzido com uma estrutura de MDP, oferecendo durabilidade excepcional para resistir ao teste do tempo. Os fundos em MDF de 3mm adicionam robustez à estrutura, garantindo que seu investimento seja seguro e duradouro<br>📏 Dimensões: 1,08x1,82x0,47 (L x A x P)	https://moveismorante.com.br/produto/guarda-roupa-toquio-4-portas-2-gavetas?var=c69bf7b8-50a1-42c4-b5fa-9f4bb52c1edb	https://pub-389127050a434f568c29dc66bdce2567.r2.dev/1786474716860-1786474716858.jpg	https://pub-389127050a434f568c29dc66bdce2567.r2.dev/1786474719598-1786474719597.jpg,https://pub-389127050a434f568c29dc66bdce2567.r2.dev/1786474713098-1786474713097.jpg	in stock	Roupeiro Tóquio 4400A 4 Portas e 2 Gavetas Castro, é uma declaração de estilo e qualidade. Sua estrutura resistente, acabamento de alta qualidade e design meticuloso se unem para criar uma peça que transformará qualquer espaço em um ambiente mais elegante e organizado.<br>Com um amplo espaço interno, contando com duas gavetas, com seis portas, o móvel é ideal para organizar suas roupas e acessórios. Este roupeiro é produzido com uma estrutura de MDP, oferecendo durabilidade excepcional para resistir ao teste do tempo. Os fundos em MDF de 3mm adicionam robustez à estrutura, garantindo que seu investimento seja seguro e duradouro<br>📏 Dimensões: 1,08x1,82x0,47 (L x A x P)	699.00 BRL		Móveis Morante	new	Macadâmia/Blanc	unisex				no	999	Furniture
guarda-roupa-toquio-4-portas-2-gavetas-branco	Guarda Roupa Toquio 4 Portas 2 Gavetas	Roupeiro Tóquio 4400A 4 Portas e 2 Gavetas Castro, é uma declaração de estilo e qualidade. Sua estrutura resistente, acabamento de alta qualidade e design meticuloso se unem para criar uma peça que transformará qualquer espaço em um ambiente mais elegante e organizado.<br>Com um amplo espaço interno, contando com duas gavetas, com seis portas, o móvel é ideal para organizar suas roupas e acessórios. Este roupeiro é produzido com uma estrutura de MDP, oferecendo durabilidade excepcional para resistir ao teste do tempo. Os fundos em MDF de 3mm adicionam robustez à estrutura, garantindo que seu investimento seja seguro e duradouro<br>📏 Dimensões: 1,08x1,82x0,47 (L x A x P)	https://moveismorante.com.br/produto/guarda-roupa-toquio-4-portas-2-gavetas?var=6956eb90-6bc4-4d19-ab1c-c6e0b30085b7	https://pub-389127050a434f568c29dc66bdce2567.r2.dev/1786474725836-1786474725834.jpg	https://pub-389127050a434f568c29dc66bdce2567.r2.dev/1786474728084-1786474728083.jpg,https://pub-389127050a434f568c29dc66bdce2567.r2.dev/1786474714684-1786474714683.jpg,https://pub-389127050a434f568c29dc66bdce2567.r2.dev/1786474713098-1786474713097.jpg	in stock	Roupeiro Tóquio 4400A 4 Portas e 2 Gavetas Castro, é uma declaração de estilo e qualidade. Sua estrutura resistente, acabamento de alta qualidade e design meticuloso se unem para criar uma peça que transformará qualquer espaço em um ambiente mais elegante e organizado.<br>Com um amplo espaço interno, contando com duas gavetas, com seis portas, o móvel é ideal para organizar suas roupas e acessórios. Este roupeiro é produzido com uma estrutura de MDP, oferecendo durabilidade excepcional para resistir ao teste do tempo. Os fundos em MDF de 3mm adicionam robustez à estrutura, garantindo que seu investimento seja seguro e duradouro<br>📏 Dimensões: 1,08x1,82x0,47 (L x A x P)	699.00 BRL		Móveis Morante	new	Branco	unisex				no	999	Furniture
83c1bc0e-ec3b-4e52-b0c9-f84f6c943a90	Base Box Queen 158	Base Box preto quadriculado, tecido poliéster, cristalflex, 12 pés de madeira, novo<br>📏 Dimensões: 24x158x198	https://moveismorante.com.br/produto/base-box-queen-158	https://pub-389127050a434f568c29dc66bdce2567.r2.dev/1786462966167-1786462966167.jpg	https://pub-389127050a434f568c29dc66bdce2567.r2.dev/1786462968737-1786462968734.jpg,https://pub-389127050a434f568c29dc66bdce2567.r2.dev/1786462971220-1786462971219.jpg,https://pub-389127050a434f568c29dc66bdce2567.r2.dev/1786462982315-1786462982314.jpg	in stock	Base Box preto quadriculado, tecido poliéster, cristalflex, 12 pés de madeira, novo<br>📏 Dimensões: 24x158x198	599.00 BRL		Móveis Morante	new		unisex				no	10	Furniture
b2d4bed1-b2af-4c96-b778-64ffbb6cfcf7	Pia Inox 1,20 com Válvula Inoxsul Infinity	-Durabilidade e Resistência Extra: Fabricada em aço inox e acabamento 2B, essa pia é projetada para resistir ao uso diário e manter sua aparência impecável.<br>-Leveza e Facilidade de Instalação: Considerada a pia concretada mais leve do mercado, é até 30% mais leve e 30% mais resistente, facilitando a instalação e o transporte.<br>-Ampla Área de Trabalho e Ótima Vazão: O furo da válvula descentralizado oferece mais espaço na bancada e garante uma excelente vazão de água, ideal para o uso eficiente no dia a dia.<br>-Estilo Moderno e Sofisticado: Inspirada no design americano e europeu, com acabamento refinado que confere elegância à sua cozinha.<br>Características Técnicas:<br>-Dimensões do Produto: 120cm x 53cm x 4cm (C x L x P).<br>-Dimensões das Cubas: 40cm x 34cm x 12cm (C x L x P).<br>-Material: Aço inox 430 de 0,4mm com acabamento 2B.	https://moveismorante.com.br/produto/pia-inox-120-com-valvula-inoxsul-infinity	https://pub-389127050a434f568c29dc66bdce2567.r2.dev/1786476630136-1786476630135.jpg	https://pub-389127050a434f568c29dc66bdce2567.r2.dev/1786476632428-1786476632428.jpg,https://pub-389127050a434f568c29dc66bdce2567.r2.dev/1786476635374-1786476635374.jpg,https://pub-389127050a434f568c29dc66bdce2567.r2.dev/1786476637923-1786476637922.jpg,https://pub-389127050a434f568c29dc66bdce2567.r2.dev/1786476641872-1786476641872.jpg	in stock	-Durabilidade e Resistência Extra: Fabricada em aço inox e acabamento 2B, essa pia é projetada para resistir ao uso diário e manter sua aparência impecável.<br>-Leveza e Facilidade de Instalação: Considerada a pia concretada mais leve do mercado, é até 30% mais leve e 30% mais resistente, facilitando a instalação e o transporte.<br>-Ampla Área de Trabalho e Ótima Vazão: O furo da válvula descentralizado oferece mais espaço na bancada e garante uma excelente vazão de água, ideal para o uso eficiente no dia a dia.<br>-Estilo Moderno e Sofisticado: Inspirada no design americano e europeu, com acabamento refinado que confere elegância à sua cozinha.<br>Características Técnicas:<br>-Dimensões do Produto: 120cm x 53cm x 4cm (C x L x P).<br>-Dimensões das Cubas: 40cm x 34cm x 12cm (C x L x P).<br>-Material: Aço inox 430 de 0,4mm com acabamento 2B.	299.00 BRL		Móveis Morante	new		unisex				no	10	Furniture
armario-aereo-florenca-3-portas-120-100-mdf-canary	Armário Aéreo Florença 3 Portas 1,20 100% MDF	Armário Aéreo 3 Portas Em MDF Florença Móveis sul<br>O Aéreo de 120 cm é feito totalmente em MDF, com acabamento em pintura UV. Ele inclui uma prateleira interna, proporcionando espaço adicional para armazenamento ou exibição de itens. Esse tipo de móvel é geralmente utilizado em cozinhas, áreas de serviço ou mesmo em escritórios, ajudando a maximizar o espaço vertical disponível.<br>Características:<br>Fabricado em 100% MDF<br>Acabamento em pintura uv<br>Possui prateleira interna<br>Dimensões:<br>Altura: 61 cm<br>Largura: 120 cm<br>Profundidade: 32 cm<br>Peso: 20,90 kg	https://moveismorante.com.br/produto/armario-aereo-florenca-3-portas-120-100-mdf?var=9590d46d-84dd-4440-9497-fe746633e866	https://pub-389127050a434f568c29dc66bdce2567.r2.dev/1786478813627-1786478813627.jpg	https://pub-389127050a434f568c29dc66bdce2567.r2.dev/1786478816508-1786478816506.jpg,https://pub-389127050a434f568c29dc66bdce2567.r2.dev/1786478818474-1786478818473.jpg	in stock	Armário Aéreo 3 Portas Em MDF Florença Móveis sul<br>O Aéreo de 120 cm é feito totalmente em MDF, com acabamento em pintura UV. Ele inclui uma prateleira interna, proporcionando espaço adicional para armazenamento ou exibição de itens. Esse tipo de móvel é geralmente utilizado em cozinhas, áreas de serviço ou mesmo em escritórios, ajudando a maximizar o espaço vertical disponível.<br>Características:<br>Fabricado em 100% MDF<br>Acabamento em pintura uv<br>Possui prateleira interna<br>Dimensões:<br>Altura: 61 cm<br>Largura: 120 cm<br>Profundidade: 32 cm<br>Peso: 20,90 kg	399.00 BRL		Móveis Morante	new	Canary	unisex				no	999	Furniture
armario-aereo-florenca-3-portas-120-100-mdf-angelin	Armário Aéreo Florença 3 Portas 1,20 100% MDF	Armário Aéreo 3 Portas Em MDF Florença Móveis sul<br>O Aéreo de 120 cm é feito totalmente em MDF, com acabamento em pintura UV. Ele inclui uma prateleira interna, proporcionando espaço adicional para armazenamento ou exibição de itens. Esse tipo de móvel é geralmente utilizado em cozinhas, áreas de serviço ou mesmo em escritórios, ajudando a maximizar o espaço vertical disponível.<br>Características:<br>Fabricado em 100% MDF<br>Acabamento em pintura uv<br>Possui prateleira interna<br>Dimensões:<br>Altura: 61 cm<br>Largura: 120 cm<br>Profundidade: 32 cm<br>Peso: 20,90 kg	https://moveismorante.com.br/produto/armario-aereo-florenca-3-portas-120-100-mdf?var=ed1c6ed0-c46c-4853-a533-38239e7b8e25	https://pub-389127050a434f568c29dc66bdce2567.r2.dev/1786478821511-1786478821510.jpg	https://pub-389127050a434f568c29dc66bdce2567.r2.dev/1786478823688-1786478823688.jpg,https://pub-389127050a434f568c29dc66bdce2567.r2.dev/1786478825759-1786478825758.jpg	in stock	Armário Aéreo 3 Portas Em MDF Florença Móveis sul<br>O Aéreo de 120 cm é feito totalmente em MDF, com acabamento em pintura UV. Ele inclui uma prateleira interna, proporcionando espaço adicional para armazenamento ou exibição de itens. Esse tipo de móvel é geralmente utilizado em cozinhas, áreas de serviço ou mesmo em escritórios, ajudando a maximizar o espaço vertical disponível.<br>Características:<br>Fabricado em 100% MDF<br>Acabamento em pintura uv<br>Possui prateleira interna<br>Dimensões:<br>Altura: 61 cm<br>Largura: 120 cm<br>Profundidade: 32 cm<br>Peso: 20,90 kg	399.00 BRL		Móveis Morante	new	Angelin	unisex				no	999	Furniture
7e441973-5f88-4aae-b959-fface8558ab8	Colchão de Espuma para Casal D20 SUPREME Gazin	Colchão de espuma, cinza/branco casal D20, Gazin, 100% poliéster, novo<br>12x138x188	https://moveismorante.com.br/produto/colchao-de-espuma-para-casal-d20-supreme-gazin	https://pub-389127050a434f568c29dc66bdce2567.r2.dev/1786471074483-1786471074482.jpg	https://pub-389127050a434f568c29dc66bdce2567.r2.dev/1786471077668-1786471077668.jpg,https://pub-389127050a434f568c29dc66bdce2567.r2.dev/1786471081951-1786471081951.jpg,https://pub-389127050a434f568c29dc66bdce2567.r2.dev/1786471086029-1786471086028.jpg	in stock	Colchão de espuma, cinza/branco casal D20, Gazin, 100% poliéster, novo<br>12x138x188	399.00 BRL		Móveis Morante	new		unisex				no	10	Furniture
ac45af8d-36d2-42d3-a89f-1fd00b02f33b	Penteadeira Camarim Sonhos com Espelho	Penteadeira Camarim com Espelho Led 5 Gavetas 1 Porta Sonhos Moval<br>A penteadeira Camarim Sonhos da Moval foi pensada para caber no seu espaço. Além de oferecer o requinte ideal para seu momento de cuidados com a beleza, ela tem iluminação em LED, com espelho e 5 gavetas no total, sendo uma central com divisor para melhor organizar os seus pertences, e mais 3 gavetas com corrediças telescópicas. Também tem 1 porta, possui puxadores modernos na cor bronze que casam perfeitamente com o estilo do produto. Feita em MDP com revestimento UV alto brilho que garante beleza e maior durabilidade do produto. Qualidade que a Moval traz para você.<br>Largura: 121 cm;<br>Altura: 137 cm;<br>Profundidade: 48 cm;	https://moveismorante.com.br/produto/penteadeira-camarim-sonhos-com-espelho	https://pub-389127050a434f568c29dc66bdce2567.r2.dev/1786472864380-1786472864379.jpg	https://pub-389127050a434f568c29dc66bdce2567.r2.dev/1786472866692-1786472866692.jpg,https://pub-389127050a434f568c29dc66bdce2567.r2.dev/1786472868879-1786472868878.jpg,https://pub-389127050a434f568c29dc66bdce2567.r2.dev/1786472871551-1786472871550.jpg,https://pub-389127050a434f568c29dc66bdce2567.r2.dev/1786472874459-1786472874458.jpg	in stock	Penteadeira Camarim com Espelho Led 5 Gavetas 1 Porta Sonhos Moval<br>A penteadeira Camarim Sonhos da Moval foi pensada para caber no seu espaço. Além de oferecer o requinte ideal para seu momento de cuidados com a beleza, ela tem iluminação em LED, com espelho e 5 gavetas no total, sendo uma central com divisor para melhor organizar os seus pertences, e mais 3 gavetas com corrediças telescópicas. Também tem 1 porta, possui puxadores modernos na cor bronze que casam perfeitamente com o estilo do produto. Feita em MDP com revestimento UV alto brilho que garante beleza e maior durabilidade do produto. Qualidade que a Moval traz para você.<br>Largura: 121 cm;<br>Altura: 137 cm;<br>Profundidade: 48 cm;	849.00 BRL		Móveis Morante	new		unisex				no	10	Furniture
mesa-2-bancos-com-pes-de-ferro-canelabranco	Mesa 2 Bancos com Pés de Ferro	Com um design moderno e funcional, essa mesa de 136 cm é a escolha perfeita para transformar seu ambiente. Sua estrutura conta com uma base de metal e acabamento fosco e tampo de MDP de 15mm, garantindo um visual sofisticado. Acompanha dois bancos produzidos em metal e MDP, com pintura touch que oferece um toque agradável. Ideal para compor salas de jantar, varandas ou espaços gourmet com muito estilo e praticidade.Este móvel chegará em sua casa separado em 01 volume.<br>Dimensões:<br>Altura: 76 cm<br>Largura: 136 cm<br>Profundidade: 72 cm<br>Especificações Técnicas:<br>Materiais: Estrutura em Metal e Base em MDP<br>Estilo: Industrial<br>Peso máximo suportado: 60kg (Mesa) e 210kg (Cada banco)<br>Uma mesa pensada para celebrar momentos bons, com estética e o prazer cotidiano.	https://moveismorante.com.br/produto/mesa-2-bancos-com-pes-de-ferro?var=8b97f03a-0c7c-4df7-a85f-79ac107151a7	https://pub-389127050a434f568c29dc66bdce2567.r2.dev/1786480544509-1786480544506.jpg	https://pub-389127050a434f568c29dc66bdce2567.r2.dev/1786480560399-1786480560399.jpg,https://pub-389127050a434f568c29dc66bdce2567.r2.dev/1786480555947-1786480555947.jpg,https://pub-389127050a434f568c29dc66bdce2567.r2.dev/1786480563347-1786480563346.jpg,https://pub-389127050a434f568c29dc66bdce2567.r2.dev/1786480566407-1786480566405.jpg,https://pub-389127050a434f568c29dc66bdce2567.r2.dev/1786480577685-1786480577684.jpg	in stock	Com um design moderno e funcional, essa mesa de 136 cm é a escolha perfeita para transformar seu ambiente. Sua estrutura conta com uma base de metal e acabamento fosco e tampo de MDP de 15mm, garantindo um visual sofisticado. Acompanha dois bancos produzidos em metal e MDP, com pintura touch que oferece um toque agradável. Ideal para compor salas de jantar, varandas ou espaços gourmet com muito estilo e praticidade.Este móvel chegará em sua casa separado em 01 volume.<br>Dimensões:<br>Altura: 76 cm<br>Largura: 136 cm<br>Profundidade: 72 cm<br>Especificações Técnicas:<br>Materiais: Estrutura em Metal e Base em MDP<br>Estilo: Industrial<br>Peso máximo suportado: 60kg (Mesa) e 210kg (Cada banco)<br>Uma mesa pensada para celebrar momentos bons, com estética e o prazer cotidiano.	749.00 BRL	699.00 BRL	Móveis Morante	new	Canela/Branco	unisex				no	999	Furniture
mesa-2-bancos-com-pes-de-ferro-freijopreto	Mesa 2 Bancos com Pés de Ferro	Com um design moderno e funcional, essa mesa de 136 cm é a escolha perfeita para transformar seu ambiente. Sua estrutura conta com uma base de metal e acabamento fosco e tampo de MDP de 15mm, garantindo um visual sofisticado. Acompanha dois bancos produzidos em metal e MDP, com pintura touch que oferece um toque agradável. Ideal para compor salas de jantar, varandas ou espaços gourmet com muito estilo e praticidade.Este móvel chegará em sua casa separado em 01 volume.<br>Dimensões:<br>Altura: 76 cm<br>Largura: 136 cm<br>Profundidade: 72 cm<br>Especificações Técnicas:<br>Materiais: Estrutura em Metal e Base em MDP<br>Estilo: Industrial<br>Peso máximo suportado: 60kg (Mesa) e 210kg (Cada banco)<br>Uma mesa pensada para celebrar momentos bons, com estética e o prazer cotidiano.	https://moveismorante.com.br/produto/mesa-2-bancos-com-pes-de-ferro?var=3a0b43ac-ca04-4970-9854-1d4b51203118	https://pub-389127050a434f568c29dc66bdce2567.r2.dev/1786480548088-1786480548087.jpg	https://pub-389127050a434f568c29dc66bdce2567.r2.dev/1786480549740-1786480549739.jpg,https://pub-389127050a434f568c29dc66bdce2567.r2.dev/1786480553422-1786480553421.jpg,https://pub-389127050a434f568c29dc66bdce2567.r2.dev/1786480555947-1786480555947.jpg,https://pub-389127050a434f568c29dc66bdce2567.r2.dev/1786480570017-1786480570014.jpg	in stock	Com um design moderno e funcional, essa mesa de 136 cm é a escolha perfeita para transformar seu ambiente. Sua estrutura conta com uma base de metal e acabamento fosco e tampo de MDP de 15mm, garantindo um visual sofisticado. Acompanha dois bancos produzidos em metal e MDP, com pintura touch que oferece um toque agradável. Ideal para compor salas de jantar, varandas ou espaços gourmet com muito estilo e praticidade.Este móvel chegará em sua casa separado em 01 volume.<br>Dimensões:<br>Altura: 76 cm<br>Largura: 136 cm<br>Profundidade: 72 cm<br>Especificações Técnicas:<br>Materiais: Estrutura em Metal e Base em MDP<br>Estilo: Industrial<br>Peso máximo suportado: 60kg (Mesa) e 210kg (Cada banco)<br>Uma mesa pensada para celebrar momentos bons, com estética e o prazer cotidiano.	749.00 BRL	699.00 BRL	Móveis Morante	new	Freijó/Preto	unisex				no	999	Furniture
balcao-florenca-para-cooktop-4-e-5-bocas-100-mdf-canaryoffwhite	Balcão Florença para Cooktop 4 e 5 Bocas 100% MDF	Balcão para Cooktop 4 Bocas 2 Portas Em MDF Florença Móveis Sul<br>O Balcão para Cooktop 4 Bocas da linha Florença, da Móveis Sul, é produzido em 100% MDF, garantindo resistência e durabilidade. Conta com 2 portas que oferecem espaço interno para organização de utensílios e mantimentos. Seu design funcional e moderno é ideal para compor cozinhas práticas e bem planejadas. O acabamento em pintura UV proporciona maior proteção e um visual sofisticado ao móvel, tornando-o uma excelente escolha para o dia a dia.<br>Características:<br>Estrutura em MDF<br>2 Portas<br>Indicação de espaço para um cooktop de 4 bocas<br>Prateleira<br>Pés<br>Dimensões:<br>Altura: 90 cm<br>Largura: 80 cm<br>Profundidade: 53 cm<br>Peso: 27,00 kg	https://moveismorante.com.br/produto/balcao-florenca-para-cooktop-4-e-5-bocas-100-mdf?var=534656a6-b38f-4fda-907c-033e7a93fca4	https://pub-389127050a434f568c29dc66bdce2567.r2.dev/1786477941452-1786477941451.jpg	https://pub-389127050a434f568c29dc66bdce2567.r2.dev/1786477944084-1786477944084.jpg,https://pub-389127050a434f568c29dc66bdce2567.r2.dev/1786477954480-1786477954480.jpg	in stock	Balcão para Cooktop 4 Bocas 2 Portas Em MDF Florença Móveis Sul<br>O Balcão para Cooktop 4 Bocas da linha Florença, da Móveis Sul, é produzido em 100% MDF, garantindo resistência e durabilidade. Conta com 2 portas que oferecem espaço interno para organização de utensílios e mantimentos. Seu design funcional e moderno é ideal para compor cozinhas práticas e bem planejadas. O acabamento em pintura UV proporciona maior proteção e um visual sofisticado ao móvel, tornando-o uma excelente escolha para o dia a dia.<br>Características:<br>Estrutura em MDF<br>2 Portas<br>Indicação de espaço para um cooktop de 4 bocas<br>Prateleira<br>Pés<br>Dimensões:<br>Altura: 90 cm<br>Largura: 80 cm<br>Profundidade: 53 cm<br>Peso: 27,00 kg	399.00 BRL		Móveis Morante	new	Canary/Off White	unisex				no	999	Furniture
balcao-florenca-para-cooktop-4-e-5-bocas-100-mdf-angelincinza	Balcão Florença para Cooktop 4 e 5 Bocas 100% MDF	Balcão para Cooktop 4 Bocas 2 Portas Em MDF Florença Móveis Sul<br>O Balcão para Cooktop 4 Bocas da linha Florença, da Móveis Sul, é produzido em 100% MDF, garantindo resistência e durabilidade. Conta com 2 portas que oferecem espaço interno para organização de utensílios e mantimentos. Seu design funcional e moderno é ideal para compor cozinhas práticas e bem planejadas. O acabamento em pintura UV proporciona maior proteção e um visual sofisticado ao móvel, tornando-o uma excelente escolha para o dia a dia.<br>Características:<br>Estrutura em MDF<br>2 Portas<br>Indicação de espaço para um cooktop de 4 bocas<br>Prateleira<br>Pés<br>Dimensões:<br>Altura: 90 cm<br>Largura: 80 cm<br>Profundidade: 53 cm<br>Peso: 27,00 kg	https://moveismorante.com.br/produto/balcao-florenca-para-cooktop-4-e-5-bocas-100-mdf?var=1fe01322-4687-43de-b877-baa3714e574b	https://pub-389127050a434f568c29dc66bdce2567.r2.dev/1786478023580-1786478023579.jpg	https://pub-389127050a434f568c29dc66bdce2567.r2.dev/1786478026637-1786478026635.jpg,https://pub-389127050a434f568c29dc66bdce2567.r2.dev/1786478038118-1786478038117.jpg	in stock	Balcão para Cooktop 4 Bocas 2 Portas Em MDF Florença Móveis Sul<br>O Balcão para Cooktop 4 Bocas da linha Florença, da Móveis Sul, é produzido em 100% MDF, garantindo resistência e durabilidade. Conta com 2 portas que oferecem espaço interno para organização de utensílios e mantimentos. Seu design funcional e moderno é ideal para compor cozinhas práticas e bem planejadas. O acabamento em pintura UV proporciona maior proteção e um visual sofisticado ao móvel, tornando-o uma excelente escolha para o dia a dia.<br>Características:<br>Estrutura em MDF<br>2 Portas<br>Indicação de espaço para um cooktop de 4 bocas<br>Prateleira<br>Pés<br>Dimensões:<br>Altura: 90 cm<br>Largura: 80 cm<br>Profundidade: 53 cm<br>Peso: 27,00 kg	399.00 BRL		Móveis Morante	new	Angelin/Cinza	unisex				no	999	Furniture
e057139c-dfc8-463e-b1ba-9870a6de8048	Colchão Casal 138cm Espuma D28 Confort Liso Soft Gazin	O Colchão Casal 138X188cm Espuma D28 Confort Soft Liso Gazin, tem seu revestimento superior em tecido poliéster, tecido 100 sintético. Por ser sintético não é propenso ao acúmulo de poeira e materiais orgânico, além de ser de fácil higienização. Produto com ótimo custo benefício.<br>Descrição:<br>Material: poliéster<br>Espuma: flexível convencional poliuretana<br>Material sintético e de baixa deformação permanente.<br>Densidade D28<br>Suporta o peso máximo de 90kg<br>Dimensões:<br>Altura: 14 cm<br>Largura: 138 cm<br>Profundidade: 188 cm<br>Peso: 9 kg	https://moveismorante.com.br/produto/colchao-casal-138cm-espuma-d28-confort-liso-soft-gazin	https://pub-389127050a434f568c29dc66bdce2567.r2.dev/1786471351475-1786471351474.jpg	https://pub-389127050a434f568c29dc66bdce2567.r2.dev/1786471354781-1786471354780.jpg,https://pub-389127050a434f568c29dc66bdce2567.r2.dev/1786471357172-1786471357172.jpg,https://pub-389127050a434f568c29dc66bdce2567.r2.dev/1786471359936-1786471359935.jpg	in stock	O Colchão Casal 138X188cm Espuma D28 Confort Soft Liso Gazin, tem seu revestimento superior em tecido poliéster, tecido 100 sintético. Por ser sintético não é propenso ao acúmulo de poeira e materiais orgânico, além de ser de fácil higienização. Produto com ótimo custo benefício.<br>Descrição:<br>Material: poliéster<br>Espuma: flexível convencional poliuretana<br>Material sintético e de baixa deformação permanente.<br>Densidade D28<br>Suporta o peso máximo de 90kg<br>Dimensões:<br>Altura: 14 cm<br>Largura: 138 cm<br>Profundidade: 188 cm<br>Peso: 9 kg	699.00 BRL		Móveis Morante	new		unisex				no	10	Furniture
140ed5fd-0228-4261-a07f-91318b605867	Armário Aéreo 1,59 4 Portas JK	‼️Fazemos tbm serviço fixar o armário na parede por 50 reais‼️<br>Armário aéreo 1,60 4 Portas JK, em mdp, prateleira, acompanha ferragens para instalação na parede<br> <br>Dimensões: 159x31,5x60(LXPXA)	https://moveismorante.com.br/produto/armario-aereo-159-4-portas-jk	https://pub-389127050a434f568c29dc66bdce2567.r2.dev/1786463262013-1786463262012.jpg	https://pub-389127050a434f568c29dc66bdce2567.r2.dev/1786463269232-1786463269231.jpg,https://pub-389127050a434f568c29dc66bdce2567.r2.dev/1786463272322-1786463272322.jpg	in stock	‼️Fazemos tbm serviço fixar o armário na parede por 50 reais‼️<br>Armário aéreo 1,60 4 Portas JK, em mdp, prateleira, acompanha ferragens para instalação na parede<br> <br>Dimensões: 159x31,5x60(LXPXA)	449.00 BRL		Móveis Morante	new		unisex				no	10	Furniture
guarda-roupa-210-sonata-6-portas-branco	Guarda Roupa 2,10 Sonata 6 Portas	O Guarda Roupa Casal 6 Portas Sonata Móveis Castro, oferece um amplo espaço e perfeita distribuição interna, qualidade e beleza. Fabricado em MDP, com cabides e prateleiras para organizar suas roupas e acessórios.<br> <br> <br>Características:<br>Estrutura em MDP<br>Amplo espaço interno<br>2 Gavetas c/ corrediças telescópicas<br>Cabideiro de madeira<br>Prateleira<br>Peso por prateleira de até 5kg<br> <br> <br>Dimensões:<br>Altura: 218 cm<br>Largura: 210 cm<br>Profundidade: 47 cm<br>Peso: 34,1 kg	https://moveismorante.com.br/produto/guarda-roupa-210-sonata-6-portas?var=c9c607cf-ff81-4c25-a14f-bc5df905db17	https://pub-389127050a434f568c29dc66bdce2567.r2.dev/1786496114861-1786496114861.jpg	https://pub-389127050a434f568c29dc66bdce2567.r2.dev/1786496132254-1786496132254.jpg	in stock	O Guarda Roupa Casal 6 Portas Sonata Móveis Castro, oferece um amplo espaço e perfeita distribuição interna, qualidade e beleza. Fabricado em MDP, com cabides e prateleiras para organizar suas roupas e acessórios.<br> <br> <br>Características:<br>Estrutura em MDP<br>Amplo espaço interno<br>2 Gavetas c/ corrediças telescópicas<br>Cabideiro de madeira<br>Prateleira<br>Peso por prateleira de até 5kg<br> <br> <br>Dimensões:<br>Altura: 218 cm<br>Largura: 210 cm<br>Profundidade: 47 cm<br>Peso: 34,1 kg	1549.00 BRL		Móveis Morante	new	Branco	unisex				no	999	Furniture
guarda-roupa-210-sonata-6-portas-angelintitanio	Guarda Roupa 2,10 Sonata 6 Portas	O Guarda Roupa Casal 6 Portas Sonata Móveis Castro, oferece um amplo espaço e perfeita distribuição interna, qualidade e beleza. Fabricado em MDP, com cabides e prateleiras para organizar suas roupas e acessórios.<br> <br> <br>Características:<br>Estrutura em MDP<br>Amplo espaço interno<br>2 Gavetas c/ corrediças telescópicas<br>Cabideiro de madeira<br>Prateleira<br>Peso por prateleira de até 5kg<br> <br> <br>Dimensões:<br>Altura: 218 cm<br>Largura: 210 cm<br>Profundidade: 47 cm<br>Peso: 34,1 kg	https://moveismorante.com.br/produto/guarda-roupa-210-sonata-6-portas?var=22ed8a08-763e-4169-b22a-b2c83da2c024	https://pub-389127050a434f568c29dc66bdce2567.r2.dev/1786496126019-1786496126019.jpg	https://pub-389127050a434f568c29dc66bdce2567.r2.dev/1786496122764-1786496122764.jpg,https://pub-389127050a434f568c29dc66bdce2567.r2.dev/1786496119226-1786496119226.jpg	in stock	O Guarda Roupa Casal 6 Portas Sonata Móveis Castro, oferece um amplo espaço e perfeita distribuição interna, qualidade e beleza. Fabricado em MDP, com cabides e prateleiras para organizar suas roupas e acessórios.<br> <br> <br>Características:<br>Estrutura em MDP<br>Amplo espaço interno<br>2 Gavetas c/ corrediças telescópicas<br>Cabideiro de madeira<br>Prateleira<br>Peso por prateleira de até 5kg<br> <br> <br>Dimensões:<br>Altura: 218 cm<br>Largura: 210 cm<br>Profundidade: 47 cm<br>Peso: 34,1 kg	1549.00 BRL		Móveis Morante	new	Angelin/Titânio	unisex				no	999	Furniture
77725a3f-d9f6-4761-b201-007728772a00	Guarda Roupa Moscou 3 Portas	Roupeiro Moscou 3 Portas e 2 Gavetas Castro, é uma declaração de estilo e qualidade. Sua estrutura resistente, acabamento de alta qualidade e design meticuloso se unem para criar uma peça que transformará qualquer espaço em um ambiente mais elegante e organizado.<br>Com um amplo espaço interno, contando com duas gavetas, com seis portas, o móvel é ideal para organizar suas roupas e acessórios. Este roupeiro é produzido com uma estrutura de MDP, oferecendo durabilidade excepcional para resistir ao teste do tempo. Os fundos em MDF de 3mm adicionam robustez à estrutura, garantindo que seu investimento seja seguro e duradouro.<br>81,4 x 182,25 x 47 cm ( LxAxP )	https://moveismorante.com.br/produto/guarda-roupa-moscou-3-portas	https://pub-389127050a434f568c29dc66bdce2567.r2.dev/1786475027869-1786475027868.jpg	https://pub-389127050a434f568c29dc66bdce2567.r2.dev/1786475030202-1786475030202.jpg,https://pub-389127050a434f568c29dc66bdce2567.r2.dev/1786475710850-1786475710849.jpg,https://pub-389127050a434f568c29dc66bdce2567.r2.dev/1786475714302-1786475714302.jpg	in stock	Roupeiro Moscou 3 Portas e 2 Gavetas Castro, é uma declaração de estilo e qualidade. Sua estrutura resistente, acabamento de alta qualidade e design meticuloso se unem para criar uma peça que transformará qualquer espaço em um ambiente mais elegante e organizado.<br>Com um amplo espaço interno, contando com duas gavetas, com seis portas, o móvel é ideal para organizar suas roupas e acessórios. Este roupeiro é produzido com uma estrutura de MDP, oferecendo durabilidade excepcional para resistir ao teste do tempo. Os fundos em MDF de 3mm adicionam robustez à estrutura, garantindo que seu investimento seja seguro e duradouro.<br>81,4 x 182,25 x 47 cm ( LxAxP )	599.00 BRL	479.00 BRL	Móveis Morante	new		unisex				no	10	Furniture
557307cf-133d-4f39-a0d9-26c197c3bbe1	Pia de Granito Impermeabilizada com Valvula	Pia de Granito com cuba de inox, acompanha válvula, pia Impermeabilizada.<br>Dimensões:<br>Altura: 14,5 cm<br>Largura: 120 cm<br>Profundidade: 55,5 cm	https://moveismorante.com.br/produto/pia-de-granito-impermeabilizada-com-valvula	https://pub-389127050a434f568c29dc66bdce2567.r2.dev/1786476789399-1786476789399.jpg	https://pub-389127050a434f568c29dc66bdce2567.r2.dev/1786476792092-1786476792090.jpg,https://pub-389127050a434f568c29dc66bdce2567.r2.dev/1786476797384-1786476797383.jpg,https://pub-389127050a434f568c29dc66bdce2567.r2.dev/1786476801921-1786476801921.jpg,https://pub-389127050a434f568c29dc66bdce2567.r2.dev/1786476805185-1786476805185.jpg	in stock	Pia de Granito com cuba de inox, acompanha válvula, pia Impermeabilizada.<br>Dimensões:<br>Altura: 14,5 cm<br>Largura: 120 cm<br>Profundidade: 55,5 cm	649.00 BRL		Móveis Morante	new		unisex				no	10	Furniture
b52f7fa5-a823-4a0a-8926-d683d7eb4aae	Cômoda Lille 3 Gavetas 1 Porta 1 Sapateira	Cômoda LILLE 3 Gavetas 1 Porta 1 Sapateira – Castro Móveis<br>A Cômoda LILLE da Castro Móveis é a escolha ideal para quem precisa de organização sem abrir mão da beleza. Com um design funcional, ela conta com 3 gavetas espaçosas, 1 porta lateral e uma sapateira discreta, perfeita para manter tudo no lugar.<br>Construída com materiais de qualidade, possui corrediças metálicas para maior durabilidade e puxadores em MDF que combinam com qualquer ambiente. Seja no quarto, no closet ou em qualquer outro cômodo, essa cômoda entrega o equilíbrio entre praticidade e estilo.<br>Especificações:<br>Marca: Castro Móveis<br>Modelo: LILLE<br>Medidas: 93,8 cm (L) x 44,8 cm (P) x 92,5 cm (A)<br>Composição: 3 gavetas, 1 porta e 1 sapateira<br>Corrediças: Metálicas<br>Puxadores: MDF<br>Organização com estilo, direto de uma marca com mais de 90 anos de tradição.	https://moveismorante.com.br/produto/comoda-lille-3-gavetas-1-porta-1-sapateira	https://pub-389127050a434f568c29dc66bdce2567.r2.dev/1786498017446-1786498017446.jpg	https://pub-389127050a434f568c29dc66bdce2567.r2.dev/1786498020031-1786498020031.jpg,https://pub-389127050a434f568c29dc66bdce2567.r2.dev/1786498023090-1786498023090.jpg,https://pub-389127050a434f568c29dc66bdce2567.r2.dev/1786498026430-1786498026430.jpg,https://pub-389127050a434f568c29dc66bdce2567.r2.dev/1786498029836-1786498029836.jpg	in stock	Cômoda LILLE 3 Gavetas 1 Porta 1 Sapateira – Castro Móveis<br>A Cômoda LILLE da Castro Móveis é a escolha ideal para quem precisa de organização sem abrir mão da beleza. Com um design funcional, ela conta com 3 gavetas espaçosas, 1 porta lateral e uma sapateira discreta, perfeita para manter tudo no lugar.<br>Construída com materiais de qualidade, possui corrediças metálicas para maior durabilidade e puxadores em MDF que combinam com qualquer ambiente. Seja no quarto, no closet ou em qualquer outro cômodo, essa cômoda entrega o equilíbrio entre praticidade e estilo.<br>Especificações:<br>Marca: Castro Móveis<br>Modelo: LILLE<br>Medidas: 93,8 cm (L) x 44,8 cm (P) x 92,5 cm (A)<br>Composição: 3 gavetas, 1 porta e 1 sapateira<br>Corrediças: Metálicas<br>Puxadores: MDF<br>Organização com estilo, direto de uma marca com mais de 90 anos de tradição.	449.00 BRL		Móveis Morante	new		unisex				no	10	Furniture
aea7f3a0-44dc-49e6-87aa-2b6c8ebe3340	Pia Inox 1,20 com Válvula e Furo para Torneira Inoxsul Infinity	Furo para torneira centralizado incluso - tamanho padrão.<br>-Durabilidade e Resistência Extra: Fabricada em aço inox e acabamento 2B, essa pia é projetada para resistir ao uso diário e manter sua aparência impecável.<br>-Leveza e Facilidade de Instalação: Considerada a pia concretada mais leve do mercado, é até 30% mais leve e 30% mais resistente, facilitando a instalação e o transporte.<br>-Ampla Área de Trabalho e Ótima Vazão: O furo da válvula descentralizado oferece mais espaço na bancada e garante uma excelente vazão de água, ideal para o uso eficiente no dia a dia.<br>-Estilo Moderno e Sofisticado: Inspirada no design americano e europeu, com acabamento refinado que confere elegância à sua cozinha.<br>Características Técnicas:<br>-Dimensões do Produto: 120cm x 53cm x 4cm (C x L x P).<br>-Dimensões das Cubas: 40cm x 34cm x 12cm (C x L x P).<br>-Material: Aço inox 430 de 0,4mm com acabamento 2B.	https://moveismorante.com.br/produto/pia-inox-120-com-valvula-e-furo-para-torneira-inoxsul-infinity	https://pub-389127050a434f568c29dc66bdce2567.r2.dev/1786403737672-1786403737671.jpg	https://pub-389127050a434f568c29dc66bdce2567.r2.dev/1786403756250-1786403756250.jpg,https://pub-389127050a434f568c29dc66bdce2567.r2.dev/1786403741203-1786403741203.jpg,https://pub-389127050a434f568c29dc66bdce2567.r2.dev/1786403745219-1786403745218.jpg,https://pub-389127050a434f568c29dc66bdce2567.r2.dev/1786403751329-1786403751329.jpg	in stock	Furo para torneira centralizado incluso - tamanho padrão.<br>-Durabilidade e Resistência Extra: Fabricada em aço inox e acabamento 2B, essa pia é projetada para resistir ao uso diário e manter sua aparência impecável.<br>-Leveza e Facilidade de Instalação: Considerada a pia concretada mais leve do mercado, é até 30% mais leve e 30% mais resistente, facilitando a instalação e o transporte.<br>-Ampla Área de Trabalho e Ótima Vazão: O furo da válvula descentralizado oferece mais espaço na bancada e garante uma excelente vazão de água, ideal para o uso eficiente no dia a dia.<br>-Estilo Moderno e Sofisticado: Inspirada no design americano e europeu, com acabamento refinado que confere elegância à sua cozinha.<br>Características Técnicas:<br>-Dimensões do Produto: 120cm x 53cm x 4cm (C x L x P).<br>-Dimensões das Cubas: 40cm x 34cm x 12cm (C x L x P).<br>-Material: Aço inox 430 de 0,4mm com acabamento 2B.	349.00 BRL		Móveis Morante	new		unisex				no	10	Furniture
paneleiro-45cm-pop-para-cozinha-freijobaunilha	Paneleiro 45cm Pop para Cozinha	Paneleiro em MDP 15mm, dobradiça 26mm, puxador MDF, pés ABS com regulagem de altura<br>2,15m X 0,45m X 0,53m (A X L X P)	https://moveismorante.com.br/produto/paneleiro-45cm-pop-para-cozinha?var=ed62b370-4bf1-4efb-a491-1d72bbbfa08e	https://pub-389127050a434f568c29dc66bdce2567.r2.dev/1786327909291-1786327909291.jpg	https://pub-389127050a434f568c29dc66bdce2567.r2.dev/1786327949912-1786327949912.jpg,https://pub-389127050a434f568c29dc66bdce2567.r2.dev/1786327956348-1786327956348.jpg,https://pub-389127050a434f568c29dc66bdce2567.r2.dev/1786327942389-1786327942389.jpg,https://pub-389127050a434f568c29dc66bdce2567.r2.dev/1786327946729-1786327946729.jpg	out of stock	Paneleiro em MDP 15mm, dobradiça 26mm, puxador MDF, pés ABS com regulagem de altura<br>2,15m X 0,45m X 0,53m (A X L X P)	499.00 BRL	399.00 BRL	Móveis Morante	new	Freijó/Baunilha	unisex				no	0	Furniture
paneleiro-45cm-pop-para-cozinha-freijochumbo	Paneleiro 45cm Pop para Cozinha	Paneleiro em MDP 15mm, dobradiça 26mm, puxador MDF, pés ABS com regulagem de altura<br>2,15m X 0,45m X 0,53m (A X L X P)	https://moveismorante.com.br/produto/paneleiro-45cm-pop-para-cozinha?var=fc6834eb-cd7d-4ad9-92c6-25dd699d6cf2	https://pub-389127050a434f568c29dc66bdce2567.r2.dev/1786327912711-1786327912710.jpg	https://pub-389127050a434f568c29dc66bdce2567.r2.dev/1786327915458-1786327915458.jpg,https://pub-389127050a434f568c29dc66bdce2567.r2.dev/1786327918518-1786327918518.jpg,https://pub-389127050a434f568c29dc66bdce2567.r2.dev/1786327935740-1786327935740.jpg,https://pub-389127050a434f568c29dc66bdce2567.r2.dev/1786327938851-1786327938850.jpg	out of stock	Paneleiro em MDP 15mm, dobradiça 26mm, puxador MDF, pés ABS com regulagem de altura<br>2,15m X 0,45m X 0,53m (A X L X P)	499.00 BRL	399.00 BRL	Móveis Morante	new	Freijó/Chumbo	unisex				no	0	Furniture
guarda-roupa-verona-178-6-portas-com-frisos-angelinbranco	Guarda Roupa Verona 1,78 6 Portas Com Frisos	Guarda-Roupa Castro 3220A Verona 6 Portas 2 Gavetas – 203x178x47cm<br>O Guarda-Roupa Verona da Castro é a escolha ideal para quem busca organização e durabilidade. Com 6 portas tipo bater e 2 gavetas internas, ele oferece amplo espaço interno para armazenar roupas, calçados e acessórios. Conta com 4 prateleiras, cabideiro de madeira e calceiro, otimizando ainda mais a organização.<br>Fabricado em MDP com fundos em MDF 3mm, possui dobradiças de 26mm e corrediças telescópicas, garantindo resistência e abertura suave das gavetas. O acabamento com pintura de impressão e vernizes UV em alto relevo confere elegância e proteção extra ao móvel. O puxador em MDF complementa o design funcional e moderno.<br>Não possui espelho, nem portas reversíveis.<br>Especificações:<br>Dimensões (AxLxP): 203 x 178 x 47 cm<br>Peso: 95,95 kg<br>Estrutura: MDP e MDF<br>Corrediças: Telescópicas<br>Puxador: MDF<br>Ideal para quartos que exigem funcionalidade sem abrir mão do estilo.	https://moveismorante.com.br/produto/guarda-roupa-verona-178-6-portas-com-frisos?var=18d96cab-4cd0-4459-9ac5-cebeb9cedd88	https://pub-389127050a434f568c29dc66bdce2567.r2.dev/1786497243686-1786497243686.jpg	https://pub-389127050a434f568c29dc66bdce2567.r2.dev/1786497260942-1786497260942.jpg,https://pub-389127050a434f568c29dc66bdce2567.r2.dev/1786497256730-1786497256730.jpg	in stock	Guarda-Roupa Castro 3220A Verona 6 Portas 2 Gavetas – 203x178x47cm<br>O Guarda-Roupa Verona da Castro é a escolha ideal para quem busca organização e durabilidade. Com 6 portas tipo bater e 2 gavetas internas, ele oferece amplo espaço interno para armazenar roupas, calçados e acessórios. Conta com 4 prateleiras, cabideiro de madeira e calceiro, otimizando ainda mais a organização.<br>Fabricado em MDP com fundos em MDF 3mm, possui dobradiças de 26mm e corrediças telescópicas, garantindo resistência e abertura suave das gavetas. O acabamento com pintura de impressão e vernizes UV em alto relevo confere elegância e proteção extra ao móvel. O puxador em MDF complementa o design funcional e moderno.<br>Não possui espelho, nem portas reversíveis.<br>Especificações:<br>Dimensões (AxLxP): 203 x 178 x 47 cm<br>Peso: 95,95 kg<br>Estrutura: MDP e MDF<br>Corrediças: Telescópicas<br>Puxador: MDF<br>Ideal para quartos que exigem funcionalidade sem abrir mão do estilo.	1240.00 BRL		Móveis Morante	new	Angelin/Branco	unisex				no	999	Furniture
guarda-roupa-verona-178-6-portas-com-frisos-angelindunaline	Guarda Roupa Verona 1,78 6 Portas Com Frisos	Guarda-Roupa Castro 3220A Verona 6 Portas 2 Gavetas – 203x178x47cm<br>O Guarda-Roupa Verona da Castro é a escolha ideal para quem busca organização e durabilidade. Com 6 portas tipo bater e 2 gavetas internas, ele oferece amplo espaço interno para armazenar roupas, calçados e acessórios. Conta com 4 prateleiras, cabideiro de madeira e calceiro, otimizando ainda mais a organização.<br>Fabricado em MDP com fundos em MDF 3mm, possui dobradiças de 26mm e corrediças telescópicas, garantindo resistência e abertura suave das gavetas. O acabamento com pintura de impressão e vernizes UV em alto relevo confere elegância e proteção extra ao móvel. O puxador em MDF complementa o design funcional e moderno.<br>Não possui espelho, nem portas reversíveis.<br>Especificações:<br>Dimensões (AxLxP): 203 x 178 x 47 cm<br>Peso: 95,95 kg<br>Estrutura: MDP e MDF<br>Corrediças: Telescópicas<br>Puxador: MDF<br>Ideal para quartos que exigem funcionalidade sem abrir mão do estilo.	https://moveismorante.com.br/produto/guarda-roupa-verona-178-6-portas-com-frisos?var=c949f2e7-473a-4cfa-a1d4-d7c6caa51afe	https://pub-389127050a434f568c29dc66bdce2567.r2.dev/1786497247577-1786497247577.jpg	https://pub-389127050a434f568c29dc66bdce2567.r2.dev/1786497266649-1786497266649.jpg,https://pub-389127050a434f568c29dc66bdce2567.r2.dev/1786497252962-1786497252962.jpg,https://pub-389127050a434f568c29dc66bdce2567.r2.dev/1786497277147-1786497277147.jpg	in stock	Guarda-Roupa Castro 3220A Verona 6 Portas 2 Gavetas – 203x178x47cm<br>O Guarda-Roupa Verona da Castro é a escolha ideal para quem busca organização e durabilidade. Com 6 portas tipo bater e 2 gavetas internas, ele oferece amplo espaço interno para armazenar roupas, calçados e acessórios. Conta com 4 prateleiras, cabideiro de madeira e calceiro, otimizando ainda mais a organização.<br>Fabricado em MDP com fundos em MDF 3mm, possui dobradiças de 26mm e corrediças telescópicas, garantindo resistência e abertura suave das gavetas. O acabamento com pintura de impressão e vernizes UV em alto relevo confere elegância e proteção extra ao móvel. O puxador em MDF complementa o design funcional e moderno.<br>Não possui espelho, nem portas reversíveis.<br>Especificações:<br>Dimensões (AxLxP): 203 x 178 x 47 cm<br>Peso: 95,95 kg<br>Estrutura: MDP e MDF<br>Corrediças: Telescópicas<br>Puxador: MDF<br>Ideal para quartos que exigem funcionalidade sem abrir mão do estilo.	1240.00 BRL		Móveis Morante	new	Angelin/Duna Line	unisex				no	999	Furniture
ddb06fbb-0524-4c37-8882-68a0b4d46d45	Guarda Roupa Rudá 2 Portas de Correr C/ Espelho	Guarda-Roupa Rudá com Espelho – Organização com Estilo e Funcionalidade<br>O Guarda-Roupa Rudá é a solução ideal para quem precisa de espaço interno bem distribuído sem comprometer a área do quarto. Com 2 portas de correr, ele economiza espaço e garante praticidade no dia a dia.<br>Possui 2 gavetas com corrediças telescópicas, que deslizam com suavidade e oferecem maior durabilidade. Os cabideiros internos permitem organizar roupas de forma eficiente. Um espelho integrado na porta adiciona funcionalidade e valor estético, dispensando o uso de espelhos extras no ambiente.<br>Acompanha pés de apoio, que elevam o móvel e ajudam na conservação contra umidade.<br>Dimensões:<br>Altura: 2000 mm<br>Largura: 1594 mm<br>Profundidade: 543 mm<br>Moderno, prático e completo. O Guarda-Roupa Rudá com espelho é ideal para quem quer unir design e organização no quarto.	https://moveismorante.com.br/produto/guarda-roupa-ruda-2-portas-de-correr-c-espelho	https://pub-389127050a434f568c29dc66bdce2567.r2.dev/1786497886845-1786497886845.jpg	https://pub-389127050a434f568c29dc66bdce2567.r2.dev/1786497889637-1786497889637.jpg,https://pub-389127050a434f568c29dc66bdce2567.r2.dev/1786497892750-1786497892750.jpg,https://pub-389127050a434f568c29dc66bdce2567.r2.dev/1786497895807-1786497895806.jpg,https://pub-389127050a434f568c29dc66bdce2567.r2.dev/1786497899932-1786497899932.jpg	in stock	Guarda-Roupa Rudá com Espelho – Organização com Estilo e Funcionalidade<br>O Guarda-Roupa Rudá é a solução ideal para quem precisa de espaço interno bem distribuído sem comprometer a área do quarto. Com 2 portas de correr, ele economiza espaço e garante praticidade no dia a dia.<br>Possui 2 gavetas com corrediças telescópicas, que deslizam com suavidade e oferecem maior durabilidade. Os cabideiros internos permitem organizar roupas de forma eficiente. Um espelho integrado na porta adiciona funcionalidade e valor estético, dispensando o uso de espelhos extras no ambiente.<br>Acompanha pés de apoio, que elevam o móvel e ajudam na conservação contra umidade.<br>Dimensões:<br>Altura: 2000 mm<br>Largura: 1594 mm<br>Profundidade: 543 mm<br>Moderno, prático e completo. O Guarda-Roupa Rudá com espelho é ideal para quem quer unir design e organização no quarto.	1249.00 BRL		Móveis Morante	new		unisex				no	10	Furniture
9cdfe9fa-714a-4370-8d7b-515455f8df65	Mesa Robusta 1,60 com Vidro 6 Cadeiras Estofado Linho	Conjunto de Jantar Mesa Simpatia com 4 Cadeiras Horizonte<br>O Conjunto Robusta é a escolha certa para quem busca elegância e funcionalidade na sala de jantar. A mesa conta estrutura em MDP 25mm com tampo em MDF de 18mm com cantos arredondados estilo moeda, com vidro serigrafado e temperado de 4mm, acabamento em pintura UV na cor amadeirada Cinamomo e bordas protegidas com pintura PU, garantindo resistência e sofisticação.<br>Acompanha 6 cadeiras Diamante com estrutura reforçada: pés e alça em madeira maciça, encosto estofado com espuma D20 e assento com espuma D23, revestidos em tecido Linho de toque macio. Cada cadeira suporta até 120 kg.<br>Medidas da Mesa:<br>Altura: 78 cm<br>Largura: 80 cm<br>Profundidade: 160 cm<br>Medidas das Cadeiras:<br>Altura: 98 cm<br>Largura: 44 cm<br>Profundidade: 53 cm<br>Ideal para ambientes compactos sem abrir mão do conforto e do design.	https://moveismorante.com.br/produto/mesa-robusta-160-com-vidro-6-cadeiras-estofado-linho	https://pub-389127050a434f568c29dc66bdce2567.r2.dev/1786477678776-1786477678775.jpg	https://pub-389127050a434f568c29dc66bdce2567.r2.dev/1786477682565-1786477682565.jpg,https://pub-389127050a434f568c29dc66bdce2567.r2.dev/1786477686644-1786477686644.jpg,https://pub-389127050a434f568c29dc66bdce2567.r2.dev/1786477689904-1786477689904.jpg,https://pub-389127050a434f568c29dc66bdce2567.r2.dev/1786477693951-1786477693951.jpg,https://pub-389127050a434f568c29dc66bdce2567.r2.dev/1786477697497-1786477697497.jpg,https://pub-389127050a434f568c29dc66bdce2567.r2.dev/1786477703477-1786477703477.jpg,https://pub-389127050a434f568c29dc66bdce2567.r2.dev/1786477706632-1786477706631.jpg	in stock	Conjunto de Jantar Mesa Simpatia com 4 Cadeiras Horizonte<br>O Conjunto Robusta é a escolha certa para quem busca elegância e funcionalidade na sala de jantar. A mesa conta estrutura em MDP 25mm com tampo em MDF de 18mm com cantos arredondados estilo moeda, com vidro serigrafado e temperado de 4mm, acabamento em pintura UV na cor amadeirada Cinamomo e bordas protegidas com pintura PU, garantindo resistência e sofisticação.<br>Acompanha 6 cadeiras Diamante com estrutura reforçada: pés e alça em madeira maciça, encosto estofado com espuma D20 e assento com espuma D23, revestidos em tecido Linho de toque macio. Cada cadeira suporta até 120 kg.<br>Medidas da Mesa:<br>Altura: 78 cm<br>Largura: 80 cm<br>Profundidade: 160 cm<br>Medidas das Cadeiras:<br>Altura: 98 cm<br>Largura: 44 cm<br>Profundidade: 53 cm<br>Ideal para ambientes compactos sem abrir mão do conforto e do design.	2999.00 BRL	2599.00 BRL	Móveis Morante	new		unisex				no	10	Furniture
cc067873-fc84-411b-9dec-568691e245f3	Balcão para Cooktop Pop 80cm	‼️ Recorte do tampo para a medida do Cooktop cobrada a parte no valor de R$ 15,00 ‼️<br>Balcão para Cooktop 80cm POP, em MDP 15mm, pés de plástico com regulagem, dobradiças metálicas, novo.<br>Dimensões:<br>Altura: 186 cm<br>Largura: 61 cm<br>Profundidade: 37.3 cm	https://moveismorante.com.br/produto/balcao-para-cooktop-pop-80cm	https://pub-389127050a434f568c29dc66bdce2567.r2.dev/1786473231536-1786473231536.jpg	https://pub-389127050a434f568c29dc66bdce2567.r2.dev/1786473234412-1786473234411.jpg,https://pub-389127050a434f568c29dc66bdce2567.r2.dev/1786473238558-1786473238558.jpg,https://pub-389127050a434f568c29dc66bdce2567.r2.dev/1786473241039-1786473241038.jpg	in stock	‼️ Recorte do tampo para a medida do Cooktop cobrada a parte no valor de R$ 15,00 ‼️<br>Balcão para Cooktop 80cm POP, em MDP 15mm, pés de plástico com regulagem, dobradiças metálicas, novo.<br>Dimensões:<br>Altura: 186 cm<br>Largura: 61 cm<br>Profundidade: 37.3 cm	399.00 BRL	349.00 BRL	Móveis Morante	new		unisex				no	10	Furniture
torre-quente-florenca-para-forno-e-micro-100-mdf-canaryoffwhite	Torre Quente Florença Para Forno e Micro 100% MDF	Paneleiro Torre Quente 4 Portas Em MDF Florença Móveis Sul<br>O Kit Forno e Micro de 70 cm é produzido em 100% MDF, oferecendo resistência e durabilidade. Conta com acabamento em pintura UV, que proporciona maior proteção e um visual moderno. Possui prateleiras internas para melhor organização e pés com regulagem de altura, garantindo mais praticidade e adaptação ao ambiente. Ideal para compor cozinhas funcionais e bem planejadas.<br>Características:<br>Estrutura em MDF<br>4 Portas<br>Prateleiras<br>Pés com regulagem de altura<br>Acabamento em pintura UV<br>Espaço para eletros<br>Dimensões:<br>Altura: 220 cm<br>Largura: 70 cm<br>Profundidade: 53 cm<br>Peso: 58,90 kg	https://moveismorante.com.br/produto/torre-quente-florenca-para-forno-e-micro-100-mdf?var=209e2bca-ea46-4024-b3e9-885c12d5ed26	https://pub-389127050a434f568c29dc66bdce2567.r2.dev/1786478267977-1786478267977.jpg	https://pub-389127050a434f568c29dc66bdce2567.r2.dev/1786478276396-1786478276396.jpg,https://pub-389127050a434f568c29dc66bdce2567.r2.dev/1786478282716-1786478282716.jpg	in stock	Paneleiro Torre Quente 4 Portas Em MDF Florença Móveis Sul<br>O Kit Forno e Micro de 70 cm é produzido em 100% MDF, oferecendo resistência e durabilidade. Conta com acabamento em pintura UV, que proporciona maior proteção e um visual moderno. Possui prateleiras internas para melhor organização e pés com regulagem de altura, garantindo mais praticidade e adaptação ao ambiente. Ideal para compor cozinhas funcionais e bem planejadas.<br>Características:<br>Estrutura em MDF<br>4 Portas<br>Prateleiras<br>Pés com regulagem de altura<br>Acabamento em pintura UV<br>Espaço para eletros<br>Dimensões:<br>Altura: 220 cm<br>Largura: 70 cm<br>Profundidade: 53 cm<br>Peso: 58,90 kg	799.00 BRL		Móveis Morante	new	Canary/Off White	unisex				no	999	Furniture
torre-quente-florenca-para-forno-e-micro-100-mdf-angelincinza	Torre Quente Florença Para Forno e Micro 100% MDF	Paneleiro Torre Quente 4 Portas Em MDF Florença Móveis Sul<br>O Kit Forno e Micro de 70 cm é produzido em 100% MDF, oferecendo resistência e durabilidade. Conta com acabamento em pintura UV, que proporciona maior proteção e um visual moderno. Possui prateleiras internas para melhor organização e pés com regulagem de altura, garantindo mais praticidade e adaptação ao ambiente. Ideal para compor cozinhas funcionais e bem planejadas.<br>Características:<br>Estrutura em MDF<br>4 Portas<br>Prateleiras<br>Pés com regulagem de altura<br>Acabamento em pintura UV<br>Espaço para eletros<br>Dimensões:<br>Altura: 220 cm<br>Largura: 70 cm<br>Profundidade: 53 cm<br>Peso: 58,90 kg	https://moveismorante.com.br/produto/torre-quente-florenca-para-forno-e-micro-100-mdf?var=61dde837-e79a-44e2-85b1-1ceabc5906dc	https://pub-389127050a434f568c29dc66bdce2567.r2.dev/1786478270341-1786478270340.jpg	https://pub-389127050a434f568c29dc66bdce2567.r2.dev/1786478273029-1786478273028.jpg,https://pub-389127050a434f568c29dc66bdce2567.r2.dev/1786478280362-1786478280362.jpg	in stock	Paneleiro Torre Quente 4 Portas Em MDF Florença Móveis Sul<br>O Kit Forno e Micro de 70 cm é produzido em 100% MDF, oferecendo resistência e durabilidade. Conta com acabamento em pintura UV, que proporciona maior proteção e um visual moderno. Possui prateleiras internas para melhor organização e pés com regulagem de altura, garantindo mais praticidade e adaptação ao ambiente. Ideal para compor cozinhas funcionais e bem planejadas.<br>Características:<br>Estrutura em MDF<br>4 Portas<br>Prateleiras<br>Pés com regulagem de altura<br>Acabamento em pintura UV<br>Espaço para eletros<br>Dimensões:<br>Altura: 220 cm<br>Largura: 70 cm<br>Profundidade: 53 cm<br>Peso: 58,90 kg	799.00 BRL		Móveis Morante	new	Angelin/Cinza	unisex				no	999	Furniture
6cfb0413-a223-4585-9dab-c2024d26e93b	Cozinha Modulada 2,39 m JK 3 Peças Branca	‼️Pia de inox não inclusa ‼️<br>Cozinha Modulada JK 3 Peças<br>A Cozinha Modulada JK é uma solução prática e funcional para quem busca otimizar o espaço com estilo. Composta por 3 módulos – balcão para pia, torre quente e armário aéreo –, oferece ótimo aproveitamento interno e um visual moderno com puxadores perfilados.<br>Características:<br>Material: Chapa em MDP de 15mm, garantindo durabilidade e resistência.<br>Acabamento: Design limpo e moderno com puxadores perfilados.<br>Estrutura:<br>Balcão para pia (1,57m): Espaço para cuba, com portas e espaço interno para utensílios.<br>Torre quente (79cm): Com 2 nichos para forno e micro-ondas, ideal para embutir eletros.<br>Aéreo 4 portas (1,59m): Bom espaço para armazenar alimentos e louças.<br>Ferragens: Corrediças e dobradiças de metal.<br>Pés: Plásticos com regulagem de altura.<br>Dimensões totais (como na foto):<br>Largura: 239 cm | Profundidade: 53 cm | Altura: 196 cm<br>Dimensões dos módulos:<br>Balcão: 157 x 51 x 80 cm (L x P x A)<br>Torre quente: 79 x 53 x 196 cm<br>Aéreo: 159 x 32 x 60 cm	https://moveismorante.com.br/produto/cozinha-modulada-239-m-jk-3-pecas-branca	https://pub-389127050a434f568c29dc66bdce2567.r2.dev/1786499213610-1786499213609.jpg	https://pub-389127050a434f568c29dc66bdce2567.r2.dev/1786499216399-1786499216399.jpg,https://pub-389127050a434f568c29dc66bdce2567.r2.dev/1786499219113-1786499219113.jpg,https://pub-389127050a434f568c29dc66bdce2567.r2.dev/1786499222211-1786499222211.jpg	in stock	‼️Pia de inox não inclusa ‼️<br>Cozinha Modulada JK 3 Peças<br>A Cozinha Modulada JK é uma solução prática e funcional para quem busca otimizar o espaço com estilo. Composta por 3 módulos – balcão para pia, torre quente e armário aéreo –, oferece ótimo aproveitamento interno e um visual moderno com puxadores perfilados.<br>Características:<br>Material: Chapa em MDP de 15mm, garantindo durabilidade e resistência.<br>Acabamento: Design limpo e moderno com puxadores perfilados.<br>Estrutura:<br>Balcão para pia (1,57m): Espaço para cuba, com portas e espaço interno para utensílios.<br>Torre quente (79cm): Com 2 nichos para forno e micro-ondas, ideal para embutir eletros.<br>Aéreo 4 portas (1,59m): Bom espaço para armazenar alimentos e louças.<br>Ferragens: Corrediças e dobradiças de metal.<br>Pés: Plásticos com regulagem de altura.<br>Dimensões totais (como na foto):<br>Largura: 239 cm | Profundidade: 53 cm | Altura: 196 cm<br>Dimensões dos módulos:<br>Balcão: 157 x 51 x 80 cm (L x P x A)<br>Torre quente: 79 x 53 x 196 cm<br>Aéreo: 159 x 32 x 60 cm	1449.00 BRL		Móveis Morante	new		unisex				no	10	Furniture
mesa-de-cabeceira-2-gavetas-em-mdf-branco	Mesa de Cabeceira 2 Gavetas Em MDF	Esta mesa de cabeceira é perfeita para o seu quarto, acrescentando um toque moderno e funcionalidade. Com pés de madeira e duas gavetas, oferece um ótimo espaço para acomodar seus itens pessoais. Seu design contemporâneo adiciona charme e sofisticação ao ambiente.<br>Esta mesa de cabeceira da Fiorello é a escolha perfeita para complementar a decoração da sua casa :)<br>Características:<br>- 02 Gavetas<br>- Pintura UV<br>- Pés de madeira<br>Dimensões:<br>- Altura: 64cm<br>- Largura: 41cm<br>- Profundidade: 36cm	https://moveismorante.com.br/produto/mesa-de-cabeceira-2-gavetas-em-mdf?var=1aeef2d8-f846-453c-9045-79b67407053b	https://pub-389127050a434f568c29dc66bdce2567.r2.dev/1786539445397-1786539445396.jpg	https://pub-389127050a434f568c29dc66bdce2567.r2.dev/1786540519791-1786540519791.jpg	in stock	Esta mesa de cabeceira é perfeita para o seu quarto, acrescentando um toque moderno e funcionalidade. Com pés de madeira e duas gavetas, oferece um ótimo espaço para acomodar seus itens pessoais. Seu design contemporâneo adiciona charme e sofisticação ao ambiente.<br>Esta mesa de cabeceira da Fiorello é a escolha perfeita para complementar a decoração da sua casa :)<br>Características:<br>- 02 Gavetas<br>- Pintura UV<br>- Pés de madeira<br>Dimensões:<br>- Altura: 64cm<br>- Largura: 41cm<br>- Profundidade: 36cm	249.00 BRL		Móveis Morante	new	Branco	unisex				no	999	Furniture
mesa-de-cabeceira-2-gavetas-em-mdf-preto	Mesa de Cabeceira 2 Gavetas Em MDF	Esta mesa de cabeceira é perfeita para o seu quarto, acrescentando um toque moderno e funcionalidade. Com pés de madeira e duas gavetas, oferece um ótimo espaço para acomodar seus itens pessoais. Seu design contemporâneo adiciona charme e sofisticação ao ambiente.<br>Esta mesa de cabeceira da Fiorello é a escolha perfeita para complementar a decoração da sua casa :)<br>Características:<br>- 02 Gavetas<br>- Pintura UV<br>- Pés de madeira<br>Dimensões:<br>- Altura: 64cm<br>- Largura: 41cm<br>- Profundidade: 36cm	https://moveismorante.com.br/produto/mesa-de-cabeceira-2-gavetas-em-mdf?var=c86c1c69-3aa3-46e7-b3ce-3c8537f80509	https://pub-389127050a434f568c29dc66bdce2567.r2.dev/1786540515946-1786540515945.jpg	https://pub-389127050a434f568c29dc66bdce2567.r2.dev/1786540518148-1786540518148.jpg	in stock	Esta mesa de cabeceira é perfeita para o seu quarto, acrescentando um toque moderno e funcionalidade. Com pés de madeira e duas gavetas, oferece um ótimo espaço para acomodar seus itens pessoais. Seu design contemporâneo adiciona charme e sofisticação ao ambiente.<br>Esta mesa de cabeceira da Fiorello é a escolha perfeita para complementar a decoração da sua casa :)<br>Características:<br>- 02 Gavetas<br>- Pintura UV<br>- Pés de madeira<br>Dimensões:<br>- Altura: 64cm<br>- Largura: 41cm<br>- Profundidade: 36cm	249.00 BRL		Móveis Morante	new	Preto	unisex				no	999	Furniture
72fb2073-436d-4082-b4b2-bae6b4ebafab	Rack Turim 1,60 m para TV de até 65 Polegadas	Rack para TV até 65 Polegadas 2 Portas com Pés de Madeira Turim Bechara, Com design moderno e inovador ele irá agregar muito mais charme e requinte para o seu ambiente. Robusto, ele comporta TV de até 65 polegadas. Possui amplo tampo em MDP 15mm.<br>Características:<br>Estrutura em MDP<br>3 Nicho<br>2 Porta<br>Dobradiças metálicas<br>Pés e barras estruturais de madeira pinus<br>Para TV de até 65 polegadas<br>Medidas (LxP) livres para TV, sobre o tampo do rack - 160 x 36 cm<br> <br>Dimensões:<br>Altura: 59,5 cm<br>Largura: 160 cm<br>Profundidade: 36 cm<br>Peso: 24,70 kg	https://moveismorante.com.br/produto/rack-turim-160-m-para-tv-de-ate-65-polegadas	https://pub-389127050a434f568c29dc66bdce2567.r2.dev/1786499753739-1786499753738.jpg	https://pub-389127050a434f568c29dc66bdce2567.r2.dev/1786499756814-1786499756813.jpg,https://pub-389127050a434f568c29dc66bdce2567.r2.dev/1786499760223-1786499760223.jpg,https://pub-389127050a434f568c29dc66bdce2567.r2.dev/1786499763752-1786499763752.jpg,https://pub-389127050a434f568c29dc66bdce2567.r2.dev/1786499767943-1786499767943.jpg,https://pub-389127050a434f568c29dc66bdce2567.r2.dev/1786499771747-1786499771747.jpg,https://pub-389127050a434f568c29dc66bdce2567.r2.dev/1786499774768-1786499774767.jpg	in stock	Rack para TV até 65 Polegadas 2 Portas com Pés de Madeira Turim Bechara, Com design moderno e inovador ele irá agregar muito mais charme e requinte para o seu ambiente. Robusto, ele comporta TV de até 65 polegadas. Possui amplo tampo em MDP 15mm.<br>Características:<br>Estrutura em MDP<br>3 Nicho<br>2 Porta<br>Dobradiças metálicas<br>Pés e barras estruturais de madeira pinus<br>Para TV de até 65 polegadas<br>Medidas (LxP) livres para TV, sobre o tampo do rack - 160 x 36 cm<br> <br>Dimensões:<br>Altura: 59,5 cm<br>Largura: 160 cm<br>Profundidade: 36 cm<br>Peso: 24,70 kg	589.00 BRL	479.00 BRL	Móveis Morante	new		unisex				no	10	Furniture
painel-jurere-para-tv-de-ate-55-polegadas-cinamomooffwhite	Painel Jurerê para TV de até 55 Polegadas	Fazemos serviço de fixar na parede por 80 reais!<br>Transforme sua sala de estar em um espaço contemporâneo e elegante com nosso design moderno, que apresenta o Painel Jurere.<br>Este conceito não apenas economiza espaço, mas também proporciona uma estética limpa e sofisticada, ideal para momentos de lazer e entretenimento.<br>Aproveite a combinação perfeita de funcionalidade e estilo, criando um ambiente acolhedor e convidativo para você e sua família.<br> <br>Modelo: Painel Jurerê;<br>Material da estrutura: MDP 15 mm;<br>Dimensões: 156 cm(L) x 147 cm(A) x 28 cm(P)<br>Tamanho máximo de TV: até 55’ polegadas;<br>Tamanho do espaço para TV: 160 cm x 90 cm;<br>Suporte de TV incluso: Não;<br>Iluminação: Não se aplica;<br>Quantidade de portas: 01 (dobradiças metálicas soft close);<br>Quantidade de gavetas: Não se aplica;<br>Com puxadores: sim em plásticos;<br>Quantidade de prateleiras: 01;<br>Quantidade de nichos: 01;<br>Peso suportado: até 40 kg distribuídos;	https://moveismorante.com.br/produto/painel-jurere-para-tv-de-ate-55-polegadas?var=62483e4e-fd15-45e8-b1b5-29a2a1c4e85a	https://pub-389127050a434f568c29dc66bdce2567.r2.dev/1786500349516-1786500349516.jpg	https://pub-389127050a434f568c29dc66bdce2567.r2.dev/1786500353010-1786500353010.jpg,https://pub-389127050a434f568c29dc66bdce2567.r2.dev/1786500403587-1786500403587.jpg,https://pub-389127050a434f568c29dc66bdce2567.r2.dev/1786500399352-1786500399352.jpg,https://pub-389127050a434f568c29dc66bdce2567.r2.dev/1786500407040-1786500407040.jpg	out of stock	Fazemos serviço de fixar na parede por 80 reais!<br>Transforme sua sala de estar em um espaço contemporâneo e elegante com nosso design moderno, que apresenta o Painel Jurere.<br>Este conceito não apenas economiza espaço, mas também proporciona uma estética limpa e sofisticada, ideal para momentos de lazer e entretenimento.<br>Aproveite a combinação perfeita de funcionalidade e estilo, criando um ambiente acolhedor e convidativo para você e sua família.<br> <br>Modelo: Painel Jurerê;<br>Material da estrutura: MDP 15 mm;<br>Dimensões: 156 cm(L) x 147 cm(A) x 28 cm(P)<br>Tamanho máximo de TV: até 55’ polegadas;<br>Tamanho do espaço para TV: 160 cm x 90 cm;<br>Suporte de TV incluso: Não;<br>Iluminação: Não se aplica;<br>Quantidade de portas: 01 (dobradiças metálicas soft close);<br>Quantidade de gavetas: Não se aplica;<br>Com puxadores: sim em plásticos;<br>Quantidade de prateleiras: 01;<br>Quantidade de nichos: 01;<br>Peso suportado: até 40 kg distribuídos;	849.00 BRL	649.00 BRL	Móveis Morante	new	Cinamomo/Off White	unisex				no	0	Furniture
painel-jurere-para-tv-de-ate-55-polegadas-naturalleoffwhite	Painel Jurerê para TV de até 55 Polegadas	Fazemos serviço de fixar na parede por 80 reais!<br>Transforme sua sala de estar em um espaço contemporâneo e elegante com nosso design moderno, que apresenta o Painel Jurere.<br>Este conceito não apenas economiza espaço, mas também proporciona uma estética limpa e sofisticada, ideal para momentos de lazer e entretenimento.<br>Aproveite a combinação perfeita de funcionalidade e estilo, criando um ambiente acolhedor e convidativo para você e sua família.<br> <br>Modelo: Painel Jurerê;<br>Material da estrutura: MDP 15 mm;<br>Dimensões: 156 cm(L) x 147 cm(A) x 28 cm(P)<br>Tamanho máximo de TV: até 55’ polegadas;<br>Tamanho do espaço para TV: 160 cm x 90 cm;<br>Suporte de TV incluso: Não;<br>Iluminação: Não se aplica;<br>Quantidade de portas: 01 (dobradiças metálicas soft close);<br>Quantidade de gavetas: Não se aplica;<br>Com puxadores: sim em plásticos;<br>Quantidade de prateleiras: 01;<br>Quantidade de nichos: 01;<br>Peso suportado: até 40 kg distribuídos;	https://moveismorante.com.br/produto/painel-jurere-para-tv-de-ate-55-polegadas?var=58f18bbc-aa3e-47a8-bd8b-7043d72a86c4	https://pub-389127050a434f568c29dc66bdce2567.r2.dev/1786500357333-1786500357333.jpg	https://pub-389127050a434f568c29dc66bdce2567.r2.dev/1786500361476-1786500361476.jpg,https://pub-389127050a434f568c29dc66bdce2567.r2.dev/1786500370207-1786500370207.jpg,https://pub-389127050a434f568c29dc66bdce2567.r2.dev/1786500407040-1786500407040.jpg	out of stock	Fazemos serviço de fixar na parede por 80 reais!<br>Transforme sua sala de estar em um espaço contemporâneo e elegante com nosso design moderno, que apresenta o Painel Jurere.<br>Este conceito não apenas economiza espaço, mas também proporciona uma estética limpa e sofisticada, ideal para momentos de lazer e entretenimento.<br>Aproveite a combinação perfeita de funcionalidade e estilo, criando um ambiente acolhedor e convidativo para você e sua família.<br> <br>Modelo: Painel Jurerê;<br>Material da estrutura: MDP 15 mm;<br>Dimensões: 156 cm(L) x 147 cm(A) x 28 cm(P)<br>Tamanho máximo de TV: até 55’ polegadas;<br>Tamanho do espaço para TV: 160 cm x 90 cm;<br>Suporte de TV incluso: Não;<br>Iluminação: Não se aplica;<br>Quantidade de portas: 01 (dobradiças metálicas soft close);<br>Quantidade de gavetas: Não se aplica;<br>Com puxadores: sim em plásticos;<br>Quantidade de prateleiras: 01;<br>Quantidade de nichos: 01;<br>Peso suportado: até 40 kg distribuídos;	849.00 BRL	649.00 BRL	Móveis Morante	new	Naturalle/Off White	unisex				no	0	Furniture
9193bcb1-ff4e-47ed-b8d6-60aca392b9e2	Cozinha Modulada Tunísia 2,63m	Cozinha Modulada 5 Peças sem Tampo Tunisia Atualle , busca organização, resistência e um visual elegante para o ambiente, este produto conta com frente em MDF de 15mm, que proporciona mais durabilidade e um acabamento de qualidade. Possui amplo espaço interno para acomodar seus itens com funcionalidade no dia a dia, além de puxadores retrô em PVC, que acrescentam charme e sofisticação ao móvel.<br>Características:<br>11 Portas<br>3 Gavetas<br>Possui frente em MDF 15mm<br>Puxadores retro PVC<br>Amplo espaço interno<br>Com espaço para forno e microondas<br>Tampo suporta: 10kg<br>Prateleiras suportam: 5kg<br>Gavetas suportam: 5kg<br>Composição<br>1 Paneleiro<br>1 Armário aéreo com nicho<br>1 Armário aéreo<br>1 Balcão de pia<br>1 Balcão para cooktop<br>Dimensões:<br>Altura: 213 cm<br>Largura: 263 cm<br>Profundidade: 53 cm<br>Peso: 131,92 kg	https://moveismorante.com.br/produto/cozinha-modulada-tunisia-263m	https://pub-389127050a434f568c29dc66bdce2567.r2.dev/1786640464303-1786640464302.jpg	https://pub-389127050a434f568c29dc66bdce2567.r2.dev/1786640466522-1786640466521.jpg,https://pub-389127050a434f568c29dc66bdce2567.r2.dev/1786640467841-1786640467840.jpg,https://pub-389127050a434f568c29dc66bdce2567.r2.dev/1786640469430-1786640469428.jpg,https://pub-389127050a434f568c29dc66bdce2567.r2.dev/1786640471112-1786640471111.jpg,https://pub-389127050a434f568c29dc66bdce2567.r2.dev/1786640472648-1786640472647.jpg,https://pub-389127050a434f568c29dc66bdce2567.r2.dev/1786640474223-1786640474222.jpg,https://pub-389127050a434f568c29dc66bdce2567.r2.dev/1786640475933-1786640475932.jpg,https://pub-389127050a434f568c29dc66bdce2567.r2.dev/1786640477408-1786640477406.jpg,https://pub-389127050a434f568c29dc66bdce2567.r2.dev/1786640478786-1786640478784.jpg,https://pub-389127050a434f568c29dc66bdce2567.r2.dev/1786640480222-1786640480221.jpg,https://pub-389127050a434f568c29dc66bdce2567.r2.dev/1786640481745-1786640481743.jpg,https://pub-389127050a434f568c29dc66bdce2567.r2.dev/1786640483266-1786640483265.jpg	in stock	Cozinha Modulada 5 Peças sem Tampo Tunisia Atualle , busca organização, resistência e um visual elegante para o ambiente, este produto conta com frente em MDF de 15mm, que proporciona mais durabilidade e um acabamento de qualidade. Possui amplo espaço interno para acomodar seus itens com funcionalidade no dia a dia, além de puxadores retrô em PVC, que acrescentam charme e sofisticação ao móvel.<br>Características:<br>11 Portas<br>3 Gavetas<br>Possui frente em MDF 15mm<br>Puxadores retro PVC<br>Amplo espaço interno<br>Com espaço para forno e microondas<br>Tampo suporta: 10kg<br>Prateleiras suportam: 5kg<br>Gavetas suportam: 5kg<br>Composição<br>1 Paneleiro<br>1 Armário aéreo com nicho<br>1 Armário aéreo<br>1 Balcão de pia<br>1 Balcão para cooktop<br>Dimensões:<br>Altura: 213 cm<br>Largura: 263 cm<br>Profundidade: 53 cm<br>Peso: 131,92 kg	1999.00 BRL	1499.00 BRL	Móveis Morante	new		unisex				no	10	Furniture
28fd305c-3c10-466e-9eae-b79f4d662db6	Colchão Casal Excelence Mola Ensacada	O Colchão Excellence com Molas Ensacadas é a escolha ideal para quem busca mais conforto, suporte e qualidade no descanso. Com tecnologia de molas ensacadas individualmente, oferece melhor adaptação ao corpo e reduz a transferência de movimentos, proporcionando noites de sono mais tranquilas.<br>Sua estrutura conta com 173 molas por m², garantindo firmeza e excelente sustentação. Possui camada de espuma D20 e manta de fibra siliconada, que agregam maciez e conforto ao toque. O revestimento em tecido 100% poliéster confere resistência e durabilidade, enquanto a face inferior em TNT 100% polipropileno reforça a estrutura do colchão.<br>Com design moderno e acabamento de qualidade, é ideal para camas de casal, atendendo quem busca um colchão confortável e com ótimo custo-benefício.<br>📏 Dimensões: 138 x 188 x 25 cm	https://moveismorante.com.br/produto/colchao-casal-excelence-mola-ensacada	https://pub-389127050a434f568c29dc66bdce2567.r2.dev/1786538918509-1786538918508.jpg	https://pub-389127050a434f568c29dc66bdce2567.r2.dev/1786538920343-1786538920342.jpg,https://pub-389127050a434f568c29dc66bdce2567.r2.dev/1786538922472-1786538922471.jpg,https://pub-389127050a434f568c29dc66bdce2567.r2.dev/1786538924303-1786538924302.jpg,https://pub-389127050a434f568c29dc66bdce2567.r2.dev/1786538926405-1786538926405.jpg	in stock	O Colchão Excellence com Molas Ensacadas é a escolha ideal para quem busca mais conforto, suporte e qualidade no descanso. Com tecnologia de molas ensacadas individualmente, oferece melhor adaptação ao corpo e reduz a transferência de movimentos, proporcionando noites de sono mais tranquilas.<br>Sua estrutura conta com 173 molas por m², garantindo firmeza e excelente sustentação. Possui camada de espuma D20 e manta de fibra siliconada, que agregam maciez e conforto ao toque. O revestimento em tecido 100% poliéster confere resistência e durabilidade, enquanto a face inferior em TNT 100% polipropileno reforça a estrutura do colchão.<br>Com design moderno e acabamento de qualidade, é ideal para camas de casal, atendendo quem busca um colchão confortável e com ótimo custo-benefício.<br>📏 Dimensões: 138 x 188 x 25 cm	949.00 BRL		Móveis Morante	new		unisex				no	10	Furniture
cozinha-compacta-lorena-para-pia-de-120m-darmovel-branco	Cozinha Compacta Lorena para Pia de 1,20m Darmovel	A Cozinha Compacta Lorena 6 Portas 1 Gaveta Darmovel, foi desenvolvida para oferecer praticidade e melhor aproveitamento de espaço no dia a dia. Seu design moderno combina funcionalidade e organização, contando com amplo espaço interno para armazenar utensílios, mantimentos e acessórios de cozinha. Produzida em MDP com acabamento em pintura UV, proporciona boa durabilidade e excelente custo-benefício.<br>‼️ Não inclui tampo/a pia‼️<br>Características:<br>6 Portas<br>1 Gaveta<br>Estrutura em MDP 12mm<br>Base em MDP 15mm<br>Pintura UV<br>Puxadores plásticos<br>Pés plásticos<br>Dobradiças de pressão 26mm<br>Corrediças metálicas 400mm<br>Design compacto e funcional<br>Dimensões:<br>Altura: 196 cm<br>Largura: 120 cm<br>Profundidade: 42 cm<br>Peso: 51 kg	https://moveismorante.com.br/produto/cozinha-compacta-lorena-para-pia-de-120m-darmovel?var=e1bf5161-16d5-4281-b50d-c660ac0d94a6	https://pub-389127050a434f568c29dc66bdce2567.r2.dev/1785257512472-1785257512471.jpg	https://pub-389127050a434f568c29dc66bdce2567.r2.dev/1785257509776-1785257509773.jpg,https://pub-389127050a434f568c29dc66bdce2567.r2.dev/1785257515393-1785257515393.jpg,https://pub-389127050a434f568c29dc66bdce2567.r2.dev/1785257518628-1785257518627.jpg	out of stock	A Cozinha Compacta Lorena 6 Portas 1 Gaveta Darmovel, foi desenvolvida para oferecer praticidade e melhor aproveitamento de espaço no dia a dia. Seu design moderno combina funcionalidade e organização, contando com amplo espaço interno para armazenar utensílios, mantimentos e acessórios de cozinha. Produzida em MDP com acabamento em pintura UV, proporciona boa durabilidade e excelente custo-benefício.<br>‼️ Não inclui tampo/a pia‼️<br>Características:<br>6 Portas<br>1 Gaveta<br>Estrutura em MDP 12mm<br>Base em MDP 15mm<br>Pintura UV<br>Puxadores plásticos<br>Pés plásticos<br>Dobradiças de pressão 26mm<br>Corrediças metálicas 400mm<br>Design compacto e funcional<br>Dimensões:<br>Altura: 196 cm<br>Largura: 120 cm<br>Profundidade: 42 cm<br>Peso: 51 kg	649.00 BRL		Móveis Morante	new	Branco	unisex				no	0	Furniture
cozinha-compacta-lorena-para-pia-de-120m-darmovel-freijomattareia	Cozinha Compacta Lorena para Pia de 1,20m Darmovel	A Cozinha Compacta Lorena 6 Portas 1 Gaveta Darmovel, foi desenvolvida para oferecer praticidade e melhor aproveitamento de espaço no dia a dia. Seu design moderno combina funcionalidade e organização, contando com amplo espaço interno para armazenar utensílios, mantimentos e acessórios de cozinha. Produzida em MDP com acabamento em pintura UV, proporciona boa durabilidade e excelente custo-benefício.<br>‼️ Não inclui tampo/a pia‼️<br>Características:<br>6 Portas<br>1 Gaveta<br>Estrutura em MDP 12mm<br>Base em MDP 15mm<br>Pintura UV<br>Puxadores plásticos<br>Pés plásticos<br>Dobradiças de pressão 26mm<br>Corrediças metálicas 400mm<br>Design compacto e funcional<br>Dimensões:<br>Altura: 196 cm<br>Largura: 120 cm<br>Profundidade: 42 cm<br>Peso: 51 kg	https://moveismorante.com.br/produto/cozinha-compacta-lorena-para-pia-de-120m-darmovel?var=4ab43b7b-6882-45c9-8d14-75afae1a46af	https://pub-389127050a434f568c29dc66bdce2567.r2.dev/1785257522327-1785257522326.jpg	https://pub-389127050a434f568c29dc66bdce2567.r2.dev/1785257525655-1785257525654.jpg,https://pub-389127050a434f568c29dc66bdce2567.r2.dev/1785257529021-1785257529021.jpg,https://pub-389127050a434f568c29dc66bdce2567.r2.dev/1785257531900-1785257531899.jpg	out of stock	A Cozinha Compacta Lorena 6 Portas 1 Gaveta Darmovel, foi desenvolvida para oferecer praticidade e melhor aproveitamento de espaço no dia a dia. Seu design moderno combina funcionalidade e organização, contando com amplo espaço interno para armazenar utensílios, mantimentos e acessórios de cozinha. Produzida em MDP com acabamento em pintura UV, proporciona boa durabilidade e excelente custo-benefício.<br>‼️ Não inclui tampo/a pia‼️<br>Características:<br>6 Portas<br>1 Gaveta<br>Estrutura em MDP 12mm<br>Base em MDP 15mm<br>Pintura UV<br>Puxadores plásticos<br>Pés plásticos<br>Dobradiças de pressão 26mm<br>Corrediças metálicas 400mm<br>Design compacto e funcional<br>Dimensões:<br>Altura: 196 cm<br>Largura: 120 cm<br>Profundidade: 42 cm<br>Peso: 51 kg	649.00 BRL		Móveis Morante	new	Freijó Matt/Areia	unisex				no	0	Furniture
comoda-franca-100-em-mdf-5-gavetas-2-portas-freijo	Cômoda França 100% em MDF 5 Gavetas 2 Portas	Cômoda França 5 Gavetas 100% MDF – Design Clássico e Funcionalidade<br>A Cômoda França combina um visual clássico com traços contemporâneos, oferecendo elegância sem abrir mão da praticidade. Com estrutura 100% em MDF, garante alta durabilidade e acabamento superior. Conta com 5 gavetas espaçosas que deslizam suavemente, ideais para organizar roupas, acessórios e itens pessoais com eficiência.<br>Com dimensões de 1150mm de altura, 1550mm de largura e 450mm de profundidade, ela se encaixa perfeitamente em quartos que exigem um móvel imponente, mas funcional. Ideal para quem valoriza sofisticação, resistência e organização no dia a dia.	https://moveismorante.com.br/produto/comoda-franca-100-em-mdf-5-gavetas-2-portas?var=d1a11156-3bd8-4959-ba8c-bcab13b1f867	https://pub-389127050a434f568c29dc66bdce2567.r2.dev/1786499404497-1786499404497.jpg	https://pub-389127050a434f568c29dc66bdce2567.r2.dev/1786499410450-1786499410450.jpg,https://pub-389127050a434f568c29dc66bdce2567.r2.dev/1786499407126-1786499407126.jpg,https://pub-389127050a434f568c29dc66bdce2567.r2.dev/1786499447021-1786499447021.jpg	in stock	Cômoda França 5 Gavetas 100% MDF – Design Clássico e Funcionalidade<br>A Cômoda França combina um visual clássico com traços contemporâneos, oferecendo elegância sem abrir mão da praticidade. Com estrutura 100% em MDF, garante alta durabilidade e acabamento superior. Conta com 5 gavetas espaçosas que deslizam suavemente, ideais para organizar roupas, acessórios e itens pessoais com eficiência.<br>Com dimensões de 1150mm de altura, 1550mm de largura e 450mm de profundidade, ela se encaixa perfeitamente em quartos que exigem um móvel imponente, mas funcional. Ideal para quem valoriza sofisticação, resistência e organização no dia a dia.	999.00 BRL		Móveis Morante	new	Freijó	unisex				no	999	Furniture
comoda-franca-100-em-mdf-5-gavetas-2-portas-branco	Cômoda França 100% em MDF 5 Gavetas 2 Portas	Cômoda França 5 Gavetas 100% MDF – Design Clássico e Funcionalidade<br>A Cômoda França combina um visual clássico com traços contemporâneos, oferecendo elegância sem abrir mão da praticidade. Com estrutura 100% em MDF, garante alta durabilidade e acabamento superior. Conta com 5 gavetas espaçosas que deslizam suavemente, ideais para organizar roupas, acessórios e itens pessoais com eficiência.<br>Com dimensões de 1150mm de altura, 1550mm de largura e 450mm de profundidade, ela se encaixa perfeitamente em quartos que exigem um móvel imponente, mas funcional. Ideal para quem valoriza sofisticação, resistência e organização no dia a dia.	https://moveismorante.com.br/produto/comoda-franca-100-em-mdf-5-gavetas-2-portas?var=39069d5e-6330-459a-b8fe-7e62b2cf6d67	https://pub-389127050a434f568c29dc66bdce2567.r2.dev/1786499414836-1786499414836.jpg	https://pub-389127050a434f568c29dc66bdce2567.r2.dev/1786499420173-1786499420173.jpg	in stock	Cômoda França 5 Gavetas 100% MDF – Design Clássico e Funcionalidade<br>A Cômoda França combina um visual clássico com traços contemporâneos, oferecendo elegância sem abrir mão da praticidade. Com estrutura 100% em MDF, garante alta durabilidade e acabamento superior. Conta com 5 gavetas espaçosas que deslizam suavemente, ideais para organizar roupas, acessórios e itens pessoais com eficiência.<br>Com dimensões de 1150mm de altura, 1550mm de largura e 450mm de profundidade, ela se encaixa perfeitamente em quartos que exigem um móvel imponente, mas funcional. Ideal para quem valoriza sofisticação, resistência e organização no dia a dia.	999.00 BRL		Móveis Morante	new	Branco	unisex				no	999	Furniture
comoda-franca-100-em-mdf-5-gavetas-2-portas-freijooffwhite	Cômoda França 100% em MDF 5 Gavetas 2 Portas	Cômoda França 5 Gavetas 100% MDF – Design Clássico e Funcionalidade<br>A Cômoda França combina um visual clássico com traços contemporâneos, oferecendo elegância sem abrir mão da praticidade. Com estrutura 100% em MDF, garante alta durabilidade e acabamento superior. Conta com 5 gavetas espaçosas que deslizam suavemente, ideais para organizar roupas, acessórios e itens pessoais com eficiência.<br>Com dimensões de 1150mm de altura, 1550mm de largura e 450mm de profundidade, ela se encaixa perfeitamente em quartos que exigem um móvel imponente, mas funcional. Ideal para quem valoriza sofisticação, resistência e organização no dia a dia.	https://moveismorante.com.br/produto/comoda-franca-100-em-mdf-5-gavetas-2-portas?var=e987350d-5216-441c-9057-8d9a91fc232d	https://pub-389127050a434f568c29dc66bdce2567.r2.dev/1786499435423-1786499435423.jpg	https://pub-389127050a434f568c29dc66bdce2567.r2.dev/1786499443380-1786499443380.jpg,https://pub-389127050a434f568c29dc66bdce2567.r2.dev/1786499447021-1786499447021.jpg,https://pub-389127050a434f568c29dc66bdce2567.r2.dev/1786499450649-1786499450649.jpg	in stock	Cômoda França 5 Gavetas 100% MDF – Design Clássico e Funcionalidade<br>A Cômoda França combina um visual clássico com traços contemporâneos, oferecendo elegância sem abrir mão da praticidade. Com estrutura 100% em MDF, garante alta durabilidade e acabamento superior. Conta com 5 gavetas espaçosas que deslizam suavemente, ideais para organizar roupas, acessórios e itens pessoais com eficiência.<br>Com dimensões de 1150mm de altura, 1550mm de largura e 450mm de profundidade, ela se encaixa perfeitamente em quartos que exigem um móvel imponente, mas funcional. Ideal para quem valoriza sofisticação, resistência e organização no dia a dia.	999.00 BRL		Móveis Morante	new	Freijó/Off White	unisex				no	999	Furniture
9c10a576-f840-4e8c-8369-5ac71c98f599	Cômoda 4 Gavetas 1 Porta com Rodízios Flora Demóbile	A Cômoda 4 Gavetas 1 Porta com Rodízios Flora Demóbile une elegância, funcionalidade e amplo espaço interno. Produzida em MDP de 12 e 15 mm com pintura UV, conta com 4 gavetas espaçosas com corrediças telescópicas de deslizamento suave, além de porta com prateleira e cabideiro metálico. Seus rodízios facilitam a movimentação para limpeza, enquanto os puxadores em ABS garantem funcionalidade no dia a dia. Ideal para organizar roupas, acessórios e ainda decorar seu ambiente.<br>Características:<br>1 Porta<br>4 Gavetas corrediças telescópicas<br>1 Prateleira interna<br>Acabamento em pintura U.V<br>Cabideiro e dobradiças metálicas<br>Estrutura em MDP<br>Possui rodízios em plástico ABS<br>Puxadores em plástico ABS<br>Dimensões:<br>Altura: 101 cm<br>Largura: 125 cm<br>Profundidade: 45 cm<br>Peso: 47,8 kg	https://moveismorante.com.br/produto/comoda-4-gavetas-1-porta-com-rodizios-flora-demobile	https://pub-389127050a434f568c29dc66bdce2567.r2.dev/1786636485461-1786636485460.jpg	https://pub-389127050a434f568c29dc66bdce2567.r2.dev/1786636487738-1786636487737.jpg,https://pub-389127050a434f568c29dc66bdce2567.r2.dev/1786636488958-1786636488958.jpg,https://pub-389127050a434f568c29dc66bdce2567.r2.dev/1786636490217-1786636490217.jpg,https://pub-389127050a434f568c29dc66bdce2567.r2.dev/1786636493074-1786636493073.jpg,https://pub-389127050a434f568c29dc66bdce2567.r2.dev/1786636494654-1786636494653.jpg,https://pub-389127050a434f568c29dc66bdce2567.r2.dev/1786636496078-1786636496077.jpg,https://pub-389127050a434f568c29dc66bdce2567.r2.dev/1786636497730-1786636497730.jpg,https://pub-389127050a434f568c29dc66bdce2567.r2.dev/1786636499310-1786636499309.jpg,https://pub-389127050a434f568c29dc66bdce2567.r2.dev/1786636500633-1786636500632.jpg	in stock	A Cômoda 4 Gavetas 1 Porta com Rodízios Flora Demóbile une elegância, funcionalidade e amplo espaço interno. Produzida em MDP de 12 e 15 mm com pintura UV, conta com 4 gavetas espaçosas com corrediças telescópicas de deslizamento suave, além de porta com prateleira e cabideiro metálico. Seus rodízios facilitam a movimentação para limpeza, enquanto os puxadores em ABS garantem funcionalidade no dia a dia. Ideal para organizar roupas, acessórios e ainda decorar seu ambiente.<br>Características:<br>1 Porta<br>4 Gavetas corrediças telescópicas<br>1 Prateleira interna<br>Acabamento em pintura U.V<br>Cabideiro e dobradiças metálicas<br>Estrutura em MDP<br>Possui rodízios em plástico ABS<br>Puxadores em plástico ABS<br>Dimensões:<br>Altura: 101 cm<br>Largura: 125 cm<br>Profundidade: 45 cm<br>Peso: 47,8 kg	749.00 BRL	599.00 BRL	Móveis Morante	new		unisex				no	10	Furniture
686fa9f5-c5e7-44af-a87e-c8b74f4a86cb	Colchão de Espuma D65 Casal Suporta Até 120kg	Colchao de espuma com densidade nominal de +-65 kg/m², suporte de até 120kg por pessoa.<br>📏 Dimensões: 1,88x1,38x0,20	https://moveismorante.com.br/produto/colchao-de-espuma-d65-casal-suporta-ate-120kg	https://pub-389127050a434f568c29dc66bdce2567.r2.dev/1786539064280-1786539064280.jpg	https://pub-389127050a434f568c29dc66bdce2567.r2.dev/1786539061837-1786539061837.jpg,https://pub-389127050a434f568c29dc66bdce2567.r2.dev/1786539076285-1786539076285.jpg,https://pub-389127050a434f568c29dc66bdce2567.r2.dev/1786539081681-1786539081680.jpg	in stock	Colchao de espuma com densidade nominal de +-65 kg/m², suporte de até 120kg por pessoa.<br>📏 Dimensões: 1,88x1,38x0,20	749.00 BRL		Móveis Morante	new		unisex				no	10	Furniture
274ef28d-65c3-4bca-a5c6-6dd78f10456f	Guarda Roupa Viena 100% MDF 4 Portas 2 Gavetas	Guarda-Roupa Viena 100% MDF – Design Moderno com Alta Durabilidade<br>O Guarda-Roupa Viena é a escolha ideal para quem busca funcionalidade sem abrir mão do estilo. Fabricado 100% em MDF, ele entrega uma estrutura firme, resistente e com acabamento impecável, elevando o padrão do seu quarto.<br>Com dimensões de 230 cm (A) x 175 cm (L) x 51 cm (P), o modelo conta com cabideiro em alumínio, maleiro interno para otimizar o espaço, duas gavetas com corrediças telescópicas, além de dobradiças com sistema slow motion, que garantem fechamento suave e sem impacto. Os puxadores em MDF na mesma cor do móvel reforçam a estética clean e moderna.<br>A pintura em acabamento U.V. oferece mais durabilidade e proteção, mantendo o guarda-roupa bonito por mais tempo. O Viena é uma peça completa, unindo beleza, resistência e praticidade no dia a dia.	https://moveismorante.com.br/produto/guarda-roupa-viena-100-mdf-4-portas-2-gavetas	https://pub-389127050a434f568c29dc66bdce2567.r2.dev/1786499617999-1786499617998.jpg	https://pub-389127050a434f568c29dc66bdce2567.r2.dev/1786499620659-1786499620659.jpg,https://pub-389127050a434f568c29dc66bdce2567.r2.dev/1786499623690-1786499623690.jpg,https://pub-389127050a434f568c29dc66bdce2567.r2.dev/1786499627117-1786499627117.jpg	in stock	Guarda-Roupa Viena 100% MDF – Design Moderno com Alta Durabilidade<br>O Guarda-Roupa Viena é a escolha ideal para quem busca funcionalidade sem abrir mão do estilo. Fabricado 100% em MDF, ele entrega uma estrutura firme, resistente e com acabamento impecável, elevando o padrão do seu quarto.<br>Com dimensões de 230 cm (A) x 175 cm (L) x 51 cm (P), o modelo conta com cabideiro em alumínio, maleiro interno para otimizar o espaço, duas gavetas com corrediças telescópicas, além de dobradiças com sistema slow motion, que garantem fechamento suave e sem impacto. Os puxadores em MDF na mesma cor do móvel reforçam a estética clean e moderna.<br>A pintura em acabamento U.V. oferece mais durabilidade e proteção, mantendo o guarda-roupa bonito por mais tempo. O Viena é uma peça completa, unindo beleza, resistência e praticidade no dia a dia.	1599.00 BRL		Móveis Morante	new		unisex				no	10	Furniture
mesa-de-cabeceira-aroma-1-gaveta-em-mdf-branco	Mesa de Cabeceira Aroma 1 Gaveta Em MDF	Esta mesa de cabeceira é perfeita para o seu quarto, acrescentando um toque moderno e funcionalidade. Com pés de madeira e uma gaveta, oferece um ótimo espaço para acomodar seus itens pessoais. Seu design contemporâneo adiciona charme e sofisticação ao ambiente.<br>Esta mesa de cabeceira da Fiorello é a escolha perfeita para complementar a decoração da sua casa :)<br>Características:<br>- 01 Gavetas<br>- Pintura UV<br>- Pés de madeira<br>Dimensões:<br>- Altura: 64cm<br>- Largura: 41cm<br>- Profundidade: 36cm	https://moveismorante.com.br/produto/mesa-de-cabeceira-aroma-1-gaveta-em-mdf?var=d231a1a9-98ad-42db-9b1c-6fcec7e63c8b	https://pub-389127050a434f568c29dc66bdce2567.r2.dev/1786540907461-1786540907458.jpg	https://pub-389127050a434f568c29dc66bdce2567.r2.dev/1786540914879-1786540914879.jpg	in stock	Esta mesa de cabeceira é perfeita para o seu quarto, acrescentando um toque moderno e funcionalidade. Com pés de madeira e uma gaveta, oferece um ótimo espaço para acomodar seus itens pessoais. Seu design contemporâneo adiciona charme e sofisticação ao ambiente.<br>Esta mesa de cabeceira da Fiorello é a escolha perfeita para complementar a decoração da sua casa :)<br>Características:<br>- 01 Gavetas<br>- Pintura UV<br>- Pés de madeira<br>Dimensões:<br>- Altura: 64cm<br>- Largura: 41cm<br>- Profundidade: 36cm	220.00 BRL		Móveis Morante	new	Branco	unisex				no	999	Furniture
mesa-de-cabeceira-aroma-1-gaveta-em-mdf-preto	Mesa de Cabeceira Aroma 1 Gaveta Em MDF	Esta mesa de cabeceira é perfeita para o seu quarto, acrescentando um toque moderno e funcionalidade. Com pés de madeira e uma gaveta, oferece um ótimo espaço para acomodar seus itens pessoais. Seu design contemporâneo adiciona charme e sofisticação ao ambiente.<br>Esta mesa de cabeceira da Fiorello é a escolha perfeita para complementar a decoração da sua casa :)<br>Características:<br>- 01 Gavetas<br>- Pintura UV<br>- Pés de madeira<br>Dimensões:<br>- Altura: 64cm<br>- Largura: 41cm<br>- Profundidade: 36cm	https://moveismorante.com.br/produto/mesa-de-cabeceira-aroma-1-gaveta-em-mdf?var=06716b7c-65c8-4550-9f26-5d0f9b378e6f	https://pub-389127050a434f568c29dc66bdce2567.r2.dev/1786540911369-1786540911369.jpg		in stock	Esta mesa de cabeceira é perfeita para o seu quarto, acrescentando um toque moderno e funcionalidade. Com pés de madeira e uma gaveta, oferece um ótimo espaço para acomodar seus itens pessoais. Seu design contemporâneo adiciona charme e sofisticação ao ambiente.<br>Esta mesa de cabeceira da Fiorello é a escolha perfeita para complementar a decoração da sua casa :)<br>Características:<br>- 01 Gavetas<br>- Pintura UV<br>- Pés de madeira<br>Dimensões:<br>- Altura: 64cm<br>- Largura: 41cm<br>- Profundidade: 36cm	220.00 BRL		Móveis Morante	new	Preto	unisex				no	999	Furniture
comoda-malta-4-gavetas-1-porta-branco	Cômoda Malta 4 Gavetas 1 Porta	Características do produto:<br>- Material Mdp 15mm<br>- Puxadores em Madeira Maciça<br>- 04 Gavetas Com Corrediças Metálicas<br>- Cômoda Com Sistema de Cor FLEX<br>- Pintura U.V. com Textura Touch<br>📏 Dimensões:<br>ALTURA<br>0,90;<br>LARGURA<br>0,89;<br>PROFUNDIDADE<br>0,40	https://moveismorante.com.br/produto/comoda-malta-4-gavetas-1-porta?var=8d93ccd8-585f-4958-aacd-403d99c23a3e	https://pub-389127050a434f568c29dc66bdce2567.r2.dev/1786500079891-1786500079891.jpg	https://pub-389127050a434f568c29dc66bdce2567.r2.dev/1786500083872-1786500083872.jpg,https://pub-389127050a434f568c29dc66bdce2567.r2.dev/1786500088793-1786500088793.jpg,https://pub-389127050a434f568c29dc66bdce2567.r2.dev/1786500100020-1786500100020.jpg	in stock	Características do produto:<br>- Material Mdp 15mm<br>- Puxadores em Madeira Maciça<br>- 04 Gavetas Com Corrediças Metálicas<br>- Cômoda Com Sistema de Cor FLEX<br>- Pintura U.V. com Textura Touch<br>📏 Dimensões:<br>ALTURA<br>0,90;<br>LARGURA<br>0,89;<br>PROFUNDIDADE<br>0,40	499.00 BRL		Móveis Morante	new	Branco	unisex				no	999	Furniture
comoda-malta-4-gavetas-1-porta-freijooffwhite	Cômoda Malta 4 Gavetas 1 Porta	Características do produto:<br>- Material Mdp 15mm<br>- Puxadores em Madeira Maciça<br>- 04 Gavetas Com Corrediças Metálicas<br>- Cômoda Com Sistema de Cor FLEX<br>- Pintura U.V. com Textura Touch<br>📏 Dimensões:<br>ALTURA<br>0,90;<br>LARGURA<br>0,89;<br>PROFUNDIDADE<br>0,40	https://moveismorante.com.br/produto/comoda-malta-4-gavetas-1-porta?var=d374e7b7-aa20-4ac8-8c65-7a6cea32e1ed	https://pub-389127050a434f568c29dc66bdce2567.r2.dev/1786500105938-1786500105937.jpg	https://pub-389127050a434f568c29dc66bdce2567.r2.dev/1786500109012-1786500109012.jpg,https://pub-389127050a434f568c29dc66bdce2567.r2.dev/1786500112280-1786500112280.jpg,https://pub-389127050a434f568c29dc66bdce2567.r2.dev/1786500115585-1786500115585.jpg,https://pub-389127050a434f568c29dc66bdce2567.r2.dev/1786500119567-1786500119567.jpg	in stock	Características do produto:<br>- Material Mdp 15mm<br>- Puxadores em Madeira Maciça<br>- 04 Gavetas Com Corrediças Metálicas<br>- Cômoda Com Sistema de Cor FLEX<br>- Pintura U.V. com Textura Touch<br>📏 Dimensões:<br>ALTURA<br>0,90;<br>LARGURA<br>0,89;<br>PROFUNDIDADE<br>0,40	499.00 BRL		Móveis Morante	new	Freijó/Off White	unisex				no	999	Furniture
comoda-malta-4-gavetas-1-porta-freijografite	Cômoda Malta 4 Gavetas 1 Porta	Características do produto:<br>- Material Mdp 15mm<br>- Puxadores em Madeira Maciça<br>- 04 Gavetas Com Corrediças Metálicas<br>- Cômoda Com Sistema de Cor FLEX<br>- Pintura U.V. com Textura Touch<br>📏 Dimensões:<br>ALTURA<br>0,90;<br>LARGURA<br>0,89;<br>PROFUNDIDADE<br>0,40	https://moveismorante.com.br/produto/comoda-malta-4-gavetas-1-porta?var=39a726e4-c75e-4350-81bb-8ef08c0c7516	https://pub-389127050a434f568c29dc66bdce2567.r2.dev/1786500128891-1786500128891.jpg	https://pub-389127050a434f568c29dc66bdce2567.r2.dev/1786500124937-1786500124937.jpg	in stock	Características do produto:<br>- Material Mdp 15mm<br>- Puxadores em Madeira Maciça<br>- 04 Gavetas Com Corrediças Metálicas<br>- Cômoda Com Sistema de Cor FLEX<br>- Pintura U.V. com Textura Touch<br>📏 Dimensões:<br>ALTURA<br>0,90;<br>LARGURA<br>0,89;<br>PROFUNDIDADE<br>0,40	499.00 BRL		Móveis Morante	new	Freijó/Grafite	unisex				no	999	Furniture
a69ec240-008f-407d-bb11-3f6cf021f123	Guarda Roupa Solteiro 6 Portas 2 Gavetas Sidney	O Guarda Roupa Solteiro 6 Portas 2 Gavetas Sidney Doripel é um produto compacto porém funcional para atender as necessidades diarias, oferece espaço para armazenar as roupa e acessórios com maior organização. O móvel é fabricado em MDP o que garante uma maior durabilidade ao produto.<br>Características:<br>6 Portas<br>2 Gavetas<br>Corrediças plásticas<br>Estrutura em MDP 12mm<br>Medidas prateleiras 44x33cm com 12mm de espessura<br>Puxadores PVC<br>Prateleira suporta 3kg cada<br>Dimensões:<br>Altura: 175 cm<br>Largura: 137 cm<br>Profundidade: 38 cm<br>Peso: 62,00 kg	https://moveismorante.com.br/produto/guarda-roupa-solteiro-6-portas-2-gavetas-sidney	https://pub-389127050a434f568c29dc66bdce2567.r2.dev/1785420623953-1785420623952.jpg	https://pub-389127050a434f568c29dc66bdce2567.r2.dev/1785420626375-1785420626374.jpg,https://pub-389127050a434f568c29dc66bdce2567.r2.dev/1785420627952-1785420627951.jpg,https://pub-389127050a434f568c29dc66bdce2567.r2.dev/1785420629458-1785420629457.jpg,https://pub-389127050a434f568c29dc66bdce2567.r2.dev/1786637015887-1786637015887.jpg,https://pub-389127050a434f568c29dc66bdce2567.r2.dev/1786637017597-1786637017597.jpg,https://pub-389127050a434f568c29dc66bdce2567.r2.dev/1786637019264-1786637019263.jpg,https://pub-389127050a434f568c29dc66bdce2567.r2.dev/1786637020560-1786637020560.jpg,https://pub-389127050a434f568c29dc66bdce2567.r2.dev/1786637021968-1786637021966.jpg	in stock	O Guarda Roupa Solteiro 6 Portas 2 Gavetas Sidney Doripel é um produto compacto porém funcional para atender as necessidades diarias, oferece espaço para armazenar as roupa e acessórios com maior organização. O móvel é fabricado em MDP o que garante uma maior durabilidade ao produto.<br>Características:<br>6 Portas<br>2 Gavetas<br>Corrediças plásticas<br>Estrutura em MDP 12mm<br>Medidas prateleiras 44x33cm com 12mm de espessura<br>Puxadores PVC<br>Prateleira suporta 3kg cada<br>Dimensões:<br>Altura: 175 cm<br>Largura: 137 cm<br>Profundidade: 38 cm<br>Peso: 62,00 kg	649.00 BRL	549.00 BRL	Móveis Morante	new		unisex				no	10	Furniture
guarda-roupa-florida-207-6-portas-2-gavetas-freijooffwhite	Guarda Roupa Florida 2,07 6 Portas 2 Gavetas	Roupeiro 6 Portas com 2 Gavetas - Elegância e Funcionalidade<br>Organize seu espaço com estilo e praticidade com este roupeiro de 6 portas, ideal para quartos que buscam aliar design moderno e alta funcionalidade. Fabricado em MDP de 15 mm, garante durabilidade e resistência, com um acabamento em pintura U.V. que proporciona maior proteção e um visual sofisticado.<br>Características Principais:<br>* 6 Portas espaçosas, perfeitas para otimizar o armazenamento de roupas e acessórios.<br>* 2 Gavetas com corrediças telescópicas, oferecendo abertura suave e maior capacidade de organização.<br>* Puxadores em MDF na mesma cor do roupeiro, conferindo um design harmonioso e elegante.<br>* Cabideiros em alumínio, resistentes e ideais para pendurar roupas com segurança.<br>* Divisórias internas em MDP de 15 mm, proporcionando organização eficiente para seus pertences.<br>Dimensões:<br>* Altura: 216 cm<br>* Largura: 207 cm<br>* Profundidade: 45 cm<br>* Peso: 134 kg<br>Com um design compacto e robusto, este roupeiro é a escolha perfeita para quem deseja maximizar o espaço sem abrir mão da estética. Ideal para quartos de diversos tamanhos, ele combina funcionalidade, resistência e um acabamento impecável para atender às suas necessidades de armazenamento com sofisticação.	https://moveismorante.com.br/produto/guarda-roupa-florida-207-6-portas-2-gavetas?var=12c2793a-bf59-42b3-9c96-092cef647ef1	https://pub-389127050a434f568c29dc66bdce2567.r2.dev/1786500888013-1786500888013.jpg	https://pub-389127050a434f568c29dc66bdce2567.r2.dev/1786500894090-1786500894090.jpg,https://pub-389127050a434f568c29dc66bdce2567.r2.dev/1786500900431-1786500900431.jpg	in stock	Roupeiro 6 Portas com 2 Gavetas - Elegância e Funcionalidade<br>Organize seu espaço com estilo e praticidade com este roupeiro de 6 portas, ideal para quartos que buscam aliar design moderno e alta funcionalidade. Fabricado em MDP de 15 mm, garante durabilidade e resistência, com um acabamento em pintura U.V. que proporciona maior proteção e um visual sofisticado.<br>Características Principais:<br>* 6 Portas espaçosas, perfeitas para otimizar o armazenamento de roupas e acessórios.<br>* 2 Gavetas com corrediças telescópicas, oferecendo abertura suave e maior capacidade de organização.<br>* Puxadores em MDF na mesma cor do roupeiro, conferindo um design harmonioso e elegante.<br>* Cabideiros em alumínio, resistentes e ideais para pendurar roupas com segurança.<br>* Divisórias internas em MDP de 15 mm, proporcionando organização eficiente para seus pertences.<br>Dimensões:<br>* Altura: 216 cm<br>* Largura: 207 cm<br>* Profundidade: 45 cm<br>* Peso: 134 kg<br>Com um design compacto e robusto, este roupeiro é a escolha perfeita para quem deseja maximizar o espaço sem abrir mão da estética. Ideal para quartos de diversos tamanhos, ele combina funcionalidade, resistência e um acabamento impecável para atender às suas necessidades de armazenamento com sofisticação.	1649.00 BRL		Móveis Morante	new	Freijó/Off White	unisex				no	999	Furniture
guarda-roupa-florida-207-6-portas-2-gavetas-freijografite	Guarda Roupa Florida 2,07 6 Portas 2 Gavetas	Roupeiro 6 Portas com 2 Gavetas - Elegância e Funcionalidade<br>Organize seu espaço com estilo e praticidade com este roupeiro de 6 portas, ideal para quartos que buscam aliar design moderno e alta funcionalidade. Fabricado em MDP de 15 mm, garante durabilidade e resistência, com um acabamento em pintura U.V. que proporciona maior proteção e um visual sofisticado.<br>Características Principais:<br>* 6 Portas espaçosas, perfeitas para otimizar o armazenamento de roupas e acessórios.<br>* 2 Gavetas com corrediças telescópicas, oferecendo abertura suave e maior capacidade de organização.<br>* Puxadores em MDF na mesma cor do roupeiro, conferindo um design harmonioso e elegante.<br>* Cabideiros em alumínio, resistentes e ideais para pendurar roupas com segurança.<br>* Divisórias internas em MDP de 15 mm, proporcionando organização eficiente para seus pertences.<br>Dimensões:<br>* Altura: 216 cm<br>* Largura: 207 cm<br>* Profundidade: 45 cm<br>* Peso: 134 kg<br>Com um design compacto e robusto, este roupeiro é a escolha perfeita para quem deseja maximizar o espaço sem abrir mão da estética. Ideal para quartos de diversos tamanhos, ele combina funcionalidade, resistência e um acabamento impecável para atender às suas necessidades de armazenamento com sofisticação.	https://moveismorante.com.br/produto/guarda-roupa-florida-207-6-portas-2-gavetas?var=8ae40fcd-b372-4a7d-af31-fd0c9984001d	https://pub-389127050a434f568c29dc66bdce2567.r2.dev/1786500890684-1786500890684.jpg	https://pub-389127050a434f568c29dc66bdce2567.r2.dev/1786500894090-1786500894090.jpg,https://pub-389127050a434f568c29dc66bdce2567.r2.dev/1786500896749-1786500896749.jpg	in stock	Roupeiro 6 Portas com 2 Gavetas - Elegância e Funcionalidade<br>Organize seu espaço com estilo e praticidade com este roupeiro de 6 portas, ideal para quartos que buscam aliar design moderno e alta funcionalidade. Fabricado em MDP de 15 mm, garante durabilidade e resistência, com um acabamento em pintura U.V. que proporciona maior proteção e um visual sofisticado.<br>Características Principais:<br>* 6 Portas espaçosas, perfeitas para otimizar o armazenamento de roupas e acessórios.<br>* 2 Gavetas com corrediças telescópicas, oferecendo abertura suave e maior capacidade de organização.<br>* Puxadores em MDF na mesma cor do roupeiro, conferindo um design harmonioso e elegante.<br>* Cabideiros em alumínio, resistentes e ideais para pendurar roupas com segurança.<br>* Divisórias internas em MDP de 15 mm, proporcionando organização eficiente para seus pertences.<br>Dimensões:<br>* Altura: 216 cm<br>* Largura: 207 cm<br>* Profundidade: 45 cm<br>* Peso: 134 kg<br>Com um design compacto e robusto, este roupeiro é a escolha perfeita para quem deseja maximizar o espaço sem abrir mão da estética. Ideal para quartos de diversos tamanhos, ele combina funcionalidade, resistência e um acabamento impecável para atender às suas necessidades de armazenamento com sofisticação.	1649.00 BRL		Móveis Morante	new	Freijó/Grafite	unisex				no	999	Furniture
3d2592b3-0b60-452f-bd0f-a1ee5643e597	Colchão Casal Mola Ensacada Ventti	Colchão Vennti de Molas Ensacadas e Espumas D20 e D28<br>Desfrute de um sono reparador com o Colchão Vennti de Molas Ensacadas, projetado para oferecer conforto superior e suporte excepcional. Com dimensões de 25 cm (altura) x 188 cm (comprimento) x 138 cm (largura), este colchão é ideal para quem busca qualidade, espaço e um descanso revigorante.<br>Características Principais:<br>- Molas Ensacadas Individuais: Proporcionam suporte personalizado, reduzindo a transferência de movimento e garantindo maior estabilidade e conforto, perfeito para casais.<br>- Espumas D20 e D28: Combinação de espumas de média densidade (D20) e alta densidade (D28), oferecendo o equilíbrio ideal entre maciez e firmeza, com excelente adaptação ao corpo.<br>- Suporte de Peso: Suporta até 120 kg por pessoa, assegurando durabilidade e resistência para uso prolongado.<br>- Altura de 25 cm: Estrutura robusta e elegante, compatível com diversos tipos de camas e estilos de quarto.<br>- Conforto e Qualidade: Revestimento em tecido de alta qualidade, com toque suave e acabamento respirável, promovendo ventilação e frescor durante o sono.<br>O Colchão Vennti de Molas Ensacadas com Espumas D20 e D28 é a escolha perfeita para quem valoriza tecnologia, conforto e suporte, proporcionando noites de sono tranquilas e revitalizantes. Adquira o seu e transforme seu descanso!	https://moveismorante.com.br/produto/colchao-casal-mola-ensacada-ventti	https://pub-389127050a434f568c29dc66bdce2567.r2.dev/1786501159528-1786501159528.jpg	https://pub-389127050a434f568c29dc66bdce2567.r2.dev/1786501166294-1786501166293.jpg,https://pub-389127050a434f568c29dc66bdce2567.r2.dev/1786501169273-1786501169273.jpg,https://pub-389127050a434f568c29dc66bdce2567.r2.dev/1786501172465-1786501172464.jpg,https://pub-389127050a434f568c29dc66bdce2567.r2.dev/1786501178041-1786501178041.jpg	in stock	Colchão Vennti de Molas Ensacadas e Espumas D20 e D28<br>Desfrute de um sono reparador com o Colchão Vennti de Molas Ensacadas, projetado para oferecer conforto superior e suporte excepcional. Com dimensões de 25 cm (altura) x 188 cm (comprimento) x 138 cm (largura), este colchão é ideal para quem busca qualidade, espaço e um descanso revigorante.<br>Características Principais:<br>- Molas Ensacadas Individuais: Proporcionam suporte personalizado, reduzindo a transferência de movimento e garantindo maior estabilidade e conforto, perfeito para casais.<br>- Espumas D20 e D28: Combinação de espumas de média densidade (D20) e alta densidade (D28), oferecendo o equilíbrio ideal entre maciez e firmeza, com excelente adaptação ao corpo.<br>- Suporte de Peso: Suporta até 120 kg por pessoa, assegurando durabilidade e resistência para uso prolongado.<br>- Altura de 25 cm: Estrutura robusta e elegante, compatível com diversos tipos de camas e estilos de quarto.<br>- Conforto e Qualidade: Revestimento em tecido de alta qualidade, com toque suave e acabamento respirável, promovendo ventilação e frescor durante o sono.<br>O Colchão Vennti de Molas Ensacadas com Espumas D20 e D28 é a escolha perfeita para quem valoriza tecnologia, conforto e suporte, proporcionando noites de sono tranquilas e revitalizantes. Adquira o seu e transforme seu descanso!	899.00 BRL		Móveis Morante	new		unisex				no	10	Furniture
6e31a4e5-0ce5-4af2-9dc6-19158494424f	Colchão Solteiro 88 com Mola Ensacada	Colchão Solteiro de Mola Ensacada com Lâminas de Espuma D65 e D20<br>Experimente o máximo em conforto e suporte com o Colchão Solteiro de Mola Ensacada, projetado para proporcionar noites de sono tranquilas e revigorantes. Com dimensões de 25 cm (altura) x 188 cm (comprimento) x 88 cm (largura), é a escolha perfeita para quem busca qualidade e praticidade em um colchão compacto.<br>Características Principais:<br>- Molas Ensacadas Individuais: Oferecem suporte personalizado, minimizando a transferência de movimento para um sono mais estável e confortável.<br>- Lâminas de Espuma D65 e D20: Combinação de espuma de alta densidade (D65) e média densidade (D20), garantindo o equilíbrio ideal entre firmeza e maciez, com excelente adaptação ao corpo.<br>- Suporte de Peso: Suporta até 120 kg por pessoa, assegurando durabilidade e resistência.<br>- Altura de 25 cm: Estrutura robusta e elegante, compatível com diversos tipos de camas e ambientes.<br>- Conforto e Durabilidade: Revestimento em tecido de alta qualidade, com toque suave e acabamento respirável, promovendo ventilação e frescor.<br>Ideal para quartos menores ou para quem valoriza um sono de qualidade, o Colchão Solteiro de Mola Ensacada combina tecnologia e conforto para transformar suas noites. Adquira o seu e desfrute de um descanso incomparável!	https://moveismorante.com.br/produto/colchao-solteiro-88-com-mola-ensacada	https://pub-389127050a434f568c29dc66bdce2567.r2.dev/1786538816993-1786538816993.jpg	https://pub-389127050a434f568c29dc66bdce2567.r2.dev/1786538819842-1786538819833.jpg,https://pub-389127050a434f568c29dc66bdce2567.r2.dev/1786538822398-1786538822398.jpg,https://pub-389127050a434f568c29dc66bdce2567.r2.dev/1786538825164-1786538825163.jpg,https://pub-389127050a434f568c29dc66bdce2567.r2.dev/1786538828386-1786538828386.jpg	in stock	Colchão Solteiro de Mola Ensacada com Lâminas de Espuma D65 e D20<br>Experimente o máximo em conforto e suporte com o Colchão Solteiro de Mola Ensacada, projetado para proporcionar noites de sono tranquilas e revigorantes. Com dimensões de 25 cm (altura) x 188 cm (comprimento) x 88 cm (largura), é a escolha perfeita para quem busca qualidade e praticidade em um colchão compacto.<br>Características Principais:<br>- Molas Ensacadas Individuais: Oferecem suporte personalizado, minimizando a transferência de movimento para um sono mais estável e confortável.<br>- Lâminas de Espuma D65 e D20: Combinação de espuma de alta densidade (D65) e média densidade (D20), garantindo o equilíbrio ideal entre firmeza e maciez, com excelente adaptação ao corpo.<br>- Suporte de Peso: Suporta até 120 kg por pessoa, assegurando durabilidade e resistência.<br>- Altura de 25 cm: Estrutura robusta e elegante, compatível com diversos tipos de camas e ambientes.<br>- Conforto e Durabilidade: Revestimento em tecido de alta qualidade, com toque suave e acabamento respirável, promovendo ventilação e frescor.<br>Ideal para quartos menores ou para quem valoriza um sono de qualidade, o Colchão Solteiro de Mola Ensacada combina tecnologia e conforto para transformar suas noites. Adquira o seu e desfrute de um descanso incomparável!	499.00 BRL		Móveis Morante	new		unisex				no	10	Furniture
34d2dc3e-c53e-40ad-a40d-d24ce03d3111	Colchão Casal de Espuma D20	O Colchão Nuvole Formspuma é a escolha ideal para quem busca conforto essencial aliado a um ótimo custo-benefício. Produzido com espuma de densidade nominal D20, oferece suporte adequado para o uso diário, garantindo noites de descanso mais agradáveis.<br>Revestido em tecido 100% poliéster, proporciona toque macio e boa durabilidade, além de facilitar a manutenção no dia a dia. Seu design simples e funcional se adapta perfeitamente a diferentes ambientes, sendo ideal para camas de casal.<br>Fabricado pela Formspuma, o modelo entrega qualidade confiável para quem procura praticidade sem abrir mão do conforto básico.<br>📏 Dimensões: 12 x 188 x 138 cm	https://moveismorante.com.br/produto/colchao-casal-de-espuma-d20	https://pub-389127050a434f568c29dc66bdce2567.r2.dev/1786539191219-1786539191218.jpg	https://pub-389127050a434f568c29dc66bdce2567.r2.dev/1786539193803-1786539193803.jpg,https://pub-389127050a434f568c29dc66bdce2567.r2.dev/1786539197809-1786539197809.jpg,https://pub-389127050a434f568c29dc66bdce2567.r2.dev/1786539200276-1786539200276.jpg	in stock	O Colchão Nuvole Formspuma é a escolha ideal para quem busca conforto essencial aliado a um ótimo custo-benefício. Produzido com espuma de densidade nominal D20, oferece suporte adequado para o uso diário, garantindo noites de descanso mais agradáveis.<br>Revestido em tecido 100% poliéster, proporciona toque macio e boa durabilidade, além de facilitar a manutenção no dia a dia. Seu design simples e funcional se adapta perfeitamente a diferentes ambientes, sendo ideal para camas de casal.<br>Fabricado pela Formspuma, o modelo entrega qualidade confiável para quem procura praticidade sem abrir mão do conforto básico.<br>📏 Dimensões: 12 x 188 x 138 cm	399.00 BRL	369.00 BRL	Móveis Morante	new		unisex				no	10	Furniture
balcao-3-portas-com-tampo-120-jk-branco	Balcão 3 Portas com Tampo 1,20 JK	Balcão 3 Portas para guardar mantimentos , 4 opções de cores, tampo preto, com prateleira, mdp 15mm, novo.<br>📏 Dimensões: L1,20m x P43cm x A82cm	https://moveismorante.com.br/produto/balcao-3-portas-com-tampo-120-jk?var=f931046e-25a6-4e1a-837e-0a2de1ba6005	https://pub-389127050a434f568c29dc66bdce2567.r2.dev/1786541074662-1786541074661.jpg	https://pub-389127050a434f568c29dc66bdce2567.r2.dev/1786541076850-1786541076850.jpg,https://pub-389127050a434f568c29dc66bdce2567.r2.dev/1786541113076-1786541113076.jpg	in stock	Balcão 3 Portas para guardar mantimentos , 4 opções de cores, tampo preto, com prateleira, mdp 15mm, novo.<br>📏 Dimensões: L1,20m x P43cm x A82cm	449.00 BRL	399.00 BRL	Móveis Morante	new	Branco	unisex				no	999	Furniture
balcao-3-portas-com-tampo-120-jk-brancopreto	Balcão 3 Portas com Tampo 1,20 JK	Balcão 3 Portas para guardar mantimentos , 4 opções de cores, tampo preto, com prateleira, mdp 15mm, novo.<br>📏 Dimensões: L1,20m x P43cm x A82cm	https://moveismorante.com.br/produto/balcao-3-portas-com-tampo-120-jk?var=8df129f1-2fbc-4f4e-86f2-1b62f239ead8	https://pub-389127050a434f568c29dc66bdce2567.r2.dev/1786541083833-1786541083832.jpg	https://pub-389127050a434f568c29dc66bdce2567.r2.dev/1786541092063-1786541092063.jpg,https://pub-389127050a434f568c29dc66bdce2567.r2.dev/1786541098704-1786541098704.jpg,https://pub-389127050a434f568c29dc66bdce2567.r2.dev/1786541113076-1786541113076.jpg	in stock	Balcão 3 Portas para guardar mantimentos , 4 opções de cores, tampo preto, com prateleira, mdp 15mm, novo.<br>📏 Dimensões: L1,20m x P43cm x A82cm	449.00 BRL	399.00 BRL	Móveis Morante	new	Branco/Preto	unisex				no	999	Furniture
cozinha-modulada-3-pecas-185m-darmovel-branco	Cozinha Modulada 3 Peças 1,85m Darmovel	A Darmovel Cozinha Modulada une praticidade, organização e um visual moderno para transformar seu ambiente. Composta por Armário Aéreo 3 Portas, Balcão para Pia POP e Armário Torre para Forno Gênova, é uma opção funcional para quem busca melhor aproveitamento do espaço no dia a dia.<br>O Armário Aéreo conta com 3 portas e estrutura em MDP 15mm, oferecendo resistência e ótimo espaço interno para armazenar utensílios, mantimentos e louças. Suas dobradiças metálicas proporcionam mais firmeza e durabilidade no uso diário.<br>O Balcão para Pia POP possui estrutura em MDP, dobradiças e corrediças metálicas, garantindo mais praticidade na abertura das portas e gavetas. Os pés em plástico facilitam a limpeza e ajudam na estabilidade do móvel, tornando o ambiente mais funcional e organizado.<br>Já o Armário Torre para Forno Gênova é ideal para acomodar forno elétrico ou micro-ondas, otimizando o espaço da cozinha e deixando tudo mais acessível. Produzido em MDP e equipado com dobradiças metálicas, oferece resistência e um acabamento moderno para compor o ambiente.<br>Dimensões do Armário Aéreo 3 Portas:<br>Largura: 120 cm<br>Profundidade: 32 cm<br>Altura: 55 cm<br>Dimensões do Balcão para Pia POP:<br>Largura: 120 cm<br>Profundidade: 51 cm<br>Altura: 81,5 cm<br>Dimensões do Armário Torre para Forno Gênova:<br>Altura: 210 cm<br>Largura: 61 cm<br>Profundidade: 50 cm<br>Uma cozinha modulada pensada para oferecer organização, funcionalidade e melhor aproveitamento do espaço, combinando com diferentes estilos de ambiente.	https://moveismorante.com.br/produto/cozinha-modulada-3-pecas-185m-darmovel?var=f88e251a-bb74-4ac9-9d7e-d7b176674f40	https://pub-389127050a434f568c29dc66bdce2567.r2.dev/1785262390658-1785262390657.jpg	https://pub-389127050a434f568c29dc66bdce2567.r2.dev/1785262392998-1785262392997.jpg,https://pub-389127050a434f568c29dc66bdce2567.r2.dev/1785262395807-1785262395806.jpg,https://pub-389127050a434f568c29dc66bdce2567.r2.dev/1785262398669-1785262398669.jpg	out of stock	A Darmovel Cozinha Modulada une praticidade, organização e um visual moderno para transformar seu ambiente. Composta por Armário Aéreo 3 Portas, Balcão para Pia POP e Armário Torre para Forno Gênova, é uma opção funcional para quem busca melhor aproveitamento do espaço no dia a dia.<br>O Armário Aéreo conta com 3 portas e estrutura em MDP 15mm, oferecendo resistência e ótimo espaço interno para armazenar utensílios, mantimentos e louças. Suas dobradiças metálicas proporcionam mais firmeza e durabilidade no uso diário.<br>O Balcão para Pia POP possui estrutura em MDP, dobradiças e corrediças metálicas, garantindo mais praticidade na abertura das portas e gavetas. Os pés em plástico facilitam a limpeza e ajudam na estabilidade do móvel, tornando o ambiente mais funcional e organizado.<br>Já o Armário Torre para Forno Gênova é ideal para acomodar forno elétrico ou micro-ondas, otimizando o espaço da cozinha e deixando tudo mais acessível. Produzido em MDP e equipado com dobradiças metálicas, oferece resistência e um acabamento moderno para compor o ambiente.<br>Dimensões do Armário Aéreo 3 Portas:<br>Largura: 120 cm<br>Profundidade: 32 cm<br>Altura: 55 cm<br>Dimensões do Balcão para Pia POP:<br>Largura: 120 cm<br>Profundidade: 51 cm<br>Altura: 81,5 cm<br>Dimensões do Armário Torre para Forno Gênova:<br>Altura: 210 cm<br>Largura: 61 cm<br>Profundidade: 50 cm<br>Uma cozinha modulada pensada para oferecer organização, funcionalidade e melhor aproveitamento do espaço, combinando com diferentes estilos de ambiente.	1247.00 BRL		Móveis Morante	new	Branco	unisex				no	0	Furniture
cozinha-modulada-3-pecas-185m-darmovel-freijomattareia	Cozinha Modulada 3 Peças 1,85m Darmovel	A Darmovel Cozinha Modulada une praticidade, organização e um visual moderno para transformar seu ambiente. Composta por Armário Aéreo 3 Portas, Balcão para Pia POP e Armário Torre para Forno Gênova, é uma opção funcional para quem busca melhor aproveitamento do espaço no dia a dia.<br>O Armário Aéreo conta com 3 portas e estrutura em MDP 15mm, oferecendo resistência e ótimo espaço interno para armazenar utensílios, mantimentos e louças. Suas dobradiças metálicas proporcionam mais firmeza e durabilidade no uso diário.<br>O Balcão para Pia POP possui estrutura em MDP, dobradiças e corrediças metálicas, garantindo mais praticidade na abertura das portas e gavetas. Os pés em plástico facilitam a limpeza e ajudam na estabilidade do móvel, tornando o ambiente mais funcional e organizado.<br>Já o Armário Torre para Forno Gênova é ideal para acomodar forno elétrico ou micro-ondas, otimizando o espaço da cozinha e deixando tudo mais acessível. Produzido em MDP e equipado com dobradiças metálicas, oferece resistência e um acabamento moderno para compor o ambiente.<br>Dimensões do Armário Aéreo 3 Portas:<br>Largura: 120 cm<br>Profundidade: 32 cm<br>Altura: 55 cm<br>Dimensões do Balcão para Pia POP:<br>Largura: 120 cm<br>Profundidade: 51 cm<br>Altura: 81,5 cm<br>Dimensões do Armário Torre para Forno Gênova:<br>Altura: 210 cm<br>Largura: 61 cm<br>Profundidade: 50 cm<br>Uma cozinha modulada pensada para oferecer organização, funcionalidade e melhor aproveitamento do espaço, combinando com diferentes estilos de ambiente.	https://moveismorante.com.br/produto/cozinha-modulada-3-pecas-185m-darmovel?var=aed375cc-c0b9-4a9e-b65f-0a136488e7af	https://pub-389127050a434f568c29dc66bdce2567.r2.dev/1785262401373-1785262401373.jpg	https://pub-389127050a434f568c29dc66bdce2567.r2.dev/1785262405448-1785262405446.jpg,https://pub-389127050a434f568c29dc66bdce2567.r2.dev/1785262408571-1785262408569.jpg,https://pub-389127050a434f568c29dc66bdce2567.r2.dev/1785262411166-1785262411165.jpg	out of stock	A Darmovel Cozinha Modulada une praticidade, organização e um visual moderno para transformar seu ambiente. Composta por Armário Aéreo 3 Portas, Balcão para Pia POP e Armário Torre para Forno Gênova, é uma opção funcional para quem busca melhor aproveitamento do espaço no dia a dia.<br>O Armário Aéreo conta com 3 portas e estrutura em MDP 15mm, oferecendo resistência e ótimo espaço interno para armazenar utensílios, mantimentos e louças. Suas dobradiças metálicas proporcionam mais firmeza e durabilidade no uso diário.<br>O Balcão para Pia POP possui estrutura em MDP, dobradiças e corrediças metálicas, garantindo mais praticidade na abertura das portas e gavetas. Os pés em plástico facilitam a limpeza e ajudam na estabilidade do móvel, tornando o ambiente mais funcional e organizado.<br>Já o Armário Torre para Forno Gênova é ideal para acomodar forno elétrico ou micro-ondas, otimizando o espaço da cozinha e deixando tudo mais acessível. Produzido em MDP e equipado com dobradiças metálicas, oferece resistência e um acabamento moderno para compor o ambiente.<br>Dimensões do Armário Aéreo 3 Portas:<br>Largura: 120 cm<br>Profundidade: 32 cm<br>Altura: 55 cm<br>Dimensões do Balcão para Pia POP:<br>Largura: 120 cm<br>Profundidade: 51 cm<br>Altura: 81,5 cm<br>Dimensões do Armário Torre para Forno Gênova:<br>Altura: 210 cm<br>Largura: 61 cm<br>Profundidade: 50 cm<br>Uma cozinha modulada pensada para oferecer organização, funcionalidade e melhor aproveitamento do espaço, combinando com diferentes estilos de ambiente.	1247.00 BRL		Móveis Morante	new	Freijó Matt/Areia	unisex				no	0	Furniture
db335147-4f73-4fcf-9ad6-510f5413dc60	Armário Torre Quente para Fornos 100% MDF Nesher Princesa	O Paneleiro Nesher Princesa tem design contemporâneo, robusto e é muito prático. É uma opção para compor sua cozinha modulada. Inspirada em cozinhas planejadas, está disponível em módulos, permitindo composições variadas, projetos exclusivos, conforme o espaço e o gosto do consumidor.<br>Características:<br>Estrutura MDF<br>2 Portas<br>1 Gaveta<br>Corrediças telescópicas<br>3 Nichos<br>Dimensões:<br>Altura: 221 cm<br>Largura: 70 cm<br>Profundidade: 52 cm<br>Peso: 68,5 kg	https://moveismorante.com.br/produto/armario-torre-quente-para-fornos-100-mdf-nesher-princesa	https://pub-389127050a434f568c29dc66bdce2567.r2.dev/1786639197003-1786639197000.jpg	https://pub-389127050a434f568c29dc66bdce2567.r2.dev/1786639199391-1786639199390.jpg,https://pub-389127050a434f568c29dc66bdce2567.r2.dev/1786639200512-1786639200512.jpg,https://pub-389127050a434f568c29dc66bdce2567.r2.dev/1786639201690-1786639201690.jpg,https://pub-389127050a434f568c29dc66bdce2567.r2.dev/1786639204806-1786639204805.jpg,https://pub-389127050a434f568c29dc66bdce2567.r2.dev/1786639206580-1786639206579.jpg	in stock	O Paneleiro Nesher Princesa tem design contemporâneo, robusto e é muito prático. É uma opção para compor sua cozinha modulada. Inspirada em cozinhas planejadas, está disponível em módulos, permitindo composições variadas, projetos exclusivos, conforme o espaço e o gosto do consumidor.<br>Características:<br>Estrutura MDF<br>2 Portas<br>1 Gaveta<br>Corrediças telescópicas<br>3 Nichos<br>Dimensões:<br>Altura: 221 cm<br>Largura: 70 cm<br>Profundidade: 52 cm<br>Peso: 68,5 kg	1149.00 BRL	949.00 BRL	Móveis Morante	new		unisex				no	10	Furniture